지역명,자치구명,지역종류,위도,경도,건물용도,거래유형,거래건수,신뢰등급,출처,매매가,매매가_25,매매가_75,보증금,보증금_25,보증금_75,월임대료,면적_중앙값,면적_25,면적_75,㎡당_중앙값
개포1동,강남구,행정동,37.4832950845061,127.0557707609234,단독다가구,매매,34,높음,자치구,412500.0,316250.0,698750.0,,,,,287.1,246.8,395.0,1338.424
개포1동,강남구,행정동,37.4832950845061,127.0557707609234,아파트,매매,20,보통,해당지역,302500.0,278750.0,365250.0,,,,,107.6,104.4,128.6,2751.695
개포1동,강남구,행정동,37.4832950845061,127.0557707609234,연립다세대,매매,123,높음,법정동,65000.0,52500.0,79850.0,,,,,43.7,36.1,55.2,1529.592
개포1동,강남구,행정동,37.4832950845061,127.0557707609234,오피스텔,매매,19,보통,법정동,21800.0,21300.0,23750.0,,,,,32.4,31.9,32.4,673.686
개포1동,강남구,행정동,37.4832950845061,127.0557707609234,단독다가구,월세,127,높음,법정동,,,,2000.0,,,60.0,38.0,26.4,46.9,
개포1동,강남구,행정동,37.4832950845061,127.0557707609234,아파트,월세,49,높음,해당지역,,,,60000.0,,,160.0,108.1,104.4,123.3,
개포1동,강남구,행정동,37.4832950845061,127.0557707609234,연립다세대,월세,276,높음,법정동,,,,10000.0,,,55.0,38.8,28.2,49.4,
개포1동,강남구,행정동,37.4832950845061,127.0557707609234,오피스텔,월세,92,높음,법정동,,,,1000.0,,,85.0,32.4,31.9,32.4,
개포1동,강남구,행정동,37.4832950845061,127.0557707609234,단독다가구,전세,38,높음,법정동,,,,19000.0,14000.0,29225.0,,40.6,33.5,54.8,427.122
개포1동,강남구,행정동,37.4832950845061,127.0557707609234,아파트,전세,55,높음,해당지역,,,,120000.0,97500.0,130600.0,,123.3,105.8,155.1,816.358
개포1동,강남구,행정동,37.4832950845061,127.0557707609234,연립다세대,전세,245,높음,법정동,,,,32500.0,26500.0,40000.0,,43.1,29.9,55.2,720.165
개포1동,강남구,행정동,37.4832950845061,127.0557707609234,오피스텔,전세,33,높음,법정동,,,,20000.0,19000.0,27500.0,,32.4,31.9,37.0,653.753
개포2동,강남구,행정동,37.486121498593356,127.06997264603253,단독다가구,매매,34,높음,자치구,412500.0,316250.0,698750.0,,,,,287.1,246.8,395.0,1338.424
개포2동,강남구,행정동,37.486121498593356,127.06997264603253,아파트,매매,132,높음,해당지역,350000.0,301750.0,386125.0,,,,,84.6,60.0,84.9,4400.193
개포2동,강남구,행정동,37.486121498593356,127.06997264603253,연립다세대,매매,123,높음,법정동,65000.0,52500.0,79850.0,,,,,43.7,36.1,55.2,1529.592
개포2동,강남구,행정동,37.486121498593356,127.06997264603253,오피스텔,매매,19,보통,법정동,21800.0,21300.0,23750.0,,,,,32.4,31.9,32.4,673.686
개포2동,강남구,행정동,37.486121498593356,127.06997264603253,단독다가구,월세,127,높음,법정동,,,,2000.0,,,60.0,38.0,26.4,46.9,
개포2동,강남구,행정동,37.486121498593356,127.06997264603253,아파트,월세,536,높음,해당지역,,,,30000.0,,,140.0,60.0,49.9,84.6,
개포2동,강남구,행정동,37.486121498593356,127.06997264603253,연립다세대,월세,27,보통,해당지역,,,,9000.0,,,62.0,44.6,31.9,65.9,
개포2동,강남구,행정동,37.486121498593356,127.06997264603253,오피스텔,월세,92,높음,법정동,,,,1000.0,,,85.0,32.4,31.9,32.4,
개포2동,강남구,행정동,37.486121498593356,127.06997264603253,단독다가구,전세,38,높음,법정동,,,,19000.0,14000.0,29225.0,,40.6,33.5,54.8,427.122
개포2동,강남구,행정동,37.486121498593356,127.06997264603253,아파트,전세,377,높음,해당지역,,,,120000.0,56175.0,150000.0,,79.6,60.0,84.8,1654.182
개포2동,강남구,행정동,37.486121498593356,127.06997264603253,연립다세대,전세,28,보통,해당지역,,,,30500.0,23000.0,39250.0,,35.1,29.5,47.0,751.013
개포2동,강남구,행정동,37.486121498593356,127.06997264603253,오피스텔,전세,33,높음,법정동,,,,20000.0,19000.0,27500.0,,32.4,31.9,37.0,653.753
개포3동,강남구,행정동,37.493501330695956,127.07669991296372,단독다가구,매매,34,높음,자치구,412500.0,316250.0,698750.0,,,,,287.1,246.8,395.0,1338.424
개포3동,강남구,행정동,37.493501330695956,127.07669991296372,아파트,매매,92,높음,해당지역,184500.0,165875.0,220250.0,,,,,39.5,39.5,53.3,4332.153
개포3동,강남구,행정동,37.493501330695956,127.07669991296372,연립다세대,매매,123,높음,법정동,65000.0,52500.0,79850.0,,,,,43.7,36.1,55.2,1529.592
개포3동,강남구,행정동,37.493501330695956,127.07669991296372,오피스텔,매매,18,보통,해당지역,21800.0,21250.0,23400.0,,,,,32.4,31.9,32.4,672.837
개포3동,강남구,행정동,37.493501330695956,127.07669991296372,단독다가구,월세,127,높음,법정동,,,,2000.0,,,60.0,38.0,26.4,46.9,
개포3동,강남구,행정동,37.493501330695956,127.07669991296372,아파트,월세,218,높음,해당지역,,,,16000.0,,,139.0,49.9,39.5,60.0,
개포3동,강남구,행정동,37.493501330695956,127.07669991296372,연립다세대,월세,276,높음,법정동,,,,10000.0,,,55.0,38.8,28.2,49.4,
개포3동,강남구,행정동,37.493501330695956,127.07669991296372,오피스텔,월세,76,높음,해당지역,,,,1000.0,,,85.0,32.4,31.9,32.4,
개포3동,강남구,행정동,37.493501330695956,127.07669991296372,단독다가구,전세,38,높음,법정동,,,,19000.0,14000.0,29225.0,,40.6,33.5,54.8,427.122
개포3동,강남구,행정동,37.493501330695956,127.07669991296372,아파트,전세,308,높음,해당지역,,,,51000.0,40000.0,68000.0,,49.9,39.5,60.0,1114.051
개포3동,강남구,행정동,37.493501330695956,127.07669991296372,연립다세대,전세,245,높음,법정동,,,,32500.0,26500.0,40000.0,,43.1,29.9,55.2,720.165
개포3동,강남구,행정동,37.493501330695956,127.07669991296372,오피스텔,전세,18,보통,해당지역,,,,19650.0,19000.0,20000.0,,32.4,31.9,32.4,598.267
개포4동,강남구,행정동,37.47760487810615,127.05090294201617,단독다가구,매매,34,높음,자치구,412500.0,316250.0,698750.0,,,,,287.1,246.8,395.0,1338.424
개포4동,강남구,행정동,37.47760487810615,127.05090294201617,아파트,매매,58,높음,해당지역,285500.0,260125.0,325000.0,,,,,74.7,59.9,84.9,3837.538
개포4동,강남구,행정동,37.47760487810615,127.05090294201617,연립다세대,매매,115,높음,해당지역,65000.0,52250.0,79350.0,,,,,43.7,35.8,55.1,1529.592
개포4동,강남구,행정동,37.47760487810615,127.05090294201617,오피스텔,매매,19,보통,법정동,21800.0,21300.0,23750.0,,,,,32.4,31.9,32.4,673.686
개포4동,강남구,행정동,37.47760487810615,127.05090294201617,단독다가구,월세,127,높음,법정동,,,,2000.0,,,60.0,38.0,26.4,46.9,
개포4동,강남구,행정동,37.47760487810615,127.05090294201617,아파트,월세,135,높음,해당지역,,,,50000.0,,,200.0,74.7,59.9,84.9,
개포4동,강남구,행정동,37.47760487810615,127.05090294201617,연립다세대,월세,241,높음,해당지역,,,,12000.0,,,55.0,38.3,27.7,48.8,
개포4동,강남구,행정동,37.47760487810615,127.05090294201617,오피스텔,월세,92,높음,법정동,,,,1000.0,,,85.0,32.4,31.9,32.4,
개포4동,강남구,행정동,37.47760487810615,127.05090294201617,단독다가구,전세,38,높음,법정동,,,,19000.0,14000.0,29225.0,,40.6,33.5,54.8,427.122
개포4동,강남구,행정동,37.47760487810615,127.05090294201617,아파트,전세,120,높음,해당지역,,,,111500.0,83500.0,130312.5,,82.8,65.4,84.9,1508.367
개포4동,강남구,행정동,37.47760487810615,127.05090294201617,연립다세대,전세,214,높음,해당지역,,,,32940.0,27515.0,40000.0,,43.6,29.9,55.2,720.526
개포4동,강남구,행정동,37.47760487810615,127.05090294201617,오피스텔,전세,33,높음,법정동,,,,20000.0,19000.0,27500.0,,32.4,31.9,37.0,653.753
논현1동,강남구,행정동,37.51004014272432,127.02743775450867,단독다가구,매매,34,높음,자치구,412500.0,316250.0,698750.0,,,,,287.1,246.8,395.0,1338.424
논현1동,강남구,행정동,37.51004014272432,127.02743775450867,아파트,매매,44,높음,해당지역,126000.0,100000.0,139000.0,,,,,36.3,35.7,70.2,2203.947
논현1동,강남구,행정동,37.51004014272432,127.02743775450867,연립다세대,매매,150,높음,해당지역,38350.0,27125.0,50000.0,,,,,27.5,19.4,37.2,1319.383
논현1동,강남구,행정동,37.51004014272432,127.02743775450867,오피스텔,매매,21,보통,해당지역,23000.0,21500.0,32000.0,,,,,32.8,26.9,40.6,760.194
논현1동,강남구,행정동,37.51004014272432,127.02743775450867,단독다가구,월세,773,높음,법정동,,,,1000.0,,,76.0,33.1,27.0,45.0,
논현1동,강남구,행정동,37.51004014272432,127.02743775450867,아파트,월세,179,높음,해당지역,,,,7266.0,,,77.0,21.6,14.7,39.0,
논현1동,강남구,행정동,37.51004014272432,127.02743775450867,연립다세대,월세,360,높음,해당지역,,,,2000.0,,,79.5,28.2,23.5,36.0,
논현1동,강남구,행정동,37.51004014272432,127.02743775450867,오피스텔,월세,23,보통,해당지역,,,,1000.0,,,145.0,34.7,22.9,42.8,
논현1동,강남구,행정동,37.51004014272432,127.02743775450867,단독다가구,전세,101,높음,법정동,,,,18000.0,12600.0,28000.0,,40.0,28.0,58.6,476.19
논현1동,강남구,행정동,37.51004014272432,127.02743775450867,아파트,전세,51,높음,해당지역,,,,45000.0,40200.0,82000.0,,39.0,35.7,84.5,1005.679
논현1동,강남구,행정동,37.51004014272432,127.02743775450867,연립다세대,전세,161,높음,해당지역,,,,25500.0,17000.0,32000.0,,28.3,23.1,44.4,828.864
논현1동,강남구,행정동,37.51004014272432,127.02743775450867,오피스텔,전세,20,보통,법정동,,,,34100.0,24475.0,52500.0,,27.6,22.4,45.1,1067.409
논현2동,강남구,행정동,37.514099433146654,127.0370191219144,단독다가구,매매,34,높음,자치구,412500.0,316250.0,698750.0,,,,,287.1,246.8,395.0,1338.424
논현2동,강남구,행정동,37.514099433146654,127.0370191219144,아파트,매매,55,높음,해당지역,155000.0,128000.0,246000.0,,,,,84.9,73.1,111.9,2173.401
논현2동,강남구,행정동,37.514099433146654,127.0370191219144,연립다세대,매매,33,높음,해당지역,40500.0,33000.0,54200.0,,,,,29.8,23.6,44.8,1376.462
논현2동,강남구,행정동,37.514099433146654,127.0370191219144,오피스텔,매매,19,보통,해당지역,42000.0,35500.0,105000.0,,,,,39.2,27.6,53.6,1358.45
논현2동,강남구,행정동,37.514099433146654,127.0370191219144,단독다가구,월세,773,높음,법정동,,,,1000.0,,,76.0,33.1,27.0,45.0,
논현2동,강남구,행정동,37.514099433146654,127.0370191219144,아파트,월세,179,높음,해당지역,,,,10000.0,,,200.0,48.0,26.2,84.9,
논현2동,강남구,행정동,37.514099433146654,127.0370191219144,연립다세대,월세,209,높음,해당지역,,,,5000.0,,,83.0,33.4,26.9,57.8,
논현2동,강남구,행정동,37.514099433146654,127.0370191219144,오피스텔,월세,30,높음,해당지역,,,,2000.0,,,167.5,30.6,27.6,38.4,
논현2동,강남구,행정동,37.514099433146654,127.0370191219144,단독다가구,전세,101,높음,법정동,,,,18000.0,12600.0,28000.0,,40.0,28.0,58.6,476.19
논현2동,강남구,행정동,37.514099433146654,127.0370191219144,아파트,전세,148,높음,해당지역,,,,70500.0,63000.0,90000.0,,83.6,43.4,84.9,1195.073
논현2동,강남구,행정동,37.514099433146654,127.0370191219144,연립다세대,전세,109,높음,해당지역,,,,32000.0,25000.0,42240.0,,35.4,27.5,61.4,840.611
논현2동,강남구,행정동,37.514099433146654,127.0370191219144,오피스텔,전세,15,보통,해당지역,,,,38000.0,26850.0,62500.0,,34.1,27.1,58.3,976.964
대치1동,강남구,행정동,37.49423224979712,127.05804881415179,단독다가구,매매,34,높음,자치구,412500.0,316250.0,698750.0,,,,,287.1,246.8,395.0,1338.424
대치1동,강남구,행정동,37.49423224979712,127.05804881415179,아파트,매매,78,높음,해당지역,448000.0,390000.0,546000.0,,,,,114.2,85.0,145.8,4103.214
대치1동,강남구,행정동,37.49423224979712,127.05804881415179,연립다세대,매매,48,높음,법정동,90000.0,55000.0,105125.0,,,,,53.8,42.2,61.7,1588.211
대치1동,강남구,행정동,37.49423224979712,127.05804881415179,오피스텔,매매,69,높음,법정동,29800.0,23000.0,39000.0,,,,,32.0,26.4,38.6,877.193
대치1동,강남구,행정동,37.49423224979712,127.05804881415179,단독다가구,월세,393,높음,법정동,,,,2000.0,,,70.0,35.0,27.0,49.5,
대치1동,강남구,행정동,37.49423224979712,127.05804881415179,아파트,월세,233,높음,해당지역,,,,90000.0,,,260.0,94.5,84.8,121.1,
대치1동,강남구,행정동,37.49423224979712,127.05804881415179,연립다세대,월세,475,높음,법정동,,,,5000.0,,,69.0,33.1,26.5,49.0,
대치1동,강남구,행정동,37.49423224979712,127.05804881415179,오피스텔,월세,13,보통,해당지역,,,,2000.0,,,160.0,30.2,20.8,30.2,
대치1동,강남구,행정동,37.49423224979712,127.05804881415179,단독다가구,전세,65,높음,법정동,,,,23700.0,15000.0,33000.0,,49.0,39.0,58.4,500.0
대치1동,강남구,행정동,37.49423224979712,127.05804881415179,아파트,전세,252,높음,해당지역,,,,157500.0,130000.0,199500.0,,94.5,84.7,121.7,1587.727
대치1동,강남구,행정동,37.49423224979712,127.05804881415179,연립다세대,전세,197,높음,법정동,,,,32000.0,21000.0,47000.0,,45.2,30.4,59.3,735.054
대치1동,강남구,행정동,37.49423224979712,127.05804881415179,오피스텔,전세,56,높음,법정동,,,,25600.0,20187.5,29850.0,,23.3,22.2,32.0,1122.3
대치2동,강남구,행정동,37.499498668219715,127.06461091111048,단독다가구,매매,34,높음,자치구,412500.0,316250.0,698750.0,,,,,287.1,246.8,395.0,1338.424
대치2동,강남구,행정동,37.499498668219715,127.06461091111048,아파트,매매,92,높음,해당지역,365000.0,321875.0,401000.0,,,,,84.6,84.3,115.2,4052.751
대치2동,강남구,행정동,37.499498668219715,127.06461091111048,연립다세대,매매,10,보통,해당지역,143655.0,112000.0,173432.8,,,,,61.4,59.6,69.1,2183.21
대치2동,강남구,행정동,37.499498668219715,127.06461091111048,오피스텔,매매,26,보통,해당지역,32000.0,25125.0,36875.0,,,,,24.3,22.2,30.1,1314.425
대치2동,강남구,행정동,37.499498668219715,127.06461091111048,단독다가구,월세,393,높음,법정동,,,,2000.0,,,70.0,35.0,27.0,49.5,
대치2동,강남구,행정동,37.499498668219715,127.06461091111048,아파트,월세,412,높음,해당지역,,,,40000.0,,,158.0,84.4,76.8,84.9,
대치2동,강남구,행정동,37.499498668219715,127.06461091111048,연립다세대,월세,67,높음,해당지역,,,,7000.0,,,65.0,41.1,24.8,60.4,
대치2동,강남구,행정동,37.499498668219715,127.06461091111048,오피스텔,월세,45,높음,해당지역,,,,1000.0,,,110.0,22.4,21.5,27.4,
대치2동,강남구,행정동,37.499498668219715,127.06461091111048,단독다가구,전세,65,높음,법정동,,,,23700.0,15000.0,33000.0,,49.0,39.0,58.4,500.0
대치2동,강남구,행정동,37.499498668219715,127.06461091111048,아파트,전세,436,높음,해당지역,,,,83000.0,70778.8,110750.0,,84.4,76.8,93.1,976.69
대치2동,강남구,행정동,37.499498668219715,127.06461091111048,연립다세대,전세,43,높음,해당지역,,,,31500.0,23375.0,45500.0,,59.4,36.2,71.4,700.365
대치2동,강남구,행정동,37.499498668219715,127.06461091111048,오피스텔,전세,27,보통,해당지역,,,,28000.0,20500.0,29000.0,,22.4,21.8,22.4,1262.399
대치4동,강남구,행정동,37.50206034617482,127.0549397927638,단독다가구,매매,34,높음,자치구,412500.0,316250.0,698750.0,,,,,287.1,246.8,395.0,1338.424
대치4동,강남구,행정동,37.50206034617482,127.0549397927638,아파트,매매,35,높음,해당지역,35000.0,29500.0,166250.0,,,,,35.8,34.2,84.9,1057.082
대치4동,강남구,행정동,37.50206034617482,127.0549397927638,연립다세대,매매,37,높음,해당지역,65000.0,49500.0,94500.0,,,,,51.0,29.8,57.1,1406.303
대치4동,강남구,행정동,37.50206034617482,127.0549397927638,오피스텔,매매,43,높음,해당지역,29800.0,22500.0,40500.0,,,,,35.7,32.0,44.5,834.734
대치4동,강남구,행정동,37.50206034617482,127.0549397927638,단독다가구,월세,393,높음,법정동,,,,2000.0,,,70.0,35.0,27.0,49.5,
대치4동,강남구,행정동,37.50206034617482,127.0549397927638,아파트,월세,123,높음,해당지역,,,,3000.0,,,105.0,35.5,33.1,65.2,
대치4동,강남구,행정동,37.50206034617482,127.0549397927638,연립다세대,월세,407,높음,해당지역,,,,4000.0,,,70.0,32.4,26.7,46.6,
대치4동,강남구,행정동,37.50206034617482,127.0549397927638,오피스텔,월세,60,높음,해당지역,,,,2000.0,,,84.5,32.0,18.4,34.2,
대치4동,강남구,행정동,37.50206034617482,127.0549397927638,단독다가구,전세,65,높음,법정동,,,,23700.0,15000.0,33000.0,,49.0,39.0,58.4,500.0
대치4동,강남구,행정동,37.50206034617482,127.0549397927638,아파트,전세,88,높음,해당지역,,,,55000.0,31500.0,88250.0,,59.9,35.4,84.9,929.316
대치4동,강남구,행정동,37.50206034617482,127.0549397927638,연립다세대,전세,151,높음,해당지역,,,,31900.0,19000.0,46650.0,,43.4,29.1,55.4,749.239
대치4동,강남구,행정동,37.50206034617482,127.0549397927638,오피스텔,전세,28,보통,해당지역,,,,23200.0,20187.5,35000.0,,32.0,25.1,34.7,746.923
도곡1동,강남구,행정동,37.488197492902465,127.03894979688286,단독다가구,매매,34,높음,자치구,412500.0,316250.0,698750.0,,,,,287.1,246.8,395.0,1338.424
도곡1동,강남구,행정동,37.488197492902465,127.03894979688286,아파트,매매,77,높음,해당지역,235000.0,114500.0,262000.0,,,,,85.0,67.5,124.1,1836.345
도곡1동,강남구,행정동,37.488197492902465,127.03894979688286,연립다세대,매매,12,보통,법정동,56400.0,41275.0,90000.0,,,,,32.5,28.5,66.4,1340.995
도곡1동,강남구,행정동,37.488197492902465,127.03894979688286,오피스텔,매매,27,보통,법정동,52000.0,42050.0,64500.0,,,,,45.9,43.6,59.7,1088.613
도곡1동,강남구,행정동,37.488197492902465,127.03894979688286,단독다가구,월세,108,높음,법정동,,,,1500.0,,,60.5,29.3,26.0,38.5,
도곡1동,강남구,행정동,37.488197492902465,127.03894979688286,아파트,월세,234,높음,해당지역,,,,30000.0,,,120.0,84.7,33.8,85.0,
도곡1동,강남구,행정동,37.488197492902465,127.03894979688286,연립다세대,월세,86,높음,해당지역,,,,4382.5,,,61.0,25.6,15.3,35.4,
도곡1동,강남구,행정동,37.488197492902465,127.03894979688286,오피스텔,월세,27,보통,법정동,,,,20000.0,,,280.0,88.4,58.6,159.1,
도곡1동,강남구,행정동,37.488197492902465,127.03894979688286,단독다가구,전세,24,보통,법정동,,,,21500.0,14500.0,30250.0,,43.6,33.0,65.3,471.689
도곡1동,강남구,행정동,37.488197492902465,127.03894979688286,아파트,전세,209,높음,해당지역,,,,85000.0,71400.0,104000.0,,84.9,74.9,85.0,1008.539
도곡1동,강남구,행정동,37.488197492902465,127.03894979688286,연립다세대,전세,26,보통,해당지역,,,,23650.0,22000.0,32750.0,,30.3,24.2,44.1,743.505
도곡1동,강남구,행정동,37.488197492902465,127.03894979688286,오피스텔,전세,22,보통,법정동,,,,87500.0,27375.0,127687.5,,69.9,36.2,119.9,954.308
도곡2동,강남구,행정동,37.49003060954952,127.05074721999544,단독다가구,매매,34,높음,자치구,412500.0,316250.0,698750.0,,,,,287.1,246.8,395.0,1338.424
도곡2동,강남구,행정동,37.49003060954952,127.05074721999544,아파트,매매,118,높음,해당지역,342500.0,278500.0,411375.0,,,,,115.0,60.0,130.5,3399.76
도곡2동,강남구,행정동,37.49003060954952,127.05074721999544,연립다세대,매매,12,보통,법정동,56400.0,41275.0,90000.0,,,,,32.5,28.5,66.4,1340.995
도곡2동,강남구,행정동,37.49003060954952,127.05074721999544,오피스텔,매매,21,보통,해당지역,49000.0,32000.0,57000.0,,,,,45.9,41.1,47.0,1052.447
도곡2동,강남구,행정동,37.49003060954952,127.05074721999544,단독다가구,월세,108,높음,법정동,,,,1500.0,,,60.5,29.3,26.0,38.5,
도곡2동,강남구,행정동,37.49003060954952,127.05074721999544,아파트,월세,327,높음,해당지역,,,,60000.0,,,260.0,85.0,60.0,122.8,
도곡2동,강남구,행정동,37.49003060954952,127.05074721999544,연립다세대,월세,40,높음,해당지역,,,,1000.0,,,70.0,20.9,16.8,39.7,
도곡2동,강남구,행정동,37.49003060954952,127.05074721999544,오피스텔,월세,26,보통,해당지역,,,,25000.0,,,270.0,84.1,57.8,159.1,
도곡2동,강남구,행정동,37.49003060954952,127.05074721999544,단독다가구,전세,24,보통,법정동,,,,21500.0,14500.0,30250.0,,43.6,33.0,65.3,471.689
도곡2동,강남구,행정동,37.49003060954952,127.05074721999544,아파트,전세,287,높음,해당지역,,,,147000.0,102925.0,184375.0,,85.0,70.9,124.6,1531.165
도곡2동,강남구,행정동,37.49003060954952,127.05074721999544,연립다세대,전세,13,보통,해당지역,,,,36000.0,16000.0,50400.0,,39.6,18.1,81.9,782.014
도곡2동,강남구,행정동,37.49003060954952,127.05074721999544,오피스텔,전세,18,보통,해당지역,,,,45000.0,26250.0,114250.0,,49.0,35.2,87.1,941.814
삼성1동,강남구,행정동,37.515588600959006,127.05926404467228,단독다가구,매매,34,높음,자치구,412500.0,316250.0,698750.0,,,,,287.1,246.8,395.0,1338.424
삼성1동,강남구,행정동,37.515588600959006,127.05926404467228,아파트,매매,41,높음,해당지역,300000.0,215000.0,487500.0,,,,,113.0,84.8,167.7,2764.543
삼성1동,강남구,행정동,37.515588600959006,127.05926404467228,연립다세대,매매,22,보통,해당지역,190000.0,148500.0,226750.0,,,,,84.7,70.1,89.3,2381.057
삼성1동,강남구,행정동,37.515588600959006,127.05926404467228,오피스텔,매매,24,보통,해당지역,33297.0,29375.0,51875.0,,,,,26.9,25.2,29.4,1394.4
삼성1동,강남구,행정동,37.515588600959006,127.05926404467228,단독다가구,월세,72,높음,법정동,,,,1750.0,,,71.5,41.2,28.0,55.2,
삼성1동,강남구,행정동,37.515588600959006,127.05926404467228,아파트,월세,120,높음,해당지역,,,,20000.0,,,267.0,85.0,59.8,114.1,
삼성1동,강남구,행정동,37.515588600959006,127.05926404467228,연립다세대,월세,53,높음,해당지역,,,,3000.0,,,88.0,48.9,28.2,79.9,
삼성1동,강남구,행정동,37.515588600959006,127.05926404467228,오피스텔,월세,51,높음,해당지역,,,,1000.0,,,100.0,26.8,22.0,28.1,
삼성1동,강남구,행정동,37.515588600959006,127.05926404467228,단독다가구,전세,16,보통,법정동,,,,15325.0,12000.0,23250.0,,38.3,31.7,50.0,453.119
삼성1동,강남구,행정동,37.515588600959006,127.05926404467228,아파트,전세,101,높음,해당지역,,,,90000.0,80000.0,126000.0,,92.0,84.8,113.0,1019.307
삼성1동,강남구,행정동,37.515588600959006,127.05926404467228,연립다세대,전세,44,높음,해당지역,,,,35650.0,22037.5,50000.0,,56.0,40.4,83.1,592.768
삼성1동,강남구,행정동,37.515588600959006,127.05926404467228,오피스텔,전세,29,보통,해당지역,,,,23500.0,23000.0,32000.0,,26.2,18.4,27.2,1199.69
삼성2동,강남구,행정동,37.51354571259271,127.0488064399708,단독다가구,매매,34,높음,자치구,412500.0,316250.0,698750.0,,,,,287.1,246.8,395.0,1338.424
삼성2동,강남구,행정동,37.51354571259271,127.0488064399708,아파트,매매,127,높음,해당지역,250000.0,191000.0,337000.0,,,,,80.3,58.6,84.9,3771.044
삼성2동,강남구,행정동,37.51354571259271,127.0488064399708,연립다세대,매매,49,높음,해당지역,51000.0,44435.0,76620.0,,,,,32.2,26.3,47.8,1571.709
삼성2동,강남구,행정동,37.51354571259271,127.0488064399708,오피스텔,매매,23,보통,해당지역,35500.0,31500.0,63750.0,,,,,40.0,35.9,43.8,990.714
삼성2동,강남구,행정동,37.51354571259271,127.0488064399708,단독다가구,월세,72,높음,법정동,,,,1750.0,,,71.5,41.2,28.0,55.2,
삼성2동,강남구,행정동,37.51354571259271,127.0488064399708,아파트,월세,423,높음,해당지역,,,,23040.0,,,200.0,72.0,58.9,84.9,
삼성2동,강남구,행정동,37.51354571259271,127.0488064399708,연립다세대,월세,244,높음,해당지역,,,,3000.0,,,83.5,33.1,27.8,53.1,
삼성2동,강남구,행정동,37.51354571259271,127.0488064399708,오피스텔,월세,86,높음,해당지역,,,,3000.0,,,100.0,22.5,21.9,30.9,
삼성2동,강남구,행정동,37.51354571259271,127.0488064399708,단독다가구,전세,16,보통,법정동,,,,15325.0,12000.0,23250.0,,38.3,31.7,50.0,453.119
삼성2동,강남구,행정동,37.51354571259271,127.0488064399708,아파트,전세,265,높음,해당지역,,,,102900.0,70000.0,128000.0,,84.2,59.4,85.0,1337.916
삼성2동,강남구,행정동,37.51354571259271,127.0488064399708,연립다세대,전세,76,높음,해당지역,,,,30685.0,22000.0,40211.2,,45.6,28.6,57.2,694.709
삼성2동,강남구,행정동,37.51354571259271,127.0488064399708,오피스텔,전세,32,높음,해당지역,,,,28937.5,26475.0,39000.0,,38.3,21.6,40.0,1073.721
세곡동,강남구,행정동,37.4594019922679,127.05742833805868,단독다가구,매매,34,높음,자치구,412500.0,316250.0,698750.0,,,,,287.1,246.8,395.0,1338.424
세곡동,강남구,행정동,37.4594019922679,127.05742833805868,아파트,매매,107,높음,해당지역,179000.0,149500.0,215000.0,,,,,84.8,59.9,98.2,2272.727
세곡동,강남구,행정동,37.4594019922679,127.05742833805868,연립다세대,매매,13,보통,해당지역,232500.0,144000.0,249500.0,,,,,95.9,70.8,108.3,2302.861
세곡동,강남구,행정동,37.4594019922679,127.05742833805868,오피스텔,매매,109,높음,해당지역,17000.0,15300.0,22700.0,,,,,25.1,22.4,29.9,696.39
세곡동,강남구,행정동,37.4594019922679,127.05742833805868,단독다가구,월세,85,높음,해당지역,,,,10000.0,,,70.0,56.0,46.9,67.4,
세곡동,강남구,행정동,37.4594019922679,127.05742833805868,아파트,월세,967,높음,해당지역,,,,12627.0,,,26.0,44.9,36.8,59.9,
세곡동,강남구,행정동,37.4594019922679,127.05742833805868,연립다세대,월세,15,보통,해당지역,,,,50000.0,,,80.0,83.3,59.7,105.5,
세곡동,강남구,행정동,37.4594019922679,127.05742833805868,오피스텔,월세,716,높음,해당지역,,,,3000.0,,,73.0,24.6,22.4,26.7,
세곡동,강남구,행정동,37.4594019922679,127.05742833805868,단독다가구,전세,55,높음,해당지역,,,,35000.0,29000.0,45000.0,,59.0,52.9,71.9,583.902
세곡동,강남구,행정동,37.4594019922679,127.05742833805868,아파트,전세,687,높음,해당지역,,,,43410.0,30807.0,73250.0,,84.4,60.0,85.0,583.159
세곡동,강남구,행정동,37.4594019922679,127.05742833805868,연립다세대,전세,13,보통,해당지역,,,,120000.0,67000.0,135000.0,,105.8,59.7,108.3,1124.538
세곡동,강남구,행정동,37.4594019922679,127.05742833805868,오피스텔,전세,135,높음,해당지역,,,,27000.0,17000.0,38150.0,,34.6,24.1,50.7,742.913
수서동,강남구,행정동,37.4874954438907,127.0997263107432,단독다가구,매매,34,높음,자치구,412500.0,316250.0,698750.0,,,,,287.1,246.8,395.0,1338.424
수서동,강남구,행정동,37.4874954438907,127.0997263107432,아파트,매매,50,높음,해당지역,199000.0,162500.0,240750.0,,,,,50.0,39.5,78.3,4068.308
수서동,강남구,행정동,37.4874954438907,127.0997263107432,연립다세대,매매,699,높음,자치구,55000.0,40000.0,80750.0,,,,,34.1,26.6,56.1,1456.452
수서동,강남구,행정동,37.4874954438907,127.0997263107432,오피스텔,매매,20,보통,해당지역,29900.0,25000.0,35750.0,,,,,41.5,33.5,44.1,760.378
수서동,강남구,행정동,37.4874954438907,127.0997263107432,단독다가구,월세,3032,높음,자치구,,,,1000.0,,,70.0,33.0,26.4,46.3,
수서동,강남구,행정동,37.4874954438907,127.0997263107432,아파트,월세,137,높음,해당지역,,,,20000.0,,,110.0,39.5,39.5,60.0,
수서동,강남구,행정동,37.4874954438907,127.0997263107432,연립다세대,월세,2958,높음,자치구,,,,3000.0,,,74.0,30.4,25.5,47.1,
수서동,강남구,행정동,37.4874954438907,127.0997263107432,오피스텔,월세,21,보통,해당지역,,,,1000.0,,,85.0,33.5,32.0,38.8,
수서동,강남구,행정동,37.4874954438907,127.0997263107432,단독다가구,전세,525,높음,자치구,,,,23000.0,15000.0,31500.0,,45.0,32.8,60.0,509.259
수서동,강남구,행정동,37.4874954438907,127.0997263107432,아파트,전세,205,높음,해당지역,,,,50000.0,40000.0,68000.0,,50.0,39.5,60.0,1000.801
수서동,강남구,행정동,37.4874954438907,127.0997263107432,연립다세대,전세,1562,높음,자치구,,,,30000.0,22000.0,39975.0,,34.0,27.4,53.9,802.099
수서동,강남구,행정동,37.4874954438907,127.0997263107432,오피스텔,전세,16,보통,해당지역,,,,20425.0,18800.0,26250.0,,35.8,32.4,42.1,611.57
신사동,강남구,행정동,37.523672905673926,127.02237135003068,단독다가구,매매,34,높음,자치구,412500.0,316250.0,698750.0,,,,,287.1,246.8,395.0,1338.424
신사동,강남구,행정동,37.523672905673926,127.02237135003068,아파트,매매,54,높음,해당지역,730000.0,599250.0,911250.0,,,,,136.7,108.9,170.8,5428.557
신사동,강남구,행정동,37.523672905673926,127.02237135003068,연립다세대,매매,699,높음,자치구,55000.0,40000.0,80750.0,,,,,34.1,26.6,56.1,1456.452
신사동,강남구,행정동,37.523672905673926,127.02237135003068,오피스텔,매매,596,높음,자치구,27000.0,20000.0,36000.0,,,,,29.0,24.2,39.0,836.334
신사동,강남구,행정동,37.523672905673926,127.02237135003068,단독다가구,월세,3032,높음,자치구,,,,1000.0,,,70.0,33.0,26.4,46.3,
신사동,강남구,행정동,37.523672905673926,127.02237135003068,아파트,월세,77,높음,해당지역,,,,30000.0,,,220.0,108.9,78.5,115.2,
신사동,강남구,행정동,37.523672905673926,127.02237135003068,연립다세대,월세,59,높음,해당지역,,,,3000.0,,,80.0,30.0,23.0,44.6,
신사동,강남구,행정동,37.523672905673926,127.02237135003068,오피스텔,월세,2028,높음,자치구,,,,2000.0,,,83.0,24.6,21.5,29.5,
신사동,강남구,행정동,37.523672905673926,127.02237135003068,단독다가구,전세,525,높음,자치구,,,,23000.0,15000.0,31500.0,,45.0,32.8,60.0,509.259
신사동,강남구,행정동,37.523672905673926,127.02237135003068,아파트,전세,103,높음,해당지역,,,,94000.0,81500.0,132700.0,,108.3,74.4,118.6,964.506
신사동,강남구,행정동,37.523672905673926,127.02237135003068,연립다세대,전세,34,높음,해당지역,,,,21760.0,16550.0,27500.0,,40.9,24.2,48.0,627.349
신사동,강남구,행정동,37.523672905673926,127.02237135003068,오피스텔,전세,541,높음,자치구,,,,24990.0,19000.0,34470.0,,28.1,22.4,38.0,838.15
압구정동,강남구,행정동,37.52955870725697,127.03322599570629,단독다가구,매매,34,높음,자치구,412500.0,316250.0,698750.0,,,,,287.1,246.8,395.0,1338.424
압구정동,강남구,행정동,37.52955870725697,127.03322599570629,아파트,매매,88,높음,해당지역,574500.0,482500.0,700000.0,,,,,107.2,82.5,144.7,5130.848
압구정동,강남구,행정동,37.52955870725697,127.03322599570629,연립다세대,매매,699,높음,자치구,55000.0,40000.0,80750.0,,,,,34.1,26.6,56.1,1456.452
압구정동,강남구,행정동,37.52955870725697,127.03322599570629,오피스텔,매매,596,높음,자치구,27000.0,20000.0,36000.0,,,,,29.0,24.2,39.0,836.334
압구정동,강남구,행정동,37.52955870725697,127.03322599570629,단독다가구,월세,3032,높음,자치구,,,,1000.0,,,70.0,33.0,26.4,46.3,
압구정동,강남구,행정동,37.52955870725697,127.03322599570629,아파트,월세,188,높음,해당지역,,,,20000.0,,,250.0,102.4,78.0,144.2,
압구정동,강남구,행정동,37.52955870725697,127.03322599570629,연립다세대,월세,22,보통,해당지역,,,,2500.0,,,84.0,33.4,22.9,48.6,
압구정동,강남구,행정동,37.52955870725697,127.03322599570629,오피스텔,월세,2028,높음,자치구,,,,2000.0,,,83.0,24.6,21.5,29.5,
압구정동,강남구,행정동,37.52955870725697,127.03322599570629,단독다가구,전세,525,높음,자치구,,,,23000.0,15000.0,31500.0,,45.0,32.8,60.0,509.259
압구정동,강남구,행정동,37.52955870725697,127.03322599570629,아파트,전세,294,높음,해당지역,,,,90000.0,75000.0,132787.5,,106.5,82.5,144.6,971.968
압구정동,강남구,행정동,37.52955870725697,127.03322599570629,연립다세대,전세,15,보통,해당지역,,,,23146.0,15837.5,67500.0,,46.2,27.1,87.3,634.46
압구정동,강남구,행정동,37.52955870725697,127.03322599570629,오피스텔,전세,541,높음,자치구,,,,24990.0,19000.0,34470.0,,28.1,22.4,38.0,838.15
역삼1동,강남구,행정동,37.49956087498183,127.03534979178593,단독다가구,매매,34,높음,자치구,412500.0,316250.0,698750.0,,,,,287.1,246.8,395.0,1338.424
역삼1동,강남구,행정동,37.49956087498183,127.03534979178593,아파트,매매,64,높음,해당지역,103000.0,53750.0,161500.0,,,,,66.2,44.0,85.0,1462.427
역삼1동,강남구,행정동,37.49956087498183,127.03534979178593,연립다세대,매매,122,높음,해당지역,47000.0,34125.0,58000.0,,,,,29.3,26.1,43.1,1334.803
역삼1동,강남구,행정동,37.49956087498183,127.03534979178593,오피스텔,매매,175,높음,해당지역,25000.0,20000.0,30000.0,,,,,28.9,24.6,39.0,790.216
역삼1동,강남구,행정동,37.49956087498183,127.03534979178593,단독다가구,월세,901,높음,법정동,,,,1000.0,,,76.0,33.0,26.5,45.0,
역삼1동,강남구,행정동,37.49956087498183,127.03534979178593,아파트,월세,210,높음,해당지역,,,,5000.0,,,130.0,43.8,19.4,72.4,
역삼1동,강남구,행정동,37.49956087498183,127.03534979178593,연립다세대,월세,646,높음,해당지역,,,,3000.0,,,80.0,29.7,25.3,41.0,
역삼1동,강남구,행정동,37.49956087498183,127.03534979178593,오피스텔,월세,647,높음,해당지역,,,,1300.0,,,93.0,24.0,20.6,27.7,
역삼1동,강남구,행정동,37.49956087498183,127.03534979178593,단독다가구,전세,129,높음,법정동,,,,21000.0,17000.0,28000.0,,40.3,30.0,56.1,541.321
역삼1동,강남구,행정동,37.49956087498183,127.03534979178593,아파트,전세,112,높음,해당지역,,,,61100.0,32750.0,79062.5,,49.6,35.9,83.5,940.44
역삼1동,강남구,행정동,37.49956087498183,127.03534979178593,연립다세대,전세,248,높음,해당지역,,,,27000.0,19636.5,33000.0,,28.9,26.1,37.8,863.739
역삼1동,강남구,행정동,37.49956087498183,127.03534979178593,오피스텔,전세,149,높음,해당지역,,,,23500.0,20000.0,29500.0,,25.5,21.4,29.9,920.502
역삼2동,강남구,행정동,37.49869219147775,127.04517438821742,단독다가구,매매,34,높음,자치구,412500.0,316250.0,698750.0,,,,,287.1,246.8,395.0,1338.424
역삼2동,강남구,행정동,37.49869219147775,127.04517438821742,아파트,매매,157,높음,해당지역,265000.0,71000.0,290000.0,,,,,59.9,47.8,84.7,2970.009
역삼2동,강남구,행정동,37.49869219147775,127.04517438821742,연립다세대,매매,58,높음,해당지역,51750.0,42625.0,65750.0,,,,,29.1,24.7,47.9,1667.031
역삼2동,강남구,행정동,37.49869219147775,127.04517438821742,오피스텔,매매,67,높음,해당지역,28000.0,22500.0,36900.0,,,,,26.9,20.9,29.1,1320.293
역삼2동,강남구,행정동,37.49869219147775,127.04517438821742,단독다가구,월세,901,높음,법정동,,,,1000.0,,,76.0,33.0,26.5,45.0,
역삼2동,강남구,행정동,37.49869219147775,127.04517438821742,아파트,월세,516,높음,해당지역,,,,27000.0,,,180.0,59.9,44.4,85.0,
역삼2동,강남구,행정동,37.49869219147775,127.04517438821742,연립다세대,월세,245,높음,해당지역,,,,3000.0,,,69.0,29.6,24.0,38.3,
역삼2동,강남구,행정동,37.49869219147775,127.04517438821742,오피스텔,월세,190,높음,해당지역,,,,3000.0,,,83.0,17.6,17.6,27.4,
역삼2동,강남구,행정동,37.49869219147775,127.04517438821742,단독다가구,전세,129,높음,법정동,,,,21000.0,17000.0,28000.0,,40.3,30.0,56.1,541.321
역삼2동,강남구,행정동,37.49869219147775,127.04517438821742,아파트,전세,364,높음,해당지역,,,,105000.0,62434.0,136500.0,,60.0,59.5,85.0,1494.94
역삼2동,강남구,행정동,37.49869219147775,127.04517438821742,연립다세대,전세,150,높음,해당지역,,,,30000.0,22000.0,36075.0,,29.7,25.2,40.5,959.543
역삼2동,강남구,행정동,37.49869219147775,127.04517438821742,오피스텔,전세,41,높음,해당지역,,,,19000.0,18600.0,22700.0,,18.3,17.6,29.3,1036.995
일원1동,강남구,행정동,37.49270477016295,127.0863185166145,단독다가구,매매,34,높음,자치구,412500.0,316250.0,698750.0,,,,,287.1,246.8,395.0,1338.424
일원1동,강남구,행정동,37.49270477016295,127.0863185166145,아파트,매매,18,보통,해당지역,164000.0,150000.0,181250.0,,,,,51.3,40.0,59.9,3382.979
일원1동,강남구,행정동,37.49270477016295,127.0863185166145,연립다세대,매매,37,높음,해당지역,80000.0,70000.0,88000.0,,,,,28.8,24.3,36.8,2905.921
일원1동,강남구,행정동,37.49270477016295,127.0863185166145,오피스텔,매매,596,높음,자치구,27000.0,20000.0,36000.0,,,,,29.0,24.2,39.0,836.334
일원1동,강남구,행정동,37.49270477016295,127.0863185166145,단독다가구,월세,224,높음,법정동,,,,1000.0,,,55.0,25.0,20.0,40.0,
일원1동,강남구,행정동,37.49270477016295,127.0863185166145,아파트,월세,54,높음,해당지역,,,,10000.0,,,105.5,49.7,40.0,59.9,
일원1동,강남구,행정동,37.49270477016295,127.0863185166145,연립다세대,월세,82,높음,해당지역,,,,10000.0,,,60.0,29.9,25.8,44.7,
일원1동,강남구,행정동,37.49270477016295,127.0863185166145,오피스텔,월세,2028,높음,자치구,,,,2000.0,,,83.0,24.6,21.5,29.5,
일원1동,강남구,행정동,37.49270477016295,127.0863185166145,단독다가구,전세,48,높음,법정동,,,,26750.0,12450.0,37750.0,,52.5,29.8,81.4,478.92
일원1동,강남구,행정동,37.49270477016295,127.0863185166145,아파트,전세,56,높음,해당지역,,,,50000.0,41875.0,57750.0,,51.8,40.0,59.9,948.053
일원1동,강남구,행정동,37.49270477016295,127.0863185166145,연립다세대,전세,152,높음,해당지역,,,,29655.0,25000.0,33000.0,,28.7,24.9,36.6,1047.04
일원1동,강남구,행정동,37.49270477016295,127.0863185166145,오피스텔,전세,541,높음,자치구,,,,24990.0,19000.0,34470.0,,28.1,22.4,38.0,838.15
일원본동,강남구,행정동,37.483420444293166,127.08542458509596,단독다가구,매매,34,높음,자치구,412500.0,316250.0,698750.0,,,,,287.1,246.8,395.0,1338.424
일원본동,강남구,행정동,37.483420444293166,127.08542458509596,아파트,매매,126,높음,해당지역,200000.0,154000.0,245000.0,,,,,49.5,34.4,75.2,3853.473
일원본동,강남구,행정동,37.483420444293166,127.08542458509596,연립다세대,매매,699,높음,자치구,55000.0,40000.0,80750.0,,,,,34.1,26.6,56.1,1456.452
일원본동,강남구,행정동,37.483420444293166,127.08542458509596,오피스텔,매매,20,보통,법정동,29900.0,25000.0,35750.0,,,,,41.5,33.5,44.1,760.378
일원본동,강남구,행정동,37.483420444293166,127.08542458509596,단독다가구,월세,3032,높음,자치구,,,,1000.0,,,70.0,33.0,26.4,46.3,
일원본동,강남구,행정동,37.483420444293166,127.08542458509596,아파트,월세,251,높음,해당지역,,,,30000.0,,,120.0,60.0,39.6,85.0,
일원본동,강남구,행정동,37.483420444293166,127.08542458509596,연립다세대,월세,11,보통,해당지역,,,,30000.0,,,145.0,59.8,59.8,59.8,
일원본동,강남구,행정동,37.483420444293166,127.08542458509596,오피스텔,월세,21,보통,법정동,,,,1000.0,,,85.0,33.5,32.0,38.8,
일원본동,강남구,행정동,37.483420444293166,127.08542458509596,단독다가구,전세,525,높음,자치구,,,,23000.0,15000.0,31500.0,,45.0,32.8,60.0,509.259
일원본동,강남구,행정동,37.483420444293166,127.08542458509596,아파트,전세,293,높음,해당지역,,,,73500.0,47000.0,88000.0,,63.8,39.6,84.9,1059.447
일원본동,강남구,행정동,37.483420444293166,127.08542458509596,연립다세대,전세,14,보통,해당지역,,,,59400.0,51610.0,62343.8,,59.8,59.8,59.8,994.142
일원본동,강남구,행정동,37.483420444293166,127.08542458509596,오피스텔,전세,16,보통,법정동,,,,20425.0,18800.0,26250.0,,35.8,32.4,42.1,611.57
청담동,강남구,행정동,37.5225531547456,127.05023504289909,단독다가구,매매,34,높음,자치구,412500.0,316250.0,698750.0,,,,,287.1,246.8,395.0,1338.424
청담동,강남구,행정동,37.5225531547456,127.05023504289909,아파트,매매,113,높음,해당지역,270000.0,240000.0,330000.0,,,,,89.4,60.0,114.8,2814.195
청담동,강남구,행정동,37.5225531547456,127.05023504289909,연립다세대,매매,19,보통,해당지역,71000.0,51200.0,90000.0,,,,,50.8,32.2,70.2,1658.104
청담동,강남구,행정동,37.5225531547456,127.05023504289909,오피스텔,매매,23,보통,해당지역,28000.0,27000.0,29750.0,,,,,22.8,22.8,22.8,1220.905
청담동,강남구,행정동,37.5225531547456,127.05023504289909,단독다가구,월세,148,높음,해당지역,,,,1000.0,,,80.0,33.0,26.2,47.7,
청담동,강남구,행정동,37.5225531547456,127.05023504289909,아파트,월세,285,높음,해당지역,,,,25000.0,,,280.0,84.5,49.6,105.7,
청담동,강남구,행정동,37.5225531547456,127.05023504289909,연립다세대,월세,135,높음,해당지역,,,,4000.0,,,100.0,39.5,24.8,56.5,
청담동,강남구,행정동,37.5225531547456,127.05023504289909,오피스텔,월세,21,보통,해당지역,,,,1000.0,,,67.0,17.7,17.7,22.8,
청담동,강남구,행정동,37.5225531547456,127.05023504289909,단독다가구,전세,16,보통,해당지역,,,,28500.0,16375.0,45000.0,,55.4,33.5,85.7,519.694
청담동,강남구,행정동,37.5225531547456,127.05023504289909,아파트,전세,278,높음,해당지역,,,,100000.0,74112.5,137625.0,,84.9,59.4,109.5,1188.447
청담동,강남구,행정동,37.5225531547456,127.05023504289909,연립다세대,전세,65,높음,해당지역,,,,50000.0,35000.0,62000.0,,56.7,30.4,72.8,815.538
청담동,강남구,행정동,37.5225531547456,127.05023504289909,오피스텔,전세,541,높음,자치구,,,,24990.0,19000.0,34470.0,,28.1,22.4,38.0,838.15
강일동,강동구,행정동,37.566692546385426,127.17532836258682,단독다가구,매매,93,높음,자치구,146500.0,100000.0,237430.0,,,,,204.2,154.4,265.9,700.052
강일동,강동구,행정동,37.566692546385426,127.17532836258682,아파트,매매,161,높음,해당지역,122000.0,99000.0,130000.0,,,,,84.5,49.8,84.7,1734.2
강일동,강동구,행정동,37.566692546385426,127.17532836258682,연립다세대,매매,1284,높음,자치구,38500.0,30000.0,49900.0,,,,,40.5,29.6,51.7,1019.747
강일동,강동구,행정동,37.566692546385426,127.17532836258682,오피스텔,매매,24,보통,해당지역,11150.0,10000.0,12200.0,,,,,23.1,21.3,28.9,447.975
강일동,강동구,행정동,37.566692546385426,127.17532836258682,단독다가구,월세,3086,높음,자치구,,,,1000.0,,,50.0,33.0,24.9,44.1,
강일동,강동구,행정동,37.566692546385426,127.17532836258682,아파트,월세,578,높음,해당지역,,,,5590.0,,,26.0,49.9,39.9,59.9,
강일동,강동구,행정동,37.566692546385426,127.17532836258682,연립다세대,월세,2904,높음,자치구,,,,10000.0,,,40.0,30.1,25.2,45.3,
강일동,강동구,행정동,37.566692546385426,127.17532836258682,오피스텔,월세,191,높음,해당지역,,,,500.0,,,55.0,18.5,15.9,23.1,
강일동,강동구,행정동,37.566692546385426,127.17532836258682,단독다가구,전세,13,보통,해당지역,,,,45000.0,30000.0,47000.0,,233.5,65.6,242.0,228.112
강일동,강동구,행정동,37.566692546385426,127.17532836258682,아파트,전세,478,높음,해당지역,,,,50400.0,38532.0,60000.0,,84.7,60.0,84.9,619.484
강일동,강동구,행정동,37.566692546385426,127.17532836258682,연립다세대,전세,1581,높음,자치구,,,,24700.0,19900.0,29500.0,,36.9,28.8,48.1,691.869
강일동,강동구,행정동,37.566692546385426,127.17532836258682,오피스텔,전세,29,보통,해당지역,,,,10000.0,9700.0,11500.0,,22.3,18.5,28.2,496.492
고덕1동,강동구,행정동,37.55901054852198,127.14963087797194,단독다가구,매매,12,보통,법정동,260000.0,243000.0,287500.0,,,,,269.7,249.7,309.4,974.863
고덕1동,강동구,행정동,37.55901054852198,127.14963087797194,아파트,매매,124,높음,해당지역,168750.0,149000.0,201250.0,,,,,84.9,72.0,84.9,2273.131
고덕1동,강동구,행정동,37.55901054852198,127.14963087797194,연립다세대,매매,39,높음,해당지역,55500.0,49350.0,59500.0,,,,,37.0,35.1,47.6,1569.822
고덕1동,강동구,행정동,37.55901054852198,127.14963087797194,오피스텔,매매,222,높음,자치구,17000.0,12525.0,23300.0,,,,,28.3,22.3,34.2,632.201
고덕1동,강동구,행정동,37.55901054852198,127.14963087797194,단독다가구,월세,172,높음,법정동,,,,1000.0,,,45.0,36.5,30.0,43.4,
고덕1동,강동구,행정동,37.55901054852198,127.14963087797194,아파트,월세,146,높음,해당지역,,,,40000.0,,,122.5,84.9,59.5,84.9,
고덕1동,강동구,행정동,37.55901054852198,127.14963087797194,연립다세대,월세,34,높음,해당지역,,,,4938.0,,,40.0,41.9,35.5,53.3,
고덕1동,강동구,행정동,37.55901054852198,127.14963087797194,오피스텔,월세,12,보통,법정동,,,,1000.0,,,79.0,21.3,21.0,23.8,
고덕1동,강동구,행정동,37.55901054852198,127.14963087797194,단독다가구,전세,65,높음,법정동,,,,15000.0,10000.0,27783.0,,50.0,40.0,81.0,306.604
고덕1동,강동구,행정동,37.55901054852198,127.14963087797194,아파트,전세,278,높음,해당지역,,,,72544.0,52250.0,87500.0,,84.8,60.0,84.9,922.632
고덕1동,강동구,행정동,37.55901054852198,127.14963087797194,연립다세대,전세,37,높음,해당지역,,,,23000.0,18000.0,32000.0,,39.3,35.5,53.8,730.117
고덕1동,강동구,행정동,37.55901054852198,127.14963087797194,오피스텔,전세,15,보통,법정동,,,,35800.0,18850.0,38500.0,,31.5,20.5,34.5,978.849
고덕2동,강동구,행정동,37.55894358626012,127.16483823771338,단독다가구,매매,12,보통,법정동,260000.0,243000.0,287500.0,,,,,269.7,249.7,309.4,974.863
고덕2동,강동구,행정동,37.55894358626012,127.16483823771338,아파트,매매,107,높음,해당지역,195000.0,178500.0,221250.0,,,,,59.8,59.1,84.1,2881.766
고덕2동,강동구,행정동,37.55894358626012,127.16483823771338,연립다세대,매매,25,보통,해당지역,55500.0,50000.0,60000.0,,,,,30.7,28.6,40.5,1794.511
고덕2동,강동구,행정동,37.55894358626012,127.16483823771338,오피스텔,매매,222,높음,자치구,17000.0,12525.0,23300.0,,,,,28.3,22.3,34.2,632.201
고덕2동,강동구,행정동,37.55894358626012,127.16483823771338,단독다가구,월세,172,높음,법정동,,,,1000.0,,,45.0,36.5,30.0,43.4,
고덕2동,강동구,행정동,37.55894358626012,127.16483823771338,아파트,월세,178,높음,해당지역,,,,21973.0,,,160.0,59.8,59.1,73.9,
고덕2동,강동구,행정동,37.55894358626012,127.16483823771338,연립다세대,월세,73,높음,해당지역,,,,5000.0,,,40.0,29.6,27.6,40.5,
고덕2동,강동구,행정동,37.55894358626012,127.16483823771338,오피스텔,월세,12,보통,해당지역,,,,1000.0,,,79.0,21.3,21.0,23.8,
고덕2동,강동구,행정동,37.55894358626012,127.16483823771338,단독다가구,전세,65,높음,법정동,,,,15000.0,10000.0,27783.0,,50.0,40.0,81.0,306.604
고덕2동,강동구,행정동,37.55894358626012,127.16483823771338,아파트,전세,273,높음,해당지역,,,,77000.0,66000.0,88000.0,,59.8,59.8,84.2,1127.677
고덕2동,강동구,행정동,37.55894358626012,127.16483823771338,연립다세대,전세,124,높음,해당지역,,,,25000.0,20875.0,28000.0,,29.8,27.8,35.0,844.151
고덕2동,강동구,행정동,37.55894358626012,127.16483823771338,오피스텔,전세,15,보통,해당지역,,,,35800.0,18850.0,38500.0,,31.5,20.5,34.5,978.849
길동,강동구,행정동,37.53848533959358,127.14187295098802,단독다가구,매매,93,높음,자치구,146500.0,100000.0,237430.0,,,,,204.2,154.4,265.9,700.052
길동,강동구,행정동,37.53848533959358,127.14187295098802,아파트,매매,284,높음,해당지역,75600.0,58562.5,130500.0,,,,,74.1,57.1,84.9,1037.575
길동,강동구,행정동,37.53848533959358,127.14187295098802,연립다세대,매매,110,높음,해당지역,34500.0,29025.0,43000.0,,,,,43.4,29.6,56.4,813.874
길동,강동구,행정동,37.53848533959358,127.14187295098802,오피스텔,매매,31,높음,해당지역,10000.0,8375.0,12500.0,,,,,22.8,18.8,30.7,436.637
길동,강동구,행정동,37.53848533959358,127.14187295098802,단독다가구,월세,373,높음,해당지역,,,,1500.0,,,50.0,36.0,25.0,43.0,
길동,강동구,행정동,37.53848533959358,127.14187295098802,아파트,월세,533,높음,해당지역,,,,7000.0,,,55.0,17.1,14.5,59.9,
길동,강동구,행정동,37.53848533959358,127.14187295098802,연립다세대,월세,319,높음,해당지역,,,,7000.0,,,50.0,29.9,24.7,44.1,
길동,강동구,행정동,37.53848533959358,127.14187295098802,오피스텔,월세,288,높음,해당지역,,,,2000.0,,,60.0,23.0,18.8,30.7,
길동,강동구,행정동,37.53848533959358,127.14187295098802,단독다가구,전세,66,높음,해당지역,,,,15875.0,9250.0,22000.0,,42.6,33.1,56.5,376.389
길동,강동구,행정동,37.53848533959358,127.14187295098802,아파트,전세,322,높음,해당지역,,,,52500.0,42643.8,60000.0,,60.0,59.8,84.0,814.01
길동,강동구,행정동,37.53848533959358,127.14187295098802,연립다세대,전세,147,높음,해당지역,,,,25000.0,19900.0,29874.0,,39.6,29.4,48.5,668.857
길동,강동구,행정동,37.53848533959358,127.14187295098802,오피스텔,전세,52,높음,해당지역,,,,23500.0,18300.0,25550.0,,29.3,21.9,32.2,828.624
둔촌1동,강동구,행정동,37.52537641179983,127.13999907005721,단독다가구,매매,93,높음,자치구,146500.0,100000.0,237430.0,,,,,204.2,154.4,265.9,700.052
둔촌1동,강동구,행정동,37.52537641179983,127.13999907005721,아파트,매매,99,높음,해당지역,249000.0,168250.0,284750.0,,,,,60.0,40.0,85.0,3682.786
둔촌1동,강동구,행정동,37.52537641179983,127.13999907005721,연립다세대,매매,80,높음,법정동,53000.0,39450.0,70250.0,,,,,44.8,30.0,51.0,1195.274
둔촌1동,강동구,행정동,37.52537641179983,127.13999907005721,오피스텔,매매,222,높음,자치구,17000.0,12525.0,23300.0,,,,,28.3,22.3,34.2,632.201
둔촌1동,강동구,행정동,37.52537641179983,127.13999907005721,단독다가구,월세,146,높음,법정동,,,,1600.0,,,45.0,35.0,28.0,50.0,
둔촌1동,강동구,행정동,37.52537641179983,127.13999907005721,아파트,월세,65,높음,해당지역,,,,40000.0,,,240.0,85.0,40.0,85.0,
둔촌1동,강동구,행정동,37.52537641179983,127.13999907005721,연립다세대,월세,153,높음,법정동,,,,13000.0,,,42.0,36.6,24.6,47.5,
둔촌1동,강동구,행정동,37.52537641179983,127.13999907005721,오피스텔,월세,1565,높음,자치구,,,,1000.0,,,63.0,25.1,19.4,30.3,
둔촌1동,강동구,행정동,37.52537641179983,127.13999907005721,단독다가구,전세,41,높음,법정동,,,,15000.0,10000.0,25000.0,,42.9,30.0,59.5,413.544
둔촌1동,강동구,행정동,37.52537641179983,127.13999907005721,아파트,전세,60,높음,해당지역,,,,101450.0,73750.0,138500.0,,85.0,47.5,85.0,1501.689
둔촌1동,강동구,행정동,37.52537641179983,127.13999907005721,연립다세대,전세,116,높음,법정동,,,,27000.0,22000.0,32000.0,,42.6,29.8,52.7,645.065
둔촌1동,강동구,행정동,37.52537641179983,127.13999907005721,오피스텔,전세,357,높음,자치구,,,,20000.0,16500.0,26890.0,,26.1,20.5,34.5,818.833
둔촌2동,강동구,행정동,37.531310933681986,127.14304594017918,단독다가구,매매,93,높음,자치구,146500.0,100000.0,237430.0,,,,,204.2,154.4,265.9,700.052
둔촌2동,강동구,행정동,37.531310933681986,127.14304594017918,아파트,매매,159,높음,해당지역,135000.0,104100.0,150000.0,,,,,80.0,59.8,84.9,1826.896
둔촌2동,강동구,행정동,37.531310933681986,127.14304594017918,연립다세대,매매,80,높음,해당지역,53000.0,39450.0,70250.0,,,,,44.8,30.0,51.0,1195.274
둔촌2동,강동구,행정동,37.531310933681986,127.14304594017918,오피스텔,매매,222,높음,자치구,17000.0,12525.0,23300.0,,,,,28.3,22.3,34.2,632.201
둔촌2동,강동구,행정동,37.531310933681986,127.14304594017918,단독다가구,월세,146,높음,법정동,,,,1600.0,,,45.0,35.0,28.0,50.0,
둔촌2동,강동구,행정동,37.531310933681986,127.14304594017918,아파트,월세,70,높음,해당지역,,,,30000.0,,,105.0,80.0,59.9,84.9,
둔촌2동,강동구,행정동,37.531310933681986,127.14304594017918,연립다세대,월세,153,높음,해당지역,,,,13000.0,,,42.0,36.6,24.6,47.5,
둔촌2동,강동구,행정동,37.531310933681986,127.14304594017918,오피스텔,월세,1565,높음,자치구,,,,1000.0,,,63.0,25.1,19.4,30.3,
둔촌2동,강동구,행정동,37.531310933681986,127.14304594017918,단독다가구,전세,41,높음,법정동,,,,15000.0,10000.0,25000.0,,42.9,30.0,59.5,413.544
둔촌2동,강동구,행정동,37.531310933681986,127.14304594017918,아파트,전세,180,높음,해당지역,,,,56500.0,45000.0,70000.0,,83.4,59.8,84.9,741.909
둔촌2동,강동구,행정동,37.531310933681986,127.14304594017918,연립다세대,전세,116,높음,해당지역,,,,27000.0,22000.0,32000.0,,42.6,29.8,52.7,645.065
둔촌2동,강동구,행정동,37.531310933681986,127.14304594017918,오피스텔,전세,357,높음,자치구,,,,20000.0,16500.0,26890.0,,26.1,20.5,34.5,818.833
명일1동,강동구,행정동,37.551069444938264,127.1463988194015,단독다가구,매매,93,높음,자치구,146500.0,100000.0,237430.0,,,,,204.2,154.4,265.9,700.052
명일1동,강동구,행정동,37.551069444938264,127.1463988194015,아파트,매매,142,높음,해당지역,148375.0,115500.0,178500.0,,,,,59.8,57.1,83.6,2363.874
명일1동,강동구,행정동,37.551069444938264,127.1463988194015,연립다세대,매매,39,높음,해당지역,42000.0,30500.0,50000.0,,,,,41.6,37.5,56.7,878.807
명일1동,강동구,행정동,37.551069444938264,127.1463988194015,오피스텔,매매,28,보통,법정동,22500.0,18000.0,91375.0,,,,,39.2,20.9,100.2,892.799
명일1동,강동구,행정동,37.551069444938264,127.1463988194015,단독다가구,월세,108,높음,법정동,,,,2000.0,,,50.0,39.0,30.0,50.0,
명일1동,강동구,행정동,37.551069444938264,127.1463988194015,아파트,월세,175,높음,해당지역,,,,20000.0,,,96.0,59.1,54.8,66.9,
명일1동,강동구,행정동,37.551069444938264,127.1463988194015,연립다세대,월세,67,높음,해당지역,,,,8700.0,,,50.0,33.0,28.2,43.9,
명일1동,강동구,행정동,37.551069444938264,127.1463988194015,오피스텔,월세,149,높음,법정동,,,,1000.0,,,70.0,19.5,17.9,21.3,
명일1동,강동구,행정동,37.551069444938264,127.1463988194015,단독다가구,전세,29,보통,법정동,,,,20000.0,12000.0,26000.0,,50.0,33.0,70.2,366.667
명일1동,강동구,행정동,37.551069444938264,127.1463988194015,아파트,전세,287,높음,해당지역,,,,50000.0,40000.0,66575.0,,59.3,55.6,78.8,727.969
명일1동,강동구,행정동,37.551069444938264,127.1463988194015,연립다세대,전세,28,보통,해당지역,,,,25000.0,21125.0,29600.0,,40.9,35.2,49.7,603.701
명일1동,강동구,행정동,37.551069444938264,127.1463988194015,오피스텔,전세,60,높음,법정동,,,,18000.0,16762.5,23750.0,,21.3,19.5,26.4,844.674
명일2동,강동구,행정동,37.55110095088826,127.15381938078608,단독다가구,매매,93,높음,자치구,146500.0,100000.0,237430.0,,,,,204.2,154.4,265.9,700.052
명일2동,강동구,행정동,37.55110095088826,127.15381938078608,아파트,매매,65,높음,해당지역,189500.0,174000.0,217500.0,,,,,84.9,83.5,122.0,2035.441
명일2동,강동구,행정동,37.55110095088826,127.15381938078608,연립다세대,매매,17,보통,해당지역,59900.0,49000.0,62000.0,,,,,49.8,29.9,53.5,1411.015
명일2동,강동구,행정동,37.55110095088826,127.15381938078608,오피스텔,매매,28,보통,해당지역,22500.0,18000.0,91375.0,,,,,39.2,20.9,100.2,892.799
명일2동,강동구,행정동,37.55110095088826,127.15381938078608,단독다가구,월세,108,높음,법정동,,,,2000.0,,,50.0,39.0,30.0,50.0,
명일2동,강동구,행정동,37.55110095088826,127.15381938078608,아파트,월세,98,높음,해당지역,,,,40000.0,,,100.0,84.9,83.5,119.4,
명일2동,강동구,행정동,37.55110095088826,127.15381938078608,연립다세대,월세,51,높음,해당지역,,,,20000.0,,,30.0,47.0,31.2,55.3,
명일2동,강동구,행정동,37.55110095088826,127.15381938078608,오피스텔,월세,149,높음,해당지역,,,,1000.0,,,70.0,19.5,17.9,21.3,
명일2동,강동구,행정동,37.55110095088826,127.15381938078608,단독다가구,전세,29,보통,법정동,,,,20000.0,12000.0,26000.0,,50.0,33.0,70.2,366.667
명일2동,강동구,행정동,37.55110095088826,127.15381938078608,아파트,전세,180,높음,해당지역,,,,57750.0,48300.0,70000.0,,84.9,83.5,108.2,614.624
명일2동,강동구,행정동,37.55110095088826,127.15381938078608,연립다세대,전세,76,높음,해당지역,,,,26000.0,23650.0,27140.0,,30.0,29.6,44.2,823.224
명일2동,강동구,행정동,37.55110095088826,127.15381938078608,오피스텔,전세,60,높음,해당지역,,,,18000.0,16762.5,23750.0,,21.3,19.5,26.4,844.674
상일1동,강동구,행정동,37.55225743741064,127.16587822166983,단독다가구,매매,93,높음,자치구,146500.0,100000.0,237430.0,,,,,204.2,154.4,265.9,700.052
상일1동,강동구,행정동,37.55225743741064,127.16587822166983,아파트,매매,194,높음,해당지역,180000.0,165000.0,193000.0,,,,,84.2,60.0,84.9,2410.772
상일1동,강동구,행정동,37.55225743741064,127.16587822166983,연립다세대,매매,55,높음,해당지역,35700.0,30684.5,63458.0,,,,,38.3,27.3,69.6,1238.817
상일1동,강동구,행정동,37.55225743741064,127.16587822166983,오피스텔,매매,222,높음,자치구,17000.0,12525.0,23300.0,,,,,28.3,22.3,34.2,632.201
상일1동,강동구,행정동,37.55225743741064,127.16587822166983,단독다가구,월세,56,높음,법정동,,,,2000.0,,,40.0,41.0,30.6,49.8,
상일1동,강동구,행정동,37.55225743741064,127.16587822166983,아파트,월세,456,높음,해당지역,,,,22528.0,,,120.0,60.0,60.0,84.9,
상일1동,강동구,행정동,37.55225743741064,127.16587822166983,연립다세대,월세,42,높음,해당지역,,,,7500.0,,,50.5,42.8,37.7,50.2,
상일1동,강동구,행정동,37.55225743741064,127.16587822166983,오피스텔,월세,1565,높음,자치구,,,,1000.0,,,63.0,25.1,19.4,30.3,
상일1동,강동구,행정동,37.55225743741064,127.16587822166983,단독다가구,전세,31,높음,법정동,,,,15000.0,8600.0,22800.0,,55.0,34.6,83.4,272.727
상일1동,강동구,행정동,37.55225743741064,127.16587822166983,아파트,전세,609,높음,해당지역,,,,74500.0,64000.0,85000.0,,84.8,60.0,85.0,997.999
상일1동,강동구,행정동,37.55225743741064,127.16587822166983,연립다세대,전세,49,높음,해당지역,,,,23000.0,21000.0,51000.0,,50.2,41.2,84.5,540.906
상일1동,강동구,행정동,37.55225743741064,127.16587822166983,오피스텔,전세,357,높음,자치구,,,,20000.0,16500.0,26890.0,,26.1,20.5,34.5,818.833
상일2동,강동구,행정동,37.55330163261258,127.17776079080399,단독다가구,매매,93,높음,자치구,146500.0,100000.0,237430.0,,,,,204.2,154.4,265.9,700.052
상일2동,강동구,행정동,37.55330163261258,127.17776079080399,아파트,매매,50,높음,해당지역,90900.0,87175.0,109000.0,,,,,49.7,49.7,59.9,1742.805
상일2동,강동구,행정동,37.55330163261258,127.17776079080399,연립다세대,매매,55,높음,법정동,35700.0,30684.5,63458.0,,,,,38.3,27.3,69.6,1238.817
상일2동,강동구,행정동,37.55330163261258,127.17776079080399,오피스텔,매매,222,높음,자치구,17000.0,12525.0,23300.0,,,,,28.3,22.3,34.2,632.201
상일2동,강동구,행정동,37.55330163261258,127.17776079080399,단독다가구,월세,56,높음,법정동,,,,2000.0,,,40.0,41.0,30.6,49.8,
상일2동,강동구,행정동,37.55330163261258,127.17776079080399,아파트,월세,373,높음,해당지역,,,,6776.0,,,20.0,30.0,18.0,49.7,
상일2동,강동구,행정동,37.55330163261258,127.17776079080399,연립다세대,월세,12,보통,해당지역,,,,1026.0,,,13.0,19.1,19.1,19.1,
상일2동,강동구,행정동,37.55330163261258,127.17776079080399,오피스텔,월세,1565,높음,자치구,,,,1000.0,,,63.0,25.1,19.4,30.3,
상일2동,강동구,행정동,37.55330163261258,127.17776079080399,단독다가구,전세,31,높음,법정동,,,,15000.0,8600.0,22800.0,,55.0,34.6,83.4,272.727
상일2동,강동구,행정동,37.55330163261258,127.17776079080399,아파트,전세,110,높음,해당지역,,,,45156.0,37406.0,53690.0,,84.8,59.9,85.0,509.306
상일2동,강동구,행정동,37.55330163261258,127.17776079080399,연립다세대,전세,50,높음,법정동,,,,23000.0,20850.0,45750.0,,48.9,40.4,78.4,533.505
상일2동,강동구,행정동,37.55330163261258,127.17776079080399,오피스텔,전세,357,높음,자치구,,,,20000.0,16500.0,26890.0,,26.1,20.5,34.5,818.833
성내1동,강동구,행정동,37.528311675267105,127.12642283807074,단독다가구,매매,34,높음,법정동,144109.5,123328.8,249000.0,,,,,191.7,175.2,233.4,737.664
성내1동,강동구,행정동,37.528311675267105,127.12642283807074,아파트,매매,65,높음,해당지역,89000.0,70000.0,129500.0,,,,,64.2,55.6,84.9,1293.513
성내1동,강동구,행정동,37.528311675267105,127.12642283807074,연립다세대,매매,67,높음,해당지역,44000.0,30000.0,58000.0,,,,,51.9,40.4,65.4,792.291
성내1동,강동구,행정동,37.528311675267105,127.12642283807074,오피스텔,매매,22,보통,법정동,23200.0,14575.0,44425.0,,,,,26.6,21.0,30.6,740.401
성내1동,강동구,행정동,37.528311675267105,127.12642283807074,단독다가구,월세,845,높음,법정동,,,,1500.0,,,50.0,33.0,22.5,40.0,
성내1동,강동구,행정동,37.528311675267105,127.12642283807074,아파트,월세,51,높음,해당지역,,,,20000.0,,,90.0,59.6,35.3,84.6,
성내1동,강동구,행정동,37.528311675267105,127.12642283807074,연립다세대,월세,263,높음,해당지역,,,,9932.0,,,40.0,35.5,24.7,47.7,
성내1동,강동구,행정동,37.528311675267105,127.12642283807074,오피스텔,월세,105,높음,법정동,,,,2000.0,,,70.0,26.4,17.0,30.1,
성내1동,강동구,행정동,37.528311675267105,127.12642283807074,단독다가구,전세,176,높음,법정동,,,,15000.0,11000.0,20000.0,,38.3,23.8,53.1,384.77
성내1동,강동구,행정동,37.528311675267105,127.12642283807074,아파트,전세,89,높음,해당지역,,,,58500.0,49600.0,70000.0,,73.6,59.6,84.9,835.668
성내1동,강동구,행정동,37.528311675267105,127.12642283807074,연립다세대,전세,72,높음,해당지역,,,,21990.0,15000.0,27587.5,,41.2,29.4,51.8,533.699
성내1동,강동구,행정동,37.528311675267105,127.12642283807074,오피스텔,전세,48,높음,법정동,,,,19950.0,18975.0,23000.0,,20.6,17.0,30.2,1114.241
성내2동,강동구,행정동,37.535201959466875,127.1271069312732,단독다가구,매매,34,높음,법정동,144109.5,123328.8,249000.0,,,,,191.7,175.2,233.4,737.664
성내2동,강동구,행정동,37.535201959466875,127.1271069312732,아파트,매매,110,높음,해당지역,112250.0,82000.0,136375.0,,,,,59.9,59.4,84.8,1459.699
성내2동,강동구,행정동,37.535201959466875,127.1271069312732,연립다세대,매매,142,높음,해당지역,45000.0,33550.0,58375.0,,,,,49.8,32.5,61.2,1131.649
성내2동,강동구,행정동,37.535201959466875,127.1271069312732,오피스텔,매매,14,보통,해당지역,43600.0,25800.0,44650.0,,,,,30.3,27.5,39.6,1361.103
성내2동,강동구,행정동,37.535201959466875,127.1271069312732,단독다가구,월세,845,높음,법정동,,,,1500.0,,,50.0,33.0,22.5,40.0,
성내2동,강동구,행정동,37.535201959466875,127.1271069312732,아파트,월세,176,높음,해당지역,,,,6066.0,,,48.5,33.7,16.1,60.0,
성내2동,강동구,행정동,37.535201959466875,127.1271069312732,연립다세대,월세,263,높음,해당지역,,,,11300.0,,,40.0,29.3,20.7,41.2,
성내2동,강동구,행정동,37.535201959466875,127.1271069312732,오피스텔,월세,74,높음,해당지역,,,,5000.0,,,78.5,23.0,17.0,30.1,
성내2동,강동구,행정동,37.535201959466875,127.1271069312732,단독다가구,전세,176,높음,법정동,,,,15000.0,11000.0,20000.0,,38.3,23.8,53.1,384.77
성내2동,강동구,행정동,37.535201959466875,127.1271069312732,아파트,전세,97,높음,해당지역,,,,60000.0,43050.0,75600.0,,84.2,59.4,84.8,813.276
성내2동,강동구,행정동,37.535201959466875,127.1271069312732,연립다세대,전세,112,높음,해당지역,,,,22550.0,18625.0,28550.0,,32.9,23.6,44.2,713.458
성내2동,강동구,행정동,37.535201959466875,127.1271069312732,오피스텔,전세,39,높음,해당지역,,,,20000.0,19800.0,26250.0,,17.6,17.0,29.9,1132.723
성내3동,강동구,행정동,37.530371932500564,127.13406284606911,단독다가구,매매,34,높음,법정동,144109.5,123328.8,249000.0,,,,,191.7,175.2,233.4,737.664
성내3동,강동구,행정동,37.530371932500564,127.13406284606911,아파트,매매,77,높음,해당지역,80000.0,69000.0,96000.0,,,,,81.4,59.9,84.9,1045.728
성내3동,강동구,행정동,37.530371932500564,127.13406284606911,연립다세대,매매,67,높음,해당지역,34000.0,26000.0,48700.0,,,,,43.0,32.0,52.9,854.793
성내3동,강동구,행정동,37.530371932500564,127.13406284606911,오피스텔,매매,22,보통,법정동,23200.0,14575.0,44425.0,,,,,26.6,21.0,30.6,740.401
성내3동,강동구,행정동,37.530371932500564,127.13406284606911,단독다가구,월세,845,높음,법정동,,,,1500.0,,,50.0,33.0,22.5,40.0,
성내3동,강동구,행정동,37.530371932500564,127.13406284606911,아파트,월세,129,높음,해당지역,,,,18740.0,,,27.0,26.1,15.9,57.8,
성내3동,강동구,행정동,37.530371932500564,127.13406284606911,연립다세대,월세,271,높음,해당지역,,,,10000.0,,,50.0,39.9,27.4,51.5,
성내3동,강동구,행정동,37.530371932500564,127.13406284606911,오피스텔,월세,30,높음,해당지역,,,,1000.0,,,65.0,29.2,22.8,30.4,
성내3동,강동구,행정동,37.530371932500564,127.13406284606911,단독다가구,전세,176,높음,법정동,,,,15000.0,11000.0,20000.0,,38.3,23.8,53.1,384.77
성내3동,강동구,행정동,37.530371932500564,127.13406284606911,아파트,전세,60,높음,해당지역,,,,47600.0,43500.0,55250.0,,75.4,59.8,84.7,684.227
성내3동,강동구,행정동,37.530371932500564,127.13406284606911,연립다세대,전세,100,높음,해당지역,,,,24890.0,20000.0,30000.0,,42.1,29.5,51.4,615.16
성내3동,강동구,행정동,37.530371932500564,127.13406284606911,오피스텔,전세,48,높음,법정동,,,,19950.0,18975.0,23000.0,,20.6,17.0,30.2,1114.241
암사1동,강동구,행정동,37.551530808173766,127.13400404701461,단독다가구,매매,93,높음,자치구,146500.0,100000.0,237430.0,,,,,204.2,154.4,265.9,700.052
암사1동,강동구,행정동,37.551530808173766,127.13400404701461,아파트,매매,70,높음,해당지역,156500.0,82125.0,172000.0,,,,,84.9,77.7,85.0,1502.767
암사1동,강동구,행정동,37.551530808173766,127.13400404701461,연립다세대,매매,163,높음,해당지역,34000.0,27300.0,42650.0,,,,,40.5,28.5,48.4,896.459
암사1동,강동구,행정동,37.551530808173766,127.13400404701461,오피스텔,매매,222,높음,자치구,17000.0,12525.0,23300.0,,,,,28.3,22.3,34.2,632.201
암사1동,강동구,행정동,37.551530808173766,127.13400404701461,단독다가구,월세,424,높음,법정동,,,,1000.0,,,50.0,33.0,24.8,45.0,
암사1동,강동구,행정동,37.551530808173766,127.13400404701461,아파트,월세,39,높음,해당지역,,,,41000.0,,,100.0,85.0,72.6,85.0,
암사1동,강동구,행정동,37.551530808173766,127.13400404701461,연립다세대,월세,323,높음,해당지역,,,,10000.0,,,35.0,35.2,27.5,44.3,
암사1동,강동구,행정동,37.551530808173766,127.13400404701461,오피스텔,월세,24,보통,해당지역,,,,2766.5,,,60.0,28.7,22.1,44.8,
암사1동,강동구,행정동,37.551530808173766,127.13400404701461,단독다가구,전세,69,높음,법정동,,,,15000.0,9000.0,23000.0,,39.7,29.8,62.0,348.653
암사1동,강동구,행정동,37.551530808173766,127.13400404701461,아파트,전세,50,높음,해당지역,,,,65000.0,46500.0,73125.0,,84.9,60.0,85.0,777.239
암사1동,강동구,행정동,37.551530808173766,127.13400404701461,연립다세대,전세,184,높음,해당지역,,,,24000.0,18900.0,28000.0,,40.6,29.4,49.9,585.522
암사1동,강동구,행정동,37.551530808173766,127.13400404701461,오피스텔,전세,17,보통,법정동,,,,15750.0,10500.0,21000.0,,20.8,17.8,35.1,601.805
암사2동,강동구,행정동,37.55116962180513,127.12593586429503,단독다가구,매매,93,높음,자치구,146500.0,100000.0,237430.0,,,,,204.2,154.4,265.9,700.052
암사2동,강동구,행정동,37.55116962180513,127.12593586429503,아파트,매매,106,높음,해당지역,150000.0,143925.0,159675.0,,,,,59.7,59.6,82.9,2325.609
암사2동,강동구,행정동,37.55116962180513,127.12593586429503,연립다세대,매매,18,보통,해당지역,28625.0,23675.0,33150.0,,,,,38.8,30.0,47.4,786.88
암사2동,강동구,행정동,37.55116962180513,127.12593586429503,오피스텔,매매,222,높음,자치구,17000.0,12525.0,23300.0,,,,,28.3,22.3,34.2,632.201
암사2동,강동구,행정동,37.55116962180513,127.12593586429503,단독다가구,월세,424,높음,법정동,,,,1000.0,,,50.0,33.0,24.8,45.0,
암사2동,강동구,행정동,37.55116962180513,127.12593586429503,아파트,월세,93,높음,해당지역,,,,20000.0,,,150.0,72.8,59.6,83.7,
암사2동,강동구,행정동,37.55116962180513,127.12593586429503,연립다세대,월세,89,높음,해당지역,,,,4000.0,,,50.0,26.2,20.3,32.2,
암사2동,강동구,행정동,37.55116962180513,127.12593586429503,오피스텔,월세,25,보통,해당지역,,,,2000.0,,,46.0,25.7,18.2,28.6,
암사2동,강동구,행정동,37.55116962180513,127.12593586429503,단독다가구,전세,69,높음,법정동,,,,15000.0,9000.0,23000.0,,39.7,29.8,62.0,348.653
암사2동,강동구,행정동,37.55116962180513,127.12593586429503,아파트,전세,299,높음,해당지역,,,,51000.0,31689.0,62600.0,,60.0,59.6,83.2,763.898
암사2동,강동구,행정동,37.55116962180513,127.12593586429503,연립다세대,전세,27,보통,해당지역,,,,25000.0,20550.0,38090.0,,36.0,28.5,40.5,830.554
암사2동,강동구,행정동,37.55116962180513,127.12593586429503,오피스텔,전세,17,보통,법정동,,,,15750.0,10500.0,21000.0,,20.8,17.8,35.1,601.805
암사3동,강동구,행정동,37.556277990760194,127.13964867013465,단독다가구,매매,93,높음,자치구,146500.0,100000.0,237430.0,,,,,204.2,154.4,265.9,700.052
암사3동,강동구,행정동,37.556277990760194,127.13964867013465,아파트,매매,98,높음,해당지역,176500.0,142750.0,191000.0,,,,,85.0,80.6,102.8,1884.436
암사3동,강동구,행정동,37.556277990760194,127.13964867013465,연립다세대,매매,27,보통,해당지역,34000.0,23000.0,44250.0,,,,,41.5,37.0,47.1,742.574
암사3동,강동구,행정동,37.556277990760194,127.13964867013465,오피스텔,매매,222,높음,자치구,17000.0,12525.0,23300.0,,,,,28.3,22.3,34.2,632.201
암사3동,강동구,행정동,37.556277990760194,127.13964867013465,단독다가구,월세,424,높음,법정동,,,,1000.0,,,50.0,33.0,24.8,45.0,
암사3동,강동구,행정동,37.556277990760194,127.13964867013465,아파트,월세,73,높음,해당지역,,,,30000.0,,,150.0,84.9,60.0,102.3,
암사3동,강동구,행정동,37.556277990760194,127.13964867013465,연립다세대,월세,40,높음,해당지역,,,,20000.0,,,16.0,38.8,29.6,51.8,
암사3동,강동구,행정동,37.556277990760194,127.13964867013465,오피스텔,월세,55,높음,법정동,,,,2200.0,,,51.0,27.6,21.1,33.8,
암사3동,강동구,행정동,37.556277990760194,127.13964867013465,단독다가구,전세,69,높음,법정동,,,,15000.0,9000.0,23000.0,,39.7,29.8,62.0,348.653
암사3동,강동구,행정동,37.556277990760194,127.13964867013465,아파트,전세,135,높음,해당지역,,,,72000.0,62475.0,83500.0,,85.0,60.0,102.3,882.561
암사3동,강동구,행정동,37.556277990760194,127.13964867013465,연립다세대,전세,38,높음,해당지역,,,,30300.0,25225.0,32250.0,,45.8,37.6,53.8,625.53
암사3동,강동구,행정동,37.556277990760194,127.13964867013465,오피스텔,전세,17,보통,법정동,,,,15750.0,10500.0,21000.0,,20.8,17.8,35.1,601.805
천호1동,강동구,행정동,37.5463177614656,127.13862851679956,단독다가구,매매,30,높음,법정동,94250.0,74250.0,155875.0,,,,,174.8,146.0,233.9,545.567
천호1동,강동구,행정동,37.5463177614656,127.13862851679956,아파트,매매,95,높음,해당지역,78000.0,62750.0,105600.0,,,,,75.8,59.9,84.7,1122.782
천호1동,강동구,행정동,37.5463177614656,127.13862851679956,연립다세대,매매,155,높음,해당지역,32000.0,27000.0,41000.0,,,,,38.5,29.5,49.6,895.154
천호1동,강동구,행정동,37.5463177614656,127.13862851679956,오피스텔,매매,110,높음,법정동,17750.0,15400.0,22925.0,,,,,30.5,25.2,34.2,632.201
천호1동,강동구,행정동,37.5463177614656,127.13862851679956,단독다가구,월세,955,높음,법정동,,,,1000.0,,,45.0,33.0,23.2,44.6,
천호1동,강동구,행정동,37.5463177614656,127.13862851679956,아파트,월세,41,높음,해당지역,,,,10000.0,,,80.0,66.4,51.4,84.7,
천호1동,강동구,행정동,37.5463177614656,127.13862851679956,연립다세대,월세,307,높음,해당지역,,,,5000.0,,,40.0,33.4,27.5,44.5,
천호1동,강동구,행정동,37.5463177614656,127.13862851679956,오피스텔,월세,761,높음,법정동,,,,2000.0,,,67.0,25.7,23.2,31.4,
천호1동,강동구,행정동,37.5463177614656,127.13862851679956,단독다가구,전세,228,높음,법정동,,,,13000.0,8000.0,18000.0,,38.1,28.0,58.1,337.838
천호1동,강동구,행정동,37.5463177614656,127.13862851679956,아파트,전세,49,높음,해당지역,,,,44000.0,38100.0,50000.0,,78.8,58.1,84.8,670.825
천호1동,강동구,행정동,37.5463177614656,127.13862851679956,연립다세대,전세,122,높음,해당지역,,,,21867.5,17700.0,27000.0,,38.3,29.8,51.5,590.761
천호1동,강동구,행정동,37.5463177614656,127.13862851679956,오피스텔,전세,131,높음,법정동,,,,23000.0,17158.5,27375.0,,28.6,23.2,39.7,742.942
천호2동,강동구,행정동,37.54343277553406,127.12612949122938,단독다가구,매매,30,높음,법정동,94250.0,74250.0,155875.0,,,,,174.8,146.0,233.9,545.567
천호2동,강동구,행정동,37.54343277553406,127.12612949122938,아파트,매매,87,높음,해당지역,82000.0,64635.0,125750.0,,,,,84.5,56.0,85.0,1134.089
천호2동,강동구,행정동,37.54343277553406,127.12612949122938,연립다세대,매매,236,높음,해당지역,38849.5,31000.0,48500.0,,,,,30.6,26.6,42.1,1197.434
천호2동,강동구,행정동,37.54343277553406,127.12612949122938,오피스텔,매매,52,높음,해당지역,17350.0,15800.0,20600.0,,,,,31.4,25.4,34.2,632.201
천호2동,강동구,행정동,37.54343277553406,127.12612949122938,단독다가구,월세,955,높음,법정동,,,,1000.0,,,45.0,33.0,23.2,44.6,
천호2동,강동구,행정동,37.54343277553406,127.12612949122938,아파트,월세,212,높음,해당지역,,,,8218.5,,,40.0,31.4,17.1,47.8,
천호2동,강동구,행정동,37.54343277553406,127.12612949122938,연립다세대,월세,357,높음,해당지역,,,,12800.0,,,34.0,29.9,26.3,44.4,
천호2동,강동구,행정동,37.54343277553406,127.12612949122938,오피스텔,월세,328,높음,해당지역,,,,1000.0,,,75.0,26.6,25.2,31.6,
천호2동,강동구,행정동,37.54343277553406,127.12612949122938,단독다가구,전세,228,높음,법정동,,,,13000.0,8000.0,18000.0,,38.1,28.0,58.1,337.838
천호2동,강동구,행정동,37.54343277553406,127.12612949122938,아파트,전세,114,높음,해당지역,,,,62000.0,40237.5,74875.0,,74.8,31.8,85.0,1024.0
천호2동,강동구,행정동,37.54343277553406,127.12612949122938,연립다세대,전세,242,높음,해당지역,,,,24775.0,20960.2,29000.0,,30.9,26.9,45.6,738.114
천호2동,강동구,행정동,37.54343277553406,127.12612949122938,오피스텔,전세,17,보통,해당지역,,,,17000.0,15400.0,25000.0,,31.4,23.4,34.2,618.812
천호3동,강동구,행정동,37.53868845535211,127.13171632416102,단독다가구,매매,30,높음,법정동,94250.0,74250.0,155875.0,,,,,174.8,146.0,233.9,545.567
천호3동,강동구,행정동,37.53868845535211,127.13171632416102,아파트,매매,124,높음,해당지역,84500.0,69000.0,143250.0,,,,,75.9,60.0,85.0,1238.326
천호3동,강동구,행정동,37.53868845535211,127.13171632416102,연립다세대,매매,44,높음,해당지역,34000.0,27750.0,44950.0,,,,,38.6,29.3,48.5,983.791
천호3동,강동구,행정동,37.53868845535211,127.13171632416102,오피스텔,매매,57,높음,해당지역,18000.0,13900.0,30000.0,,,,,28.4,22.8,39.6,620.821
천호3동,강동구,행정동,37.53868845535211,127.13171632416102,단독다가구,월세,955,높음,법정동,,,,1000.0,,,45.0,33.0,23.2,44.6,
천호3동,강동구,행정동,37.53868845535211,127.13171632416102,아파트,월세,210,높음,해당지역,,,,3000.0,,,85.0,14.4,14.4,60.0,
천호3동,강동구,행정동,37.53868845535211,127.13171632416102,연립다세대,월세,240,높음,해당지역,,,,7634.0,,,32.0,26.6,19.4,34.6,
천호3동,강동구,행정동,37.53868845535211,127.13171632416102,오피스텔,월세,427,높음,해당지역,,,,2000.0,,,60.0,25.0,20.5,31.4,
천호3동,강동구,행정동,37.53868845535211,127.13171632416102,단독다가구,전세,228,높음,법정동,,,,13000.0,8000.0,18000.0,,38.1,28.0,58.1,337.838
천호3동,강동구,행정동,37.53868845535211,127.13171632416102,아파트,전세,124,높음,해당지역,,,,70000.0,50000.0,87500.0,,84.9,60.0,85.0,988.584
천호3동,강동구,행정동,37.53868845535211,127.13171632416102,연립다세대,전세,106,높음,해당지역,,,,23600.0,20000.0,27300.0,,29.2,22.5,40.2,865.196
천호3동,강동구,행정동,37.53868845535211,127.13171632416102,오피스텔,전세,114,높음,해당지역,,,,23086.0,18600.0,28000.0,,27.8,23.2,41.0,796.744
미아동,강북구,행정동,37.63096045957435,127.025383747342,단독다가구,매매,43,높음,법정동,63000.0,46500.0,81900.0,,,,,137.1,66.6,176.2,515.464
미아동,강북구,행정동,37.63096045957435,127.025383747342,아파트,매매,25,보통,해당지역,44500.0,13900.0,61000.0,,,,,66.0,18.6,84.9,718.408
미아동,강북구,행정동,37.63096045957435,127.025383747342,연립다세대,매매,102,높음,해당지역,26775.0,21500.0,31800.0,,,,,40.3,29.9,52.3,566.488
미아동,강북구,행정동,37.63096045957435,127.025383747342,오피스텔,매매,14,보통,해당지역,13200.0,12562.5,13887.5,,,,,22.4,22.4,22.4,588.579
미아동,강북구,행정동,37.63096045957435,127.025383747342,단독다가구,월세,868,높음,법정동,,,,1000.0,,,42.0,33.0,21.0,50.0,
미아동,강북구,행정동,37.63096045957435,127.025383747342,아파트,월세,55,높음,해당지역,,,,1000.0,,,70.0,18.6,18.6,18.6,
미아동,강북구,행정동,37.63096045957435,127.025383747342,연립다세대,월세,165,높음,해당지역,,,,1000.0,,,53.0,27.5,15.9,40.3,
미아동,강북구,행정동,37.63096045957435,127.025383747342,오피스텔,월세,119,높음,해당지역,,,,1000.0,,,70.0,22.4,18.5,22.4,
미아동,강북구,행정동,37.63096045957435,127.025383747342,단독다가구,전세,239,높음,법정동,,,,10000.0,7000.0,15000.0,,45.0,30.8,54.4,250.0
미아동,강북구,행정동,37.63096045957435,127.025383747342,아파트,전세,12,보통,해당지역,,,,34000.0,32000.0,42250.0,,59.7,34.4,77.4,746.37
미아동,강북구,행정동,37.63096045957435,127.025383747342,연립다세대,전세,83,높음,해당지역,,,,13000.0,11525.0,20000.0,,39.6,36.7,47.9,328.048
미아동,강북구,행정동,37.63096045957435,127.025383747342,오피스텔,전세,56,높음,자치구,,,,18600.0,15500.0,26000.0,,24.3,17.0,29.5,893.495
번1동,강북구,행정동,37.637376778538936,127.02738305047131,단독다가구,매매,87,높음,자치구,59000.0,45750.0,81500.0,,,,,148.7,69.0,179.9,482.42
번1동,강북구,행정동,37.637376778538936,127.02738305047131,아파트,매매,17,보통,해당지역,56500.0,50600.0,75500.0,,,,,71.0,59.8,85.0,846.579
번1동,강북구,행정동,37.637376778538936,127.02738305047131,연립다세대,매매,20,보통,해당지역,28500.0,19875.0,34500.0,,,,,42.7,38.7,55.2,520.963
번1동,강북구,행정동,37.637376778538936,127.02738305047131,오피스텔,매매,14,보통,해당지역,14100.0,8650.0,16285.0,,,,,24.9,24.1,36.4,406.927
번1동,강북구,행정동,37.637376778538936,127.02738305047131,단독다가구,월세,331,높음,법정동,,,,500.0,,,45.0,27.0,19.9,36.2,
번1동,강북구,행정동,37.637376778538936,127.02738305047131,아파트,월세,52,높음,해당지역,,,,2500.0,,,83.0,18.9,14.4,21.6,
번1동,강북구,행정동,37.637376778538936,127.02738305047131,연립다세대,월세,70,높음,해당지역,,,,2500.0,,,54.5,40.3,17.8,48.8,
번1동,강북구,행정동,37.637376778538936,127.02738305047131,오피스텔,월세,64,높음,해당지역,,,,1000.0,,,60.0,25.6,24.1,29.1,
번1동,강북구,행정동,37.637376778538936,127.02738305047131,단독다가구,전세,73,높음,법정동,,,,12000.0,7000.0,14000.0,,36.4,28.8,50.0,290.0
번1동,강북구,행정동,37.637376778538936,127.02738305047131,아파트,전세,43,높음,해당지역,,,,22500.0,21350.0,38850.0,,20.2,18.5,85.0,1031.271
번1동,강북구,행정동,37.637376778538936,127.02738305047131,연립다세대,전세,22,보통,해당지역,,,,14000.0,13000.0,18000.0,,42.8,34.4,55.9,353.929
번1동,강북구,행정동,37.637376778538936,127.02738305047131,오피스텔,전세,12,보통,해당지역,,,,26000.0,21125.0,27250.0,,27.1,24.3,29.2,924.975
번2동,강북구,행정동,37.628829604242675,127.03493192012391,단독다가구,매매,87,높음,자치구,59000.0,45750.0,81500.0,,,,,148.7,69.0,179.9,482.42
번2동,강북구,행정동,37.628829604242675,127.03493192012391,아파트,매매,31,높음,해당지역,49200.0,43350.0,56875.0,,,,,59.2,49.9,84.8,827.423
번2동,강북구,행정동,37.628829604242675,127.03493192012391,연립다세대,매매,32,높음,해당지역,17000.0,13450.0,24850.0,,,,,41.5,37.1,48.9,411.843
번2동,강북구,행정동,37.628829604242675,127.03493192012391,오피스텔,매매,14,보통,법정동,14100.0,8650.0,16285.0,,,,,24.9,24.1,36.4,406.927
번2동,강북구,행정동,37.628829604242675,127.03493192012391,단독다가구,월세,331,높음,법정동,,,,500.0,,,45.0,27.0,19.9,36.2,
번2동,강북구,행정동,37.628829604242675,127.03493192012391,아파트,월세,18,보통,해당지역,,,,2750.0,,,80.0,44.9,41.3,49.9,
번2동,강북구,행정동,37.628829604242675,127.03493192012391,연립다세대,월세,78,높음,해당지역,,,,1750.0,,,40.0,36.3,32.4,44.1,
번2동,강북구,행정동,37.628829604242675,127.03493192012391,오피스텔,월세,64,높음,법정동,,,,1000.0,,,60.0,25.6,24.1,29.1,
번2동,강북구,행정동,37.628829604242675,127.03493192012391,단독다가구,전세,73,높음,법정동,,,,12000.0,7000.0,14000.0,,36.4,28.8,50.0,290.0
번2동,강북구,행정동,37.628829604242675,127.03493192012391,아파트,전세,34,높음,해당지역,,,,28000.0,21250.0,37725.0,,59.2,46.2,82.7,477.651
번2동,강북구,행정동,37.628829604242675,127.03493192012391,연립다세대,전세,87,높음,해당지역,,,,10000.0,8095.0,12000.0,,36.9,32.3,45.2,278.33
번2동,강북구,행정동,37.628829604242675,127.03493192012391,오피스텔,전세,12,보통,법정동,,,,26000.0,21125.0,27250.0,,27.1,24.3,29.2,924.975
번3동,강북구,행정동,37.62565634579554,127.04393325200834,단독다가구,매매,87,높음,자치구,59000.0,45750.0,81500.0,,,,,148.7,69.0,179.9,482.42
번3동,강북구,행정동,37.62565634579554,127.04393325200834,아파트,매매,140,높음,해당지역,52750.0,47000.0,60125.0,,,,,59.9,49.9,84.6,817.484
번3동,강북구,행정동,37.62565634579554,127.04393325200834,연립다세대,매매,12,보통,해당지역,15500.0,10715.0,19675.0,,,,,45.6,40.2,54.4,335.457
번3동,강북구,행정동,37.62565634579554,127.04393325200834,오피스텔,매매,14,보통,법정동,14100.0,8650.0,16285.0,,,,,24.9,24.1,36.4,406.927
번3동,강북구,행정동,37.62565634579554,127.04393325200834,단독다가구,월세,331,높음,법정동,,,,500.0,,,45.0,27.0,19.9,36.2,
번3동,강북구,행정동,37.62565634579554,127.04393325200834,아파트,월세,73,높음,해당지역,,,,4760.0,,,70.0,41.3,41.3,49.9,
번3동,강북구,행정동,37.62565634579554,127.04393325200834,연립다세대,월세,12,보통,해당지역,,,,1000.0,,,47.5,46.3,41.0,50.2,
번3동,강북구,행정동,37.62565634579554,127.04393325200834,오피스텔,월세,64,높음,법정동,,,,1000.0,,,60.0,25.6,24.1,29.1,
번3동,강북구,행정동,37.62565634579554,127.04393325200834,단독다가구,전세,73,높음,법정동,,,,12000.0,7000.0,14000.0,,36.4,28.8,50.0,290.0
번3동,강북구,행정동,37.62565634579554,127.04393325200834,아파트,전세,85,높음,해당지역,,,,28000.0,19400.0,35500.0,,49.9,41.3,84.6,460.553
번3동,강북구,행정동,37.62565634579554,127.04393325200834,연립다세대,전세,111,높음,법정동,,,,11000.0,8550.0,13000.0,,37.3,32.3,48.3,282.965
번3동,강북구,행정동,37.62565634579554,127.04393325200834,오피스텔,전세,12,보통,법정동,,,,26000.0,21125.0,27250.0,,27.1,24.3,29.2,924.975
삼각산동,강북구,행정동,37.616827694162275,127.016766786174,단독다가구,매매,43,높음,법정동,63000.0,46500.0,81900.0,,,,,137.1,66.6,176.2,515.464
삼각산동,강북구,행정동,37.616827694162275,127.016766786174,아파트,매매,428,높음,해당지역,79000.0,72500.0,91175.0,,,,,84.8,60.0,85.0,991.355
삼각산동,강북구,행정동,37.616827694162275,127.016766786174,연립다세대,매매,281,높음,법정동,29700.0,21500.0,37700.0,,,,,46.4,36.4,55.4,594.714
삼각산동,강북구,행정동,37.616827694162275,127.016766786174,오피스텔,매매,14,보통,법정동,13200.0,12562.5,13887.5,,,,,22.4,22.4,22.4,588.579
삼각산동,강북구,행정동,37.616827694162275,127.016766786174,단독다가구,월세,868,높음,법정동,,,,1000.0,,,42.0,33.0,21.0,50.0,
삼각산동,강북구,행정동,37.616827694162275,127.016766786174,아파트,월세,192,높음,해당지역,,,,9546.0,,,92.5,60.0,55.5,84.8,
삼각산동,강북구,행정동,37.616827694162275,127.016766786174,연립다세대,월세,385,높음,법정동,,,,2000.0,,,52.0,39.6,25.9,49.7,
삼각산동,강북구,행정동,37.616827694162275,127.016766786174,오피스텔,월세,120,높음,법정동,,,,1000.0,,,70.0,22.4,18.5,22.4,
삼각산동,강북구,행정동,37.616827694162275,127.016766786174,단독다가구,전세,239,높음,법정동,,,,10000.0,7000.0,15000.0,,45.0,30.8,54.4,250.0
삼각산동,강북구,행정동,37.616827694162275,127.016766786174,아파트,전세,229,높음,해당지역,,,,49350.0,43000.0,55650.0,,84.8,60.0,85.0,623.603
삼각산동,강북구,행정동,37.616827694162275,127.016766786174,연립다세대,전세,264,높음,법정동,,,,14950.0,11537.5,21000.0,,45.0,39.2,55.5,320.589
삼각산동,강북구,행정동,37.616827694162275,127.016766786174,오피스텔,전세,56,높음,자치구,,,,18600.0,15500.0,26000.0,,24.3,17.0,29.5,893.495
삼양동,강북구,행정동,37.624129456705155,127.01474102674199,단독다가구,매매,43,높음,법정동,63000.0,46500.0,81900.0,,,,,137.1,66.6,176.2,515.464
삼양동,강북구,행정동,37.624129456705155,127.01474102674199,아파트,매매,83,높음,해당지역,67000.0,62000.0,71250.0,,,,,84.9,60.0,84.9,824.597
삼양동,강북구,행정동,37.624129456705155,127.01474102674199,연립다세대,매매,73,높음,해당지역,22500.0,17300.0,30577.0,,,,,52.1,43.0,57.3,435.903
삼양동,강북구,행정동,37.624129456705155,127.01474102674199,오피스텔,매매,14,보통,법정동,13200.0,12562.5,13887.5,,,,,22.4,22.4,22.4,588.579
삼양동,강북구,행정동,37.624129456705155,127.01474102674199,단독다가구,월세,868,높음,법정동,,,,1000.0,,,42.0,33.0,21.0,50.0,
삼양동,강북구,행정동,37.624129456705155,127.01474102674199,아파트,월세,29,보통,해당지역,,,,10000.0,,,120.0,84.6,59.7,84.9,
삼양동,강북구,행정동,37.624129456705155,127.01474102674199,연립다세대,월세,78,높음,해당지역,,,,5000.0,,,60.0,48.6,42.5,59.8,
삼양동,강북구,행정동,37.624129456705155,127.01474102674199,오피스텔,월세,120,높음,법정동,,,,1000.0,,,70.0,22.4,18.5,22.4,
삼양동,강북구,행정동,37.624129456705155,127.01474102674199,단독다가구,전세,239,높음,법정동,,,,10000.0,7000.0,15000.0,,45.0,30.8,54.4,250.0
삼양동,강북구,행정동,37.624129456705155,127.01474102674199,아파트,전세,55,높음,해당지역,,,,42000.0,37400.0,48000.0,,84.6,59.7,84.9,588.838
삼양동,강북구,행정동,37.624129456705155,127.01474102674199,연립다세대,전세,68,높음,해당지역,,,,17000.0,12037.5,23000.0,,52.5,43.1,59.5,305.27
삼양동,강북구,행정동,37.624129456705155,127.01474102674199,오피스텔,전세,56,높음,자치구,,,,18600.0,15500.0,26000.0,,24.3,17.0,29.5,893.495
송중동,강북구,행정동,37.618654765758386,127.03376644023399,단독다가구,매매,43,높음,법정동,63000.0,46500.0,81900.0,,,,,137.1,66.6,176.2,515.464
송중동,강북구,행정동,37.618654765758386,127.03376644023399,아파트,매매,130,높음,해당지역,87250.0,78550.0,95000.0,,,,,84.7,60.0,84.9,1173.806
송중동,강북구,행정동,37.618654765758386,127.03376644023399,연립다세대,매매,32,높음,해당지역,36500.0,29925.0,43375.0,,,,,50.9,45.6,58.1,724.368
송중동,강북구,행정동,37.618654765758386,127.03376644023399,오피스텔,매매,14,보통,법정동,13200.0,12562.5,13887.5,,,,,22.4,22.4,22.4,588.579
송중동,강북구,행정동,37.618654765758386,127.03376644023399,단독다가구,월세,868,높음,법정동,,,,1000.0,,,42.0,33.0,21.0,50.0,
송중동,강북구,행정동,37.618654765758386,127.03376644023399,아파트,월세,74,높음,해당지역,,,,10999.0,,,73.0,60.0,49.5,84.9,
송중동,강북구,행정동,37.618654765758386,127.03376644023399,연립다세대,월세,81,높음,해당지역,,,,2000.0,,,50.0,42.4,31.1,52.1,
송중동,강북구,행정동,37.618654765758386,127.03376644023399,오피스텔,월세,120,높음,법정동,,,,1000.0,,,70.0,22.4,18.5,22.4,
송중동,강북구,행정동,37.618654765758386,127.03376644023399,단독다가구,전세,239,높음,법정동,,,,10000.0,7000.0,15000.0,,45.0,30.8,54.4,250.0
송중동,강북구,행정동,37.618654765758386,127.03376644023399,아파트,전세,73,높음,해당지역,,,,50000.0,45000.0,55650.0,,84.6,60.0,84.9,682.06
송중동,강북구,행정동,37.618654765758386,127.03376644023399,연립다세대,전세,67,높음,해당지역,,,,13000.0,10995.0,18500.0,,46.2,39.7,54.5,281.385
송중동,강북구,행정동,37.618654765758386,127.03376644023399,오피스텔,전세,56,높음,자치구,,,,18600.0,15500.0,26000.0,,24.3,17.0,29.5,893.495
송천동,강북구,행정동,37.61837448148578,127.02418625320547,단독다가구,매매,43,높음,법정동,63000.0,46500.0,81900.0,,,,,137.1,66.6,176.2,515.464
송천동,강북구,행정동,37.61837448148578,127.02418625320547,아파트,매매,48,높음,해당지역,97750.0,54700.0,107250.0,,,,,68.7,60.0,84.9,1283.882
송천동,강북구,행정동,37.61837448148578,127.02418625320547,연립다세대,매매,74,높음,해당지역,42000.0,29250.0,56750.0,,,,,46.5,39.1,54.0,833.012
송천동,강북구,행정동,37.61837448148578,127.02418625320547,오피스텔,매매,14,보통,법정동,13200.0,12562.5,13887.5,,,,,22.4,22.4,22.4,588.579
송천동,강북구,행정동,37.61837448148578,127.02418625320547,단독다가구,월세,868,높음,법정동,,,,1000.0,,,42.0,33.0,21.0,50.0,
송천동,강북구,행정동,37.61837448148578,127.02418625320547,아파트,월세,92,높음,해당지역,,,,9280.0,,,112.5,60.0,40.0,84.9,
송천동,강북구,행정동,37.61837448148578,127.02418625320547,연립다세대,월세,60,높음,해당지역,,,,3000.0,,,50.0,40.9,32.0,49.2,
송천동,강북구,행정동,37.61837448148578,127.02418625320547,오피스텔,월세,120,높음,법정동,,,,1000.0,,,70.0,22.4,18.5,22.4,
송천동,강북구,행정동,37.61837448148578,127.02418625320547,단독다가구,전세,239,높음,법정동,,,,10000.0,7000.0,15000.0,,45.0,30.8,54.4,250.0
송천동,강북구,행정동,37.61837448148578,127.02418625320547,아파트,전세,100,높음,해당지역,,,,60000.0,44750.0,66000.0,,75.0,59.4,84.9,802.165
송천동,강북구,행정동,37.61837448148578,127.02418625320547,연립다세대,전세,46,높음,해당지역,,,,20000.0,12125.0,22875.0,,48.0,40.7,57.1,333.333
송천동,강북구,행정동,37.61837448148578,127.02418625320547,오피스텔,전세,56,높음,자치구,,,,18600.0,15500.0,26000.0,,24.3,17.0,29.5,893.495
수유1동,강북구,행정동,37.631975036373326,127.01907210684752,단독다가구,매매,30,높음,법정동,51250.0,42325.0,78000.0,,,,,126.6,64.7,180.7,428.231
수유1동,강북구,행정동,37.631975036373326,127.01907210684752,아파트,매매,16,보통,해당지역,46500.0,11375.0,53500.0,,,,,48.6,19.0,75.4,685.9
수유1동,강북구,행정동,37.631975036373326,127.01907210684752,연립다세대,매매,90,높음,해당지역,23000.0,16250.0,31000.0,,,,,45.7,37.0,58.1,482.705
수유1동,강북구,행정동,37.631975036373326,127.01907210684752,오피스텔,매매,26,보통,해당지역,12400.0,11000.0,16125.0,,,,,29.5,22.6,38.7,379.821
수유1동,강북구,행정동,37.631975036373326,127.01907210684752,단독다가구,월세,1179,높음,법정동,,,,500.0,,,45.0,28.0,19.0,40.4,
수유1동,강북구,행정동,37.631975036373326,127.01907210684752,아파트,월세,44,높음,해당지역,,,,2500.0,,,44.5,18.8,14.4,25.8,
수유1동,강북구,행정동,37.631975036373326,127.01907210684752,연립다세대,월세,112,높음,해당지역,,,,3000.0,,,45.0,35.4,29.6,47.7,
수유1동,강북구,행정동,37.631975036373326,127.01907210684752,오피스텔,월세,98,높음,해당지역,,,,1000.0,,,90.0,23.2,21.6,28.1,
수유1동,강북구,행정동,37.631975036373326,127.01907210684752,단독다가구,전세,183,높음,법정동,,,,10500.0,7000.0,15000.0,,43.7,31.5,58.2,231.702
수유1동,강북구,행정동,37.631975036373326,127.01907210684752,아파트,전세,14,보통,해당지역,,,,17800.0,16075.0,19950.0,,18.7,14.8,22.1,902.715
수유1동,강북구,행정동,37.631975036373326,127.01907210684752,연립다세대,전세,67,높음,해당지역,,,,15120.0,11000.0,20700.0,,44.5,36.9,56.3,332.945
수유1동,강북구,행정동,37.631975036373326,127.01907210684752,오피스텔,전세,22,보통,해당지역,,,,16250.0,15500.0,19375.0,,17.0,17.0,33.3,867.137
수유2동,강북구,행정동,37.64593817436504,127.01816816299781,단독다가구,매매,30,높음,법정동,51250.0,42325.0,78000.0,,,,,126.6,64.7,180.7,428.231
수유2동,강북구,행정동,37.64593817436504,127.01816816299781,아파트,매매,78,높음,해당지역,61350.0,55125.0,70875.0,,,,,83.4,63.8,85.0,800.471
수유2동,강북구,행정동,37.64593817436504,127.01816816299781,연립다세대,매매,83,높음,해당지역,22000.0,15650.0,30150.0,,,,,46.6,36.3,56.0,520.833
수유2동,강북구,행정동,37.64593817436504,127.01816816299781,오피스텔,매매,41,높음,법정동,12400.0,11000.0,14400.0,,,,,30.2,25.5,34.2,401.771
수유2동,강북구,행정동,37.64593817436504,127.01816816299781,단독다가구,월세,1179,높음,법정동,,,,500.0,,,45.0,28.0,19.0,40.4,
수유2동,강북구,행정동,37.64593817436504,127.01816816299781,아파트,월세,46,높음,해당지역,,,,5000.0,,,70.0,59.9,14.9,63.8,
수유2동,강북구,행정동,37.64593817436504,127.01816816299781,연립다세대,월세,137,높음,해당지역,,,,2000.0,,,35.0,33.3,26.0,46.7,
수유2동,강북구,행정동,37.64593817436504,127.01816816299781,오피스텔,월세,10,보통,해당지역,,,,1000.0,,,60.0,19.0,16.7,19.2,
수유2동,강북구,행정동,37.64593817436504,127.01816816299781,단독다가구,전세,183,높음,법정동,,,,10500.0,7000.0,15000.0,,43.7,31.5,58.2,231.702
수유2동,강북구,행정동,37.64593817436504,127.01816816299781,아파트,전세,58,높음,해당지역,,,,38000.0,35000.0,45000.0,,63.8,63.8,84.9,529.911
수유2동,강북구,행정동,37.64593817436504,127.01816816299781,연립다세대,전세,41,높음,해당지역,,,,17500.0,12870.0,20900.0,,46.7,36.4,57.7,341.815
수유2동,강북구,행정동,37.64593817436504,127.01816816299781,오피스텔,전세,36,높음,법정동,,,,17500.0,15925.0,25000.0,,19.9,17.0,31.3,893.495
수유3동,강북구,행정동,37.63844709092183,127.02308638855217,단독다가구,매매,30,높음,법정동,51250.0,42325.0,78000.0,,,,,126.6,64.7,180.7,428.231
수유3동,강북구,행정동,37.63844709092183,127.02308638855217,아파트,매매,13,보통,해당지역,30800.0,26000.0,38500.0,,,,,27.4,24.3,77.5,949.252
수유3동,강북구,행정동,37.63844709092183,127.02308638855217,연립다세대,매매,72,높음,해당지역,24900.0,18375.0,28550.0,,,,,49.3,35.3,57.6,476.089
수유3동,강북구,행정동,37.63844709092183,127.02308638855217,오피스텔,매매,11,보통,해당지역,12500.0,12275.0,14250.0,,,,,30.5,30.3,34.3,408.577
수유3동,강북구,행정동,37.63844709092183,127.02308638855217,단독다가구,월세,1179,높음,법정동,,,,500.0,,,45.0,28.0,19.0,40.4,
수유3동,강북구,행정동,37.63844709092183,127.02308638855217,아파트,월세,112,높음,해당지역,,,,1000.0,,,78.0,17.5,13.5,22.0,
수유3동,강북구,행정동,37.63844709092183,127.02308638855217,연립다세대,월세,127,높음,해당지역,,,,3000.0,,,53.0,42.1,29.2,48.5,
수유3동,강북구,행정동,37.63844709092183,127.02308638855217,오피스텔,월세,121,높음,해당지역,,,,1000.0,,,75.0,23.0,16.1,31.2,
수유3동,강북구,행정동,37.63844709092183,127.02308638855217,단독다가구,전세,183,높음,법정동,,,,10500.0,7000.0,15000.0,,43.7,31.5,58.2,231.702
수유3동,강북구,행정동,37.63844709092183,127.02308638855217,아파트,전세,16,보통,해당지역,,,,21950.0,15300.0,39250.0,,35.8,13.4,64.5,735.144
수유3동,강북구,행정동,37.63844709092183,127.02308638855217,연립다세대,전세,31,높음,해당지역,,,,16500.0,12250.0,20000.0,,41.6,34.2,57.3,366.524
수유3동,강북구,행정동,37.63844709092183,127.02308638855217,오피스텔,전세,36,높음,법정동,,,,17500.0,15925.0,25000.0,,19.9,17.0,31.3,893.495
우이동,강북구,행정동,37.65485501031822,127.01169635012567,단독다가구,매매,87,높음,자치구,59000.0,45750.0,81500.0,,,,,148.7,69.0,179.9,482.42
우이동,강북구,행정동,37.65485501031822,127.01169635012567,아파트,매매,17,보통,해당지역,49000.0,40000.0,57000.0,,,,,84.9,66.3,85.0,611.909
우이동,강북구,행정동,37.65485501031822,127.01169635012567,연립다세대,매매,126,높음,해당지역,23750.0,15337.5,31875.0,,,,,46.4,38.9,56.0,441.936
우이동,강북구,행정동,37.65485501031822,127.01169635012567,오피스텔,매매,69,높음,자치구,12800.0,11500.0,14400.0,,,,,27.8,22.4,33.7,420.168
우이동,강북구,행정동,37.65485501031822,127.01169635012567,단독다가구,월세,118,높음,해당지역,,,,500.0,,,43.0,19.8,16.5,46.1,
우이동,강북구,행정동,37.65485501031822,127.01169635012567,아파트,월세,855,높음,자치구,,,,5000.0,,,76.0,41.3,18.6,65.6,
우이동,강북구,행정동,37.65485501031822,127.01169635012567,연립다세대,월세,140,높음,해당지역,,,,3679.5,,,35.0,44.4,31.2,52.4,
우이동,강북구,행정동,37.65485501031822,127.01169635012567,오피스텔,월세,450,높음,자치구,,,,1000.0,,,70.0,23.1,19.6,28.1,
우이동,강북구,행정동,37.65485501031822,127.01169635012567,단독다가구,전세,15,보통,해당지역,,,,7500.0,6750.0,12500.0,,30.2,17.2,44.6,300.0
우이동,강북구,행정동,37.65485501031822,127.01169635012567,아파트,전세,15,보통,해당지역,,,,35306.0,32525.0,40500.0,,84.9,84.8,85.0,435.397
우이동,강북구,행정동,37.65485501031822,127.01169635012567,연립다세대,전세,41,높음,해당지역,,,,18370.0,11000.0,21000.0,,47.9,35.8,60.9,341.168
우이동,강북구,행정동,37.65485501031822,127.01169635012567,오피스텔,전세,56,높음,자치구,,,,18600.0,15500.0,26000.0,,24.3,17.0,29.5,893.495
인수동,강북구,행정동,37.638694442317025,127.01475823915263,단독다가구,매매,30,높음,법정동,51250.0,42325.0,78000.0,,,,,126.6,64.7,180.7,428.231
인수동,강북구,행정동,37.638694442317025,127.01475823915263,아파트,매매,27,보통,해당지역,26000.0,25900.0,52500.0,,,,,20.7,20.4,85.0,1207.729
인수동,강북구,행정동,37.638694442317025,127.01475823915263,연립다세대,매매,219,높음,해당지역,22200.0,17000.0,26729.5,,,,,41.1,28.6,53.9,537.804
인수동,강북구,행정동,37.638694442317025,127.01475823915263,오피스텔,매매,41,높음,법정동,12400.0,11000.0,14400.0,,,,,30.2,25.5,34.2,401.771
인수동,강북구,행정동,37.638694442317025,127.01475823915263,단독다가구,월세,1179,높음,법정동,,,,500.0,,,45.0,28.0,19.0,40.4,
인수동,강북구,행정동,37.638694442317025,127.01475823915263,아파트,월세,64,높음,해당지역,,,,1000.0,,,95.0,17.2,14.8,36.8,
인수동,강북구,행정동,37.638694442317025,127.01475823915263,연립다세대,월세,204,높음,해당지역,,,,3000.0,,,40.0,43.7,30.0,53.6,
인수동,강북구,행정동,37.638694442317025,127.01475823915263,오피스텔,월세,37,높음,해당지역,,,,2000.0,,,110.0,28.0,23.6,35.0,
인수동,강북구,행정동,37.638694442317025,127.01475823915263,단독다가구,전세,183,높음,법정동,,,,10500.0,7000.0,15000.0,,43.7,31.5,58.2,231.702
인수동,강북구,행정동,37.638694442317025,127.01475823915263,아파트,전세,97,높음,법정동,,,,36000.0,26500.0,42000.0,,63.8,51.9,84.9,540.922
인수동,강북구,행정동,37.638694442317025,127.01475823915263,연립다세대,전세,79,높음,해당지역,,,,14100.0,8000.0,18100.0,,47.5,29.5,59.3,280.28
인수동,강북구,행정동,37.638694442317025,127.01475823915263,오피스텔,전세,36,높음,법정동,,,,17500.0,15925.0,25000.0,,19.9,17.0,31.3,893.495
가양1동,강서구,행정동,37.56648006694209,126.834914873601,단독다가구,매매,52,높음,자치구,117500.0,97250.0,145000.0,,,,,190.5,118.8,256.0,651.304
가양1동,강서구,행정동,37.56648006694209,126.834914873601,아파트,매매,202,높음,해당지역,91650.0,75000.0,114625.0,,,,,59.9,39.6,85.0,1635.487
가양1동,강서구,행정동,37.56648006694209,126.834914873601,연립다세대,매매,18,보통,해당지역,29000.0,22475.0,31937.5,,,,,43.0,27.5,53.4,714.985
가양1동,강서구,행정동,37.56648006694209,126.834914873601,오피스텔,매매,228,높음,해당지역,16790.0,13650.0,19000.0,,,,,23.0,21.2,24.6,713.44
가양1동,강서구,행정동,37.56648006694209,126.834914873601,단독다가구,월세,19,보통,법정동,,,,3000.0,,,50.0,48.0,32.5,70.9,
가양1동,강서구,행정동,37.56648006694209,126.834914873601,아파트,월세,193,높음,해당지역,,,,10000.0,,,80.0,49.8,39.6,84.9,
가양1동,강서구,행정동,37.56648006694209,126.834914873601,연립다세대,월세,76,높음,해당지역,,,,16475.0,,,20.0,27.5,23.7,48.5,
가양1동,강서구,행정동,37.56648006694209,126.834914873601,오피스텔,월세,3335,높음,해당지역,,,,1500.0,,,67.0,22.2,20.6,24.1,
가양1동,강서구,행정동,37.56648006694209,126.834914873601,단독다가구,전세,371,높음,자치구,,,,12000.0,8000.0,15750.0,,41.5,34.8,59.6,258.324
가양1동,강서구,행정동,37.56648006694209,126.834914873601,아파트,전세,313,높음,해당지역,,,,47000.0,29000.0,60000.0,,60.0,39.6,85.0,676.63
가양1동,강서구,행정동,37.56648006694209,126.834914873601,연립다세대,전세,54,높음,해당지역,,,,23550.0,17500.0,26000.0,,41.5,29.5,54.6,490.483
가양1동,강서구,행정동,37.56648006694209,126.834914873601,오피스텔,전세,486,높음,해당지역,,,,18000.0,15300.0,25312.5,,24.6,21.4,30.8,764.496
가양2동,강서구,행정동,37.564326577473885,126.85388115632057,단독다가구,매매,52,높음,자치구,117500.0,97250.0,145000.0,,,,,190.5,118.8,256.0,651.304
가양2동,강서구,행정동,37.564326577473885,126.85388115632057,아파트,매매,109,높음,해당지역,80000.0,67400.0,114500.0,,,,,39.6,34.4,84.8,1898.99
가양2동,강서구,행정동,37.564326577473885,126.85388115632057,연립다세대,매매,1827,높음,자치구,24000.0,18500.0,29000.0,,,,,41.4,29.9,55.4,569.83
가양2동,강서구,행정동,37.564326577473885,126.85388115632057,오피스텔,매매,18,보통,해당지역,12150.0,10500.0,14975.0,,,,,26.3,25.6,32.2,430.026
가양2동,강서구,행정동,37.564326577473885,126.85388115632057,단독다가구,월세,22,보통,법정동,,,,1000.0,,,50.0,27.3,19.9,37.3,
가양2동,강서구,행정동,37.564326577473885,126.85388115632057,아파트,월세,111,높음,해당지역,,,,5000.0,,,85.0,39.6,34.4,62.5,
가양2동,강서구,행정동,37.564326577473885,126.85388115632057,연립다세대,월세,45,높음,법정동,,,,17500.0,,,19.0,27.2,22.3,32.6,
가양2동,강서구,행정동,37.564326577473885,126.85388115632057,오피스텔,월세,175,높음,해당지역,,,,1000.0,,,60.0,27.0,25.6,30.6,
가양2동,강서구,행정동,37.564326577473885,126.85388115632057,단독다가구,전세,371,높음,자치구,,,,12000.0,8000.0,15750.0,,41.5,34.8,59.6,258.324
가양2동,강서구,행정동,37.564326577473885,126.85388115632057,아파트,전세,167,높음,해당지역,,,,30400.0,24075.0,47125.0,,39.6,39.6,62.5,667.828
가양2동,강서구,행정동,37.564326577473885,126.85388115632057,연립다세대,전세,21,보통,법정동,,,,25350.0,17500.0,26400.0,,29.7,22.3,39.0,801.345
가양2동,강서구,행정동,37.564326577473885,126.85388115632057,오피스텔,전세,78,높음,법정동,,,,23500.0,20350.0,26625.0,,28.3,28.1,32.5,813.876
가양3동,강서구,행정동,37.56126052274479,126.85986120345831,단독다가구,매매,52,높음,자치구,117500.0,97250.0,145000.0,,,,,190.5,118.8,256.0,651.304
가양3동,강서구,행정동,37.56126052274479,126.85986120345831,아파트,매매,153,높음,해당지역,88800.0,72400.0,108500.0,,,,,49.5,39.6,58.6,1959.596
가양3동,강서구,행정동,37.56126052274479,126.85986120345831,연립다세대,매매,1827,높음,자치구,24000.0,18500.0,29000.0,,,,,41.4,29.9,55.4,569.83
가양3동,강서구,행정동,37.56126052274479,126.85986120345831,오피스텔,매매,28,보통,법정동,12450.0,10500.0,16087.5,,,,,27.0,24.4,29.2,483.204
가양3동,강서구,행정동,37.56126052274479,126.85986120345831,단독다가구,월세,22,보통,법정동,,,,1000.0,,,50.0,27.3,19.9,37.3,
가양3동,강서구,행정동,37.56126052274479,126.85986120345831,아파트,월세,213,높음,해당지역,,,,2874.0,,,50.0,39.6,39.6,49.5,
가양3동,강서구,행정동,37.56126052274479,126.85986120345831,연립다세대,월세,45,높음,법정동,,,,17500.0,,,19.0,27.2,22.3,32.6,
가양3동,강서구,행정동,37.56126052274479,126.85986120345831,오피스텔,월세,55,높음,해당지역,,,,23000.0,,,21.0,28.1,28.1,28.1,
가양3동,강서구,행정동,37.56126052274479,126.85986120345831,단독다가구,전세,371,높음,자치구,,,,12000.0,8000.0,15750.0,,41.5,34.8,59.6,258.324
가양3동,강서구,행정동,37.56126052274479,126.85986120345831,아파트,전세,239,높음,해당지역,,,,35000.0,28965.0,42000.0,,49.5,39.6,58.6,732.323
가양3동,강서구,행정동,37.56126052274479,126.85986120345831,연립다세대,전세,21,보통,법정동,,,,25350.0,17500.0,26400.0,,29.7,22.3,39.0,801.345
가양3동,강서구,행정동,37.56126052274479,126.85986120345831,오피스텔,전세,78,높음,법정동,,,,23500.0,20350.0,26625.0,,28.3,28.1,32.5,813.876
공항동,강서구,행정동,37.55934521976572,126.8152615909614,단독다가구,매매,52,높음,자치구,117500.0,97250.0,145000.0,,,,,190.5,118.8,256.0,651.304
공항동,강서구,행정동,37.55934521976572,126.8152615909614,아파트,매매,126,높음,해당지역,67500.0,64400.0,145750.0,,,,,59.9,48.3,84.6,1336.663
공항동,강서구,행정동,37.55934521976572,126.8152615909614,연립다세대,매매,94,높음,해당지역,26250.0,24012.2,28000.0,,,,,35.5,26.2,41.0,756.438
공항동,강서구,행정동,37.55934521976572,126.8152615909614,오피스텔,매매,591,높음,자치구,15960.0,11500.0,22900.0,,,,,25.6,22.2,29.7,636.384
공항동,강서구,행정동,37.55934521976572,126.8152615909614,단독다가구,월세,262,높음,해당지역,,,,1000.0,,,45.0,30.6,19.9,46.8,
공항동,강서구,행정동,37.55934521976572,126.8152615909614,아파트,월세,119,높음,해당지역,,,,10540.0,,,80.0,60.0,59.8,85.0,
공항동,강서구,행정동,37.55934521976572,126.8152615909614,연립다세대,월세,221,높음,해당지역,,,,3000.0,,,47.0,29.0,23.5,33.2,
공항동,강서구,행정동,37.55934521976572,126.8152615909614,오피스텔,월세,66,높음,해당지역,,,,2000.0,,,80.0,28.4,26.9,29.0,
공항동,강서구,행정동,37.55934521976572,126.8152615909614,단독다가구,전세,46,높음,해당지역,,,,10750.0,7000.0,14750.0,,45.0,30.2,62.2,246.655
공항동,강서구,행정동,37.55934521976572,126.8152615909614,아파트,전세,223,높음,해당지역,,,,60000.0,40000.0,75000.0,,60.0,59.9,84.9,852.188
공항동,강서구,행정동,37.55934521976572,126.8152615909614,연립다세대,전세,133,높음,해당지역,,,,20000.0,17000.0,23300.0,,30.0,27.1,41.9,636.061
공항동,강서구,행정동,37.55934521976572,126.8152615909614,오피스텔,전세,16,보통,해당지역,,,,21750.0,14625.0,23000.0,,28.8,26.9,30.0,700.467
등촌1동,강서구,행정동,37.55589683145575,126.85888999623295,단독다가구,매매,52,높음,자치구,117500.0,97250.0,145000.0,,,,,190.5,118.8,256.0,651.304
등촌1동,강서구,행정동,37.55589683145575,126.85888999623295,아파트,매매,172,높음,해당지역,87000.0,74500.0,96850.0,,,,,60.0,59.7,84.8,1253.489
등촌1동,강서구,행정동,37.55589683145575,126.85888999623295,연립다세대,매매,39,높음,해당지역,33000.0,22500.0,40250.0,,,,,36.9,29.9,47.4,729.167
등촌1동,강서구,행정동,37.55589683145575,126.85888999623295,오피스텔,매매,85,높음,해당지역,21000.0,14000.0,27500.0,,,,,30.0,27.4,50.2,585.814
등촌1동,강서구,행정동,37.55589683145575,126.85888999623295,단독다가구,월세,163,높음,법정동,,,,1000.0,,,55.0,33.7,22.1,42.3,
등촌1동,강서구,행정동,37.55589683145575,126.85888999623295,아파트,월세,179,높음,해당지역,,,,7500.0,,,41.0,15.5,15.2,60.0,
등촌1동,강서구,행정동,37.55589683145575,126.85888999623295,연립다세대,월세,117,높음,해당지역,,,,17300.0,,,25.0,29.9,22.5,39.2,
등촌1동,강서구,행정동,37.55589683145575,126.85888999623295,오피스텔,월세,719,높음,해당지역,,,,3000.0,,,54.0,27.4,17.3,29.7,
등촌1동,강서구,행정동,37.55589683145575,126.85888999623295,단독다가구,전세,37,높음,법정동,,,,14000.0,10000.0,17000.0,,41.4,35.0,52.8,323.764
등촌1동,강서구,행정동,37.55589683145575,126.85888999623295,아파트,전세,172,높음,해당지역,,,,50000.0,45000.0,58000.0,,60.0,59.7,84.8,707.089
등촌1동,강서구,행정동,37.55589683145575,126.85888999623295,연립다세대,전세,69,높음,해당지역,,,,24000.0,20000.0,29000.0,,29.9,25.7,38.9,805.204
등촌1동,강서구,행정동,37.55589683145575,126.85888999623295,오피스텔,전세,250,높음,해당지역,,,,25000.0,23000.0,27450.0,,28.1,22.5,37.3,874.179
등촌2동,강서구,행정동,37.546375063373894,126.86104208290325,단독다가구,매매,52,높음,자치구,117500.0,97250.0,145000.0,,,,,190.5,118.8,256.0,651.304
등촌2동,강서구,행정동,37.546375063373894,126.86104208290325,아파트,매매,92,높음,해당지역,110250.0,79850.0,127250.0,,,,,85.0,75.6,119.9,1062.191
등촌2동,강서구,행정동,37.546375063373894,126.86104208290325,연립다세대,매매,132,높음,해당지역,29900.0,25000.0,38000.0,,,,,39.3,29.3,48.2,772.475
등촌2동,강서구,행정동,37.546375063373894,126.86104208290325,오피스텔,매매,120,높음,법정동,22407.5,14500.0,37000.0,,,,,36.0,27.4,61.4,586.055
등촌2동,강서구,행정동,37.546375063373894,126.86104208290325,단독다가구,월세,163,높음,법정동,,,,1000.0,,,55.0,33.7,22.1,42.3,
등촌2동,강서구,행정동,37.546375063373894,126.86104208290325,아파트,월세,33,높음,해당지역,,,,20000.0,,,104.0,84.8,79.8,85.0,
등촌2동,강서구,행정동,37.546375063373894,126.86104208290325,연립다세대,월세,220,높음,해당지역,,,,9000.0,,,41.0,29.9,25.7,43.6,
등촌2동,강서구,행정동,37.546375063373894,126.86104208290325,오피스텔,월세,23,보통,해당지역,,,,5000.0,,,80.0,30.0,29.0,43.7,
등촌2동,강서구,행정동,37.546375063373894,126.86104208290325,단독다가구,전세,37,높음,법정동,,,,14000.0,10000.0,17000.0,,41.4,35.0,52.8,323.764
등촌2동,강서구,행정동,37.546375063373894,126.86104208290325,아파트,전세,60,높음,해당지역,,,,64500.0,52875.0,75250.0,,85.0,84.8,134.9,686.584
등촌2동,강서구,행정동,37.546375063373894,126.86104208290325,연립다세대,전세,114,높음,해당지역,,,,21000.0,16350.0,25181.2,,36.5,27.7,51.5,561.419
등촌2동,강서구,행정동,37.546375063373894,126.86104208290325,오피스텔,전세,13,보통,해당지역,,,,26570.0,25400.0,29400.0,,34.9,30.0,42.8,860.585
등촌3동,강서구,행정동,37.56242604846667,126.84457359151284,단독다가구,매매,52,높음,자치구,117500.0,97250.0,145000.0,,,,,190.5,118.8,256.0,651.304
등촌3동,강서구,행정동,37.56242604846667,126.84457359151284,아파트,매매,301,높음,해당지역,95500.0,69000.0,107000.0,,,,,58.1,41.8,80.6,1577.061
등촌3동,강서구,행정동,37.56242604846667,126.84457359151284,연립다세대,매매,177,높음,법정동,30180.0,24500.0,38000.0,,,,,39.1,29.4,48.3,766.983
등촌3동,강서구,행정동,37.56242604846667,126.84457359151284,오피스텔,매매,33,높음,해당지역,30500.0,16100.0,46500.0,,,,,60.8,29.7,77.8,583.882
등촌3동,강서구,행정동,37.56242604846667,126.84457359151284,단독다가구,월세,163,높음,법정동,,,,1000.0,,,55.0,33.7,22.1,42.3,
등촌3동,강서구,행정동,37.56242604846667,126.84457359151284,아파트,월세,226,높음,해당지역,,,,5800.0,,,100.0,41.8,37.7,58.1,
등촌3동,강서구,행정동,37.56242604846667,126.84457359151284,연립다세대,월세,19,보통,해당지역,,,,5000.0,,,47.0,24.3,20.1,27.0,
등촌3동,강서구,행정동,37.56242604846667,126.84457359151284,오피스텔,월세,165,높음,해당지역,,,,12000.0,,,40.0,29.7,29.7,39.0,
등촌3동,강서구,행정동,37.56242604846667,126.84457359151284,단독다가구,전세,37,높음,법정동,,,,14000.0,10000.0,17000.0,,41.4,35.0,52.8,323.764
등촌3동,강서구,행정동,37.56242604846667,126.84457359151284,아파트,전세,293,높음,해당지역,,,,38850.0,29300.0,46000.0,,58.1,41.8,58.1,706.215
등촌3동,강서구,행정동,37.56242604846667,126.84457359151284,연립다세대,전세,185,높음,법정동,,,,22800.0,18700.0,25650.0,,30.0,27.1,47.0,648.679
등촌3동,강서구,행정동,37.56242604846667,126.84457359151284,오피스텔,전세,50,높음,해당지역,,,,23400.0,22625.0,26750.0,,29.7,29.7,58.9,778.302
발산1동,강서구,행정동,37.5538491339151,126.82753088976241,단독다가구,매매,52,높음,자치구,117500.0,97250.0,145000.0,,,,,190.5,118.8,256.0,651.304
발산1동,강서구,행정동,37.5538491339151,126.82753088976241,아파트,매매,138,높음,해당지역,113250.0,86125.0,124950.0,,,,,84.6,67.1,84.8,1447.74
발산1동,강서구,행정동,37.5538491339151,126.82753088976241,연립다세대,매매,67,높음,해당지역,27500.0,21600.0,36650.0,,,,,53.3,40.1,66.1,578.577
발산1동,강서구,행정동,37.5538491339151,126.82753088976241,오피스텔,매매,591,높음,자치구,15960.0,11500.0,22900.0,,,,,25.6,22.2,29.7,636.384
발산1동,강서구,행정동,37.5538491339151,126.82753088976241,단독다가구,월세,113,높음,법정동,,,,1000.0,,,50.0,29.8,20.1,41.6,
발산1동,강서구,행정동,37.5538491339151,126.82753088976241,아파트,월세,460,높음,해당지역,,,,6577.0,,,28.0,50.0,49.9,59.8,
발산1동,강서구,행정동,37.5538491339151,126.82753088976241,연립다세대,월세,142,높음,해당지역,,,,3000.0,,,47.0,33.9,18.9,43.0,
발산1동,강서구,행정동,37.5538491339151,126.82753088976241,오피스텔,월세,13,보통,법정동,,,,2000.0,,,125.0,26.3,26.0,26.4,
발산1동,강서구,행정동,37.5538491339151,126.82753088976241,단독다가구,전세,24,보통,법정동,,,,14000.0,9875.0,20000.0,,44.8,39.4,63.7,290.807
발산1동,강서구,행정동,37.5538491339151,126.82753088976241,아파트,전세,572,높음,해당지역,,,,34294.0,22636.0,53000.0,,75.5,59.8,84.8,448.246
발산1동,강서구,행정동,37.5538491339151,126.82753088976241,연립다세대,전세,50,높음,해당지역,,,,19975.0,16250.0,24650.0,,41.0,29.8,69.3,495.647
발산1동,강서구,행정동,37.5538491339151,126.82753088976241,오피스텔,전세,1483,높음,자치구,,,,21000.0,15500.0,26000.0,,27.7,21.2,31.6,788.41
방화1동,강서구,행정동,37.56783148225659,126.81871644637837,단독다가구,매매,52,높음,자치구,117500.0,97250.0,145000.0,,,,,190.5,118.8,256.0,651.304
방화1동,강서구,행정동,37.56783148225659,126.81871644637837,아파트,매매,294,높음,해당지역,82750.0,71125.0,111375.0,,,,,84.5,60.0,85.0,1121.148
방화1동,강서구,행정동,37.56783148225659,126.81871644637837,연립다세대,매매,79,높음,해당지역,28000.0,21000.0,34300.0,,,,,38.9,29.4,45.6,731.707
방화1동,강서구,행정동,37.56783148225659,126.81871644637837,오피스텔,매매,25,보통,해당지역,15000.0,12150.0,85300.0,,,,,24.1,20.2,46.2,600.549
방화1동,강서구,행정동,37.56783148225659,126.81871644637837,단독다가구,월세,19,보통,법정동,,,,3000.0,,,50.0,48.0,32.5,70.9,
방화1동,강서구,행정동,37.56783148225659,126.81871644637837,아파트,월세,226,높음,해당지역,,,,10231.0,,,50.0,59.9,59.4,84.9,
방화1동,강서구,행정동,37.56783148225659,126.81871644637837,연립다세대,월세,133,높음,해당지역,,,,5000.0,,,39.0,29.6,26.2,38.5,
방화1동,강서구,행정동,37.56783148225659,126.81871644637837,오피스텔,월세,219,높음,해당지역,,,,1000.0,,,65.0,24.1,20.2,24.1,
방화1동,강서구,행정동,37.56783148225659,126.81871644637837,단독다가구,전세,371,높음,자치구,,,,12000.0,8000.0,15750.0,,41.5,34.8,59.6,258.324
방화1동,강서구,행정동,37.56783148225659,126.81871644637837,아파트,전세,413,높음,해당지역,,,,52000.0,42000.0,73000.0,,84.8,60.0,85.0,671.717
방화1동,강서구,행정동,37.56783148225659,126.81871644637837,연립다세대,전세,82,높음,해당지역,,,,20000.0,15124.5,23950.0,,30.7,28.2,46.1,523.507
방화1동,강서구,행정동,37.56783148225659,126.81871644637837,오피스텔,전세,49,높음,해당지역,,,,27500.0,26000.0,75000.0,,28.8,28.8,69.8,937.5
방화2동,강서구,행정동,37.567449370969314,126.80834356522884,단독다가구,매매,21,보통,법정동,113000.0,100000.0,137302.0,,,,,133.2,75.2,191.8,784.757
방화2동,강서구,행정동,37.567449370969314,126.80834356522884,아파트,매매,112,높음,해당지역,64000.0,53875.0,74925.0,,,,,59.3,51.0,82.7,1053.252
방화2동,강서구,행정동,37.567449370969314,126.80834356522884,연립다세대,매매,70,높음,해당지역,28000.0,24100.0,33500.0,,,,,39.4,29.9,48.0,693.998
방화2동,강서구,행정동,37.567449370969314,126.80834356522884,오피스텔,매매,22,보통,해당지역,10400.0,8150.0,13075.0,,,,,27.4,19.9,28.0,410.899
방화2동,강서구,행정동,37.567449370969314,126.80834356522884,단독다가구,월세,12,보통,해당지역,,,,500.0,,,35.0,23.5,16.5,35.3,
방화2동,강서구,행정동,37.567449370969314,126.80834356522884,아파트,월세,121,높음,해당지역,,,,5000.0,,,50.0,44.1,28.0,51.1,
방화2동,강서구,행정동,37.567449370969314,126.80834356522884,연립다세대,월세,88,높음,해당지역,,,,4000.0,,,50.0,26.6,19.8,32.2,
방화2동,강서구,행정동,37.567449370969314,126.80834356522884,오피스텔,월세,142,높음,해당지역,,,,1000.0,,,49.0,25.9,19.4,28.0,
방화2동,강서구,행정동,37.567449370969314,126.80834356522884,단독다가구,전세,43,높음,법정동,,,,13000.0,6970.0,20000.0,,45.0,33.0,65.9,283.333
방화2동,강서구,행정동,37.567449370969314,126.80834356522884,아파트,전세,86,높음,해당지역,,,,39950.0,31500.0,50000.0,,59.8,51.0,84.0,617.284
방화2동,강서구,행정동,37.567449370969314,126.80834356522884,연립다세대,전세,62,높음,해당지역,,,,19650.0,14445.0,22000.0,,29.9,27.9,43.6,598.827
방화2동,강서구,행정동,37.567449370969314,126.80834356522884,오피스텔,전세,72,높음,해당지역,,,,27000.0,19687.5,29625.0,,35.1,28.0,45.2,677.736
방화3동,강서구,행정동,37.57721467984417,126.81378150638197,단독다가구,매매,21,보통,법정동,113000.0,100000.0,137302.0,,,,,133.2,75.2,191.8,784.757
방화3동,강서구,행정동,37.57721467984417,126.81378150638197,아파트,매매,302,높음,해당지역,58500.0,48225.0,70150.0,,,,,49.8,39.6,64.6,1144.496
방화3동,강서구,행정동,37.57721467984417,126.81378150638197,연립다세대,매매,17,보통,해당지역,22000.0,19300.0,30000.0,,,,,55.6,29.6,66.2,474.757
방화3동,강서구,행정동,37.57721467984417,126.81378150638197,오피스텔,매매,34,높음,해당지역,7150.0,5625.0,7887.5,,,,,22.5,17.6,26.9,312.507
방화3동,강서구,행정동,37.57721467984417,126.81378150638197,단독다가구,월세,187,높음,법정동,,,,1000.0,,,45.0,32.0,20.5,49.9,
방화3동,강서구,행정동,37.57721467984417,126.81378150638197,아파트,월세,201,높음,해당지역,,,,3000.0,,,75.0,39.6,33.2,49.8,
방화3동,강서구,행정동,37.57721467984417,126.81378150638197,연립다세대,월세,16,보통,해당지역,,,,7500.0,,,45.5,28.3,25.9,49.6,
방화3동,강서구,행정동,37.57721467984417,126.81378150638197,오피스텔,월세,167,높음,해당지역,,,,500.0,,,42.0,22.5,17.6,26.2,
방화3동,강서구,행정동,37.57721467984417,126.81378150638197,단독다가구,전세,43,높음,법정동,,,,13000.0,6970.0,20000.0,,45.0,33.0,65.9,283.333
방화3동,강서구,행정동,37.57721467984417,126.81378150638197,아파트,전세,299,높음,해당지역,,,,30000.0,25000.0,40000.0,,49.8,39.6,60.0,616.862
방화3동,강서구,행정동,37.57721467984417,126.81378150638197,연립다세대,전세,10,보통,해당지역,,,,20990.0,18520.0,22745.0,,56.9,54.8,59.7,341.877
방화3동,강서구,행정동,37.57721467984417,126.81378150638197,오피스텔,전세,105,높음,법정동,,,,27000.0,20000.0,28000.0,,28.8,28.0,44.5,725.101
염창동,강서구,행정동,37.55114503901937,126.87179923493433,단독다가구,매매,52,높음,자치구,117500.0,97250.0,145000.0,,,,,190.5,118.8,256.0,651.304
염창동,강서구,행정동,37.55114503901937,126.87179923493433,아파트,매매,402,높음,해당지역,104500.0,91000.0,119749.2,,,,,84.8,60.0,85.0,1366.108
염창동,강서구,행정동,37.55114503901937,126.87179923493433,연립다세대,매매,44,높음,해당지역,26929.0,26015.0,32125.0,,,,,29.6,24.3,42.0,995.822
염창동,강서구,행정동,37.55114503901937,126.87179923493433,오피스텔,매매,50,높음,해당지역,33770.0,30000.0,34953.2,,,,,27.7,27.7,28.7,1220.455
염창동,강서구,행정동,37.55114503901937,126.87179923493433,단독다가구,월세,33,높음,해당지역,,,,1000.0,,,60.0,29.7,18.3,38.8,
염창동,강서구,행정동,37.55114503901937,126.87179923493433,아파트,월세,323,높음,해당지역,,,,14562.0,,,65.0,59.8,18.2,84.7,
염창동,강서구,행정동,37.55114503901937,126.87179923493433,연립다세대,월세,78,높음,해당지역,,,,15500.0,,,33.0,29.7,24.8,41.5,
염창동,강서구,행정동,37.55114503901937,126.87179923493433,오피스텔,월세,279,높음,해당지역,,,,9180.0,,,50.0,28.6,18.8,28.7,
염창동,강서구,행정동,37.55114503901937,126.87179923493433,단독다가구,전세,371,높음,자치구,,,,12000.0,8000.0,15750.0,,41.5,34.8,59.6,258.324
염창동,강서구,행정동,37.55114503901937,126.87179923493433,아파트,전세,422,높음,해당지역,,,,52500.0,46743.0,63412.5,,84.3,59.9,84.9,750.375
염창동,강서구,행정동,37.55114503901937,126.87179923493433,연립다세대,전세,24,보통,해당지역,,,,24910.0,21762.5,30000.0,,33.9,27.3,43.6,745.216
염창동,강서구,행정동,37.55114503901937,126.87179923493433,오피스텔,전세,93,높음,해당지역,,,,25000.0,23100.0,29000.0,,28.6,27.6,30.0,888.961
우장산동,강서구,행정동,37.55045480574052,126.84028447942329,단독다가구,매매,52,높음,자치구,117500.0,97250.0,145000.0,,,,,190.5,118.8,256.0,651.304
우장산동,강서구,행정동,37.55045480574052,126.84028447942329,아파트,매매,285,높음,해당지역,142000.0,102000.0,158000.0,,,,,85.0,70.1,85.0,1706.342
우장산동,강서구,행정동,37.55045480574052,126.84028447942329,연립다세대,매매,79,높음,해당지역,25000.0,20000.0,29350.0,,,,,43.8,36.6,57.0,538.329
우장산동,강서구,행정동,37.55045480574052,126.84028447942329,오피스텔,매매,88,높음,법정동,8925.0,6250.0,12075.0,,,,,27.2,21.0,32.4,305.358
우장산동,강서구,행정동,37.55045480574052,126.84028447942329,단독다가구,월세,1130,높음,법정동,,,,1000.0,,,45.0,35.6,25.0,43.4,
우장산동,강서구,행정동,37.55045480574052,126.84028447942329,아파트,월세,278,높음,해당지역,,,,29142.5,,,122.0,73.8,45.8,85.0,
우장산동,강서구,행정동,37.55045480574052,126.84028447942329,연립다세대,월세,184,높음,해당지역,,,,5000.0,,,50.0,31.4,27.3,49.4,
우장산동,강서구,행정동,37.55045480574052,126.84028447942329,오피스텔,월세,70,높음,해당지역,,,,2000.0,,,50.0,28.4,26.0,31.6,
우장산동,강서구,행정동,37.55045480574052,126.84028447942329,단독다가구,전세,204,높음,법정동,,,,10500.0,8000.0,14347.5,,40.6,35.0,52.1,240.39
우장산동,강서구,행정동,37.55045480574052,126.84028447942329,아파트,전세,324,높음,해당지역,,,,72000.0,61900.0,80000.0,,85.0,60.0,85.0,902.544
우장산동,강서구,행정동,37.55045480574052,126.84028447942329,연립다세대,전세,74,높음,해당지역,,,,20290.0,16925.0,27992.5,,45.8,36.4,55.9,444.965
우장산동,강서구,행정동,37.55045480574052,126.84028447942329,오피스텔,전세,14,보통,해당지역,,,,24850.0,19050.0,39400.0,,33.6,27.0,50.7,833.671
화곡1동,강서구,행정동,37.532569595655374,126.84168402997155,단독다가구,매매,52,높음,자치구,117500.0,97250.0,145000.0,,,,,190.5,118.8,256.0,651.304
화곡1동,강서구,행정동,37.532569595655374,126.84168402997155,아파트,매매,114,높음,해당지역,38500.0,24175.0,50375.0,,,,,56.9,33.9,66.2,735.793
화곡1동,강서구,행정동,37.532569595655374,126.84168402997155,연립다세대,매매,236,높음,해당지역,22700.0,19000.0,26325.0,,,,,41.4,29.9,59.4,530.478
화곡1동,강서구,행정동,37.532569595655374,126.84168402997155,오피스텔,매매,11,보통,해당지역,10400.0,9700.0,15100.0,,,,,35.0,34.8,36.8,298.936
화곡1동,강서구,행정동,37.532569595655374,126.84168402997155,단독다가구,월세,1130,높음,법정동,,,,1000.0,,,45.0,35.6,25.0,43.4,
화곡1동,강서구,행정동,37.532569595655374,126.84168402997155,아파트,월세,331,높음,해당지역,,,,9830.0,,,30.0,21.8,18.8,28.8,
화곡1동,강서구,행정동,37.532569595655374,126.84168402997155,연립다세대,월세,483,높음,해당지역,,,,5000.0,,,47.0,33.2,28.0,45.2,
화곡1동,강서구,행정동,37.532569595655374,126.84168402997155,오피스텔,월세,389,높음,해당지역,,,,2000.0,,,63.0,28.9,25.1,31.4,
화곡1동,강서구,행정동,37.532569595655374,126.84168402997155,단독다가구,전세,204,높음,법정동,,,,10500.0,8000.0,14347.5,,40.6,35.0,52.1,240.39
화곡1동,강서구,행정동,37.532569595655374,126.84168402997155,아파트,전세,127,높음,해당지역,,,,21000.0,15840.0,30000.0,,37.9,21.0,71.8,573.77
화곡1동,강서구,행정동,37.532569595655374,126.84168402997155,연립다세대,전세,265,높음,해당지역,,,,18700.0,16500.0,21540.0,,29.8,28.1,44.4,585.059
화곡1동,강서구,행정동,37.532569595655374,126.84168402997155,오피스텔,전세,105,높음,해당지역,,,,20000.0,12100.0,24000.0,,28.6,22.5,34.8,630.539
화곡2동,강서구,행정동,37.53292819349859,126.8539489350259,단독다가구,매매,52,높음,자치구,117500.0,97250.0,145000.0,,,,,190.5,118.8,256.0,651.304
화곡2동,강서구,행정동,37.53292819349859,126.8539489350259,아파트,매매,13,보통,해당지역,45000.0,40500.0,58000.0,,,,,64.2,60.0,84.0,675.338
화곡2동,강서구,행정동,37.53292819349859,126.8539489350259,연립다세대,매매,129,높음,해당지역,23594.0,19000.0,27500.0,,,,,42.5,32.6,53.4,574.419
화곡2동,강서구,행정동,37.53292819349859,126.8539489350259,오피스텔,매매,88,높음,법정동,8925.0,6250.0,12075.0,,,,,27.2,21.0,32.4,305.358
화곡2동,강서구,행정동,37.53292819349859,126.8539489350259,단독다가구,월세,1130,높음,법정동,,,,1000.0,,,45.0,35.6,25.0,43.4,
화곡2동,강서구,행정동,37.53292819349859,126.8539489350259,아파트,월세,830,높음,법정동,,,,9943.5,,,42.0,24.7,19.8,60.0,
화곡2동,강서구,행정동,37.53292819349859,126.8539489350259,연립다세대,월세,236,높음,해당지역,,,,8500.0,,,36.5,41.0,30.0,51.7,
화곡2동,강서구,행정동,37.53292819349859,126.8539489350259,오피스텔,월세,1140,높음,법정동,,,,2000.0,,,58.0,26.0,18.6,29.6,
화곡2동,강서구,행정동,37.53292819349859,126.8539489350259,단독다가구,전세,204,높음,법정동,,,,10500.0,8000.0,14347.5,,40.6,35.0,52.1,240.39
화곡2동,강서구,행정동,37.53292819349859,126.8539489350259,아파트,전세,516,높음,법정동,,,,50000.0,24711.0,72000.0,,74.1,53.9,85.0,707.786
화곡2동,강서구,행정동,37.53292819349859,126.8539489350259,연립다세대,전세,117,높음,해당지역,,,,16110.0,13600.0,19500.0,,39.9,29.9,54.5,343.039
화곡2동,강서구,행정동,37.53292819349859,126.8539489350259,오피스텔,전세,427,높음,법정동,,,,18900.0,14500.0,21000.0,,23.9,17.9,29.7,797.991
화곡3동,강서구,행정동,37.54419450537198,126.83544803966171,단독다가구,매매,52,높음,자치구,117500.0,97250.0,145000.0,,,,,190.5,118.8,256.0,651.304
화곡3동,강서구,행정동,37.54419450537198,126.83544803966171,아파트,매매,96,높음,해당지역,107000.0,81750.0,121250.0,,,,,84.9,84.1,125.0,1075.888
화곡3동,강서구,행정동,37.54419450537198,126.83544803966171,연립다세대,매매,72,높음,해당지역,28400.0,23500.0,37850.0,,,,,38.5,29.4,53.2,742.081
화곡3동,강서구,행정동,37.54419450537198,126.83544803966171,오피스텔,매매,88,높음,법정동,8925.0,6250.0,12075.0,,,,,27.2,21.0,32.4,305.358
화곡3동,강서구,행정동,37.54419450537198,126.83544803966171,단독다가구,월세,1130,높음,법정동,,,,1000.0,,,45.0,35.6,25.0,43.4,
화곡3동,강서구,행정동,37.54419450537198,126.83544803966171,아파트,월세,178,높음,해당지역,,,,5680.0,,,39.5,23.7,21.4,43.0,
화곡3동,강서구,행정동,37.54419450537198,126.83544803966171,연립다세대,월세,132,높음,해당지역,,,,4001.5,,,50.0,36.0,27.0,48.0,
화곡3동,강서구,행정동,37.54419450537198,126.83544803966171,오피스텔,월세,52,높음,해당지역,,,,500.0,,,50.0,16.1,15.6,16.9,
화곡3동,강서구,행정동,37.54419450537198,126.83544803966171,단독다가구,전세,204,높음,법정동,,,,10500.0,8000.0,14347.5,,40.6,35.0,52.1,240.39
화곡3동,강서구,행정동,37.54419450537198,126.83544803966171,아파트,전세,61,높음,해당지역,,,,52000.0,40000.0,70350.0,,84.6,59.3,104.8,696.683
화곡3동,강서구,행정동,37.54419450537198,126.83544803966171,연립다세대,전세,70,높음,해당지역,,,,19750.0,17500.0,22750.0,,30.4,27.8,45.4,615.207
화곡3동,강서구,행정동,37.54419450537198,126.83544803966171,오피스텔,전세,427,높음,법정동,,,,18900.0,14500.0,21000.0,,23.9,17.9,29.7,797.991
화곡4동,강서구,행정동,37.53470560051866,126.85916218539856,단독다가구,매매,52,높음,자치구,117500.0,97250.0,145000.0,,,,,190.5,118.8,256.0,651.304
화곡4동,강서구,행정동,37.53470560051866,126.85916218539856,아파트,매매,15,보통,해당지역,45500.0,35500.0,60500.0,,,,,73.5,59.9,82.4,722.773
화곡4동,강서구,행정동,37.53470560051866,126.85916218539856,연립다세대,매매,142,높음,해당지역,22750.0,17925.0,28875.0,,,,,39.8,30.2,51.0,550.505
화곡4동,강서구,행정동,37.53470560051866,126.85916218539856,오피스텔,매매,88,높음,법정동,8925.0,6250.0,12075.0,,,,,27.2,21.0,32.4,305.358
화곡4동,강서구,행정동,37.53470560051866,126.85916218539856,단독다가구,월세,1130,높음,법정동,,,,1000.0,,,45.0,35.6,25.0,43.4,
화곡4동,강서구,행정동,37.53470560051866,126.85916218539856,아파트,월세,13,보통,해당지역,,,,13000.0,,,50.0,76.6,59.9,84.8,
화곡4동,강서구,행정동,37.53470560051866,126.85916218539856,연립다세대,월세,200,높음,해당지역,,,,4000.0,,,49.5,36.7,29.6,46.2,
화곡4동,강서구,행정동,37.53470560051866,126.85916218539856,오피스텔,월세,1140,높음,법정동,,,,2000.0,,,58.0,26.0,18.6,29.6,
화곡4동,강서구,행정동,37.53470560051866,126.85916218539856,단독다가구,전세,204,높음,법정동,,,,10500.0,8000.0,14347.5,,40.6,35.0,52.1,240.39
화곡4동,강서구,행정동,37.53470560051866,126.85916218539856,아파트,전세,13,보통,해당지역,,,,34000.0,32000.0,35000.0,,63.5,62.5,79.3,450.616
화곡4동,강서구,행정동,37.53470560051866,126.85916218539856,연립다세대,전세,128,높음,해당지역,,,,18585.0,15575.0,21100.0,,36.7,29.6,45.6,530.518
화곡4동,강서구,행정동,37.53470560051866,126.85916218539856,오피스텔,전세,427,높음,법정동,,,,18900.0,14500.0,21000.0,,23.9,17.9,29.7,797.991
화곡6동,강서구,행정동,37.55230657925303,126.85052261996434,단독다가구,매매,52,높음,자치구,117500.0,97250.0,145000.0,,,,,190.5,118.8,256.0,651.304
화곡6동,강서구,행정동,37.55230657925303,126.85052261996434,아파트,매매,67,높음,해당지역,94700.0,75750.0,133750.0,,,,,85.0,83.1,127.6,925.836
화곡6동,강서구,행정동,37.55230657925303,126.85052261996434,연립다세대,매매,111,높음,해당지역,21500.0,16950.0,26000.0,,,,,43.9,34.7,55.0,479.428
화곡6동,강서구,행정동,37.55230657925303,126.85052261996434,오피스텔,매매,19,보통,해당지역,14300.0,10600.0,15500.0,,,,,19.0,17.6,29.5,682.68
화곡6동,강서구,행정동,37.55230657925303,126.85052261996434,단독다가구,월세,1130,높음,법정동,,,,1000.0,,,45.0,35.6,25.0,43.4,
화곡6동,강서구,행정동,37.55230657925303,126.85052261996434,아파트,월세,78,높음,해당지역,,,,7750.0,,,60.0,20.1,14.7,85.0,
화곡6동,강서구,행정동,37.55230657925303,126.85052261996434,연립다세대,월세,186,높음,해당지역,,,,5000.0,,,35.0,36.4,26.4,49.6,
화곡6동,강서구,행정동,37.55230657925303,126.85052261996434,오피스텔,월세,394,높음,해당지역,,,,2000.0,,,60.0,18.6,16.7,21.0,
화곡6동,강서구,행정동,37.55230657925303,126.85052261996434,단독다가구,전세,204,높음,법정동,,,,10500.0,8000.0,14347.5,,40.6,35.0,52.1,240.39
화곡6동,강서구,행정동,37.55230657925303,126.85052261996434,아파트,전세,67,높음,해당지역,,,,62000.0,45000.0,69750.0,,85.0,84.0,100.6,617.792
화곡6동,강서구,행정동,37.55230657925303,126.85052261996434,연립다세대,전세,93,높음,해당지역,,,,16100.0,11000.0,19000.0,,36.1,29.4,48.1,343.9
화곡6동,강서구,행정동,37.55230657925303,126.85052261996434,오피스텔,전세,217,높음,해당지역,,,,16800.0,14300.0,19200.0,,19.0,17.0,23.8,846.361
화곡8동,강서구,행정동,37.5345586913083,126.84863361504053,단독다가구,매매,52,높음,자치구,117500.0,97250.0,145000.0,,,,,190.5,118.8,256.0,651.304
화곡8동,강서구,행정동,37.5345586913083,126.84863361504053,아파트,매매,14,보통,해당지역,59750.0,55500.0,60375.0,,,,,81.9,69.3,82.4,714.828
화곡8동,강서구,행정동,37.5345586913083,126.84863361504053,연립다세대,매매,225,높음,해당지역,22300.0,16000.0,27000.0,,,,,48.2,36.4,59.9,425.985
화곡8동,강서구,행정동,37.5345586913083,126.84863361504053,오피스텔,매매,88,높음,법정동,8925.0,6250.0,12075.0,,,,,27.2,21.0,32.4,305.358
화곡8동,강서구,행정동,37.5345586913083,126.84863361504053,단독다가구,월세,1130,높음,법정동,,,,1000.0,,,45.0,35.6,25.0,43.4,
화곡8동,강서구,행정동,37.5345586913083,126.84863361504053,아파트,월세,16,보통,해당지역,,,,12500.0,,,54.0,52.0,30.6,71.4,
화곡8동,강서구,행정동,37.5345586913083,126.84863361504053,연립다세대,월세,380,높음,해당지역,,,,5000.0,,,30.0,39.7,27.9,53.5,
화곡8동,강서구,행정동,37.5345586913083,126.84863361504053,오피스텔,월세,1140,높음,법정동,,,,2000.0,,,58.0,26.0,18.6,29.6,
화곡8동,강서구,행정동,37.5345586913083,126.84863361504053,단독다가구,전세,204,높음,법정동,,,,10500.0,8000.0,14347.5,,40.6,35.0,52.1,240.39
화곡8동,강서구,행정동,37.5345586913083,126.84863361504053,아파트,전세,14,보통,해당지역,,,,35350.0,21262.5,38225.0,,76.9,53.6,82.2,462.673
화곡8동,강서구,행정동,37.5345586913083,126.84863361504053,연립다세대,전세,148,높음,해당지역,,,,15825.0,11880.0,18922.5,,39.9,29.7,53.1,324.522
화곡8동,강서구,행정동,37.5345586913083,126.84863361504053,오피스텔,전세,427,높음,법정동,,,,18900.0,14500.0,21000.0,,23.9,17.9,29.7,797.991
화곡본동,강서구,행정동,37.5435557985699,126.84687525586756,단독다가구,매매,52,높음,자치구,117500.0,97250.0,145000.0,,,,,190.5,118.8,256.0,651.304
화곡본동,강서구,행정동,37.5435557985699,126.84687525586756,아파트,매매,32,높음,해당지역,16200.0,10000.0,30500.0,,,,,27.8,14.0,66.2,658.382
화곡본동,강서구,행정동,37.5435557985699,126.84687525586756,연립다세대,매매,267,높음,해당지역,18800.0,15000.0,23650.0,,,,,43.3,30.0,57.5,405.405
화곡본동,강서구,행정동,37.5435557985699,126.84687525586756,오피스텔,매매,50,높음,해당지역,6450.0,4827.0,7900.0,,,,,27.2,24.1,28.5,272.243
화곡본동,강서구,행정동,37.5435557985699,126.84687525586756,단독다가구,월세,1130,높음,법정동,,,,1000.0,,,45.0,35.6,25.0,43.4,
화곡본동,강서구,행정동,37.5435557985699,126.84687525586756,아파트,월세,81,높음,해당지역,,,,8000.0,,,23.0,20.3,15.2,30.6,
화곡본동,강서구,행정동,37.5435557985699,126.84687525586756,연립다세대,월세,551,높음,해당지역,,,,5000.0,,,40.0,40.7,29.3,50.2,
화곡본동,강서구,행정동,37.5435557985699,126.84687525586756,오피스텔,월세,239,높음,해당지역,,,,1000.0,,,54.0,27.7,23.9,29.6,
화곡본동,강서구,행정동,37.5435557985699,126.84687525586756,단독다가구,전세,204,높음,법정동,,,,10500.0,8000.0,14347.5,,40.6,35.0,52.1,240.39
화곡본동,강서구,행정동,37.5435557985699,126.84687525586756,아파트,전세,42,높음,해당지역,,,,20217.0,18925.0,20979.0,,29.9,27.0,44.2,681.59
화곡본동,강서구,행정동,37.5435557985699,126.84687525586756,연립다세대,전세,206,높음,해당지역,,,,14200.0,11505.0,17500.0,,44.2,33.9,55.8,290.905
화곡본동,강서구,행정동,37.5435557985699,126.84687525586756,오피스텔,전세,85,높음,해당지역,,,,20000.0,19200.0,25800.0,,29.2,26.6,29.9,737.23
낙성대동,관악구,행정동,37.47785704152696,126.95568638108375,단독다가구,매매,35,높음,법정동,100000.0,81750.0,120000.0,,,,,126.6,58.2,238.3,796.432
낙성대동,관악구,행정동,37.47785704152696,126.95568638108375,아파트,매매,23,보통,해당지역,80000.0,57250.0,86750.0,,,,,81.1,59.8,84.9,1048.045
낙성대동,관악구,행정동,37.47785704152696,126.95568638108375,연립다세대,매매,15,보통,해당지역,29000.0,23000.0,30000.0,,,,,59.2,43.8,67.6,489.865
낙성대동,관악구,행정동,37.47785704152696,126.95568638108375,오피스텔,매매,156,높음,법정동,14425.0,9880.0,19625.0,,,,,21.4,17.2,27.4,752.495
낙성대동,관악구,행정동,37.47785704152696,126.95568638108375,단독다가구,월세,3610,높음,법정동,,,,1000.0,,,50.0,20.0,18.0,33.0,
낙성대동,관악구,행정동,37.47785704152696,126.95568638108375,아파트,월세,109,높음,해당지역,,,,5000.0,,,72.0,24.5,15.8,31.5,
낙성대동,관악구,행정동,37.47785704152696,126.95568638108375,연립다세대,월세,97,높음,해당지역,,,,6000.0,,,50.0,29.0,20.0,41.9,
낙성대동,관악구,행정동,37.47785704152696,126.95568638108375,오피스텔,월세,147,높음,해당지역,,,,5000.0,,,54.0,19.6,17.3,21.1,
낙성대동,관악구,행정동,37.47785704152696,126.95568638108375,단독다가구,전세,457,높음,법정동,,,,13000.0,9500.0,19000.0,,30.0,20.0,43.5,426.439
낙성대동,관악구,행정동,37.47785704152696,126.95568638108375,아파트,전세,14,보통,해당지역,,,,50000.0,46000.0,58000.0,,84.1,59.8,84.9,690.094
낙성대동,관악구,행정동,37.47785704152696,126.95568638108375,연립다세대,전세,24,보통,해당지역,,,,29175.0,21382.5,34625.0,,37.6,29.0,66.8,599.803
낙성대동,관악구,행정동,37.47785704152696,126.95568638108375,오피스텔,전세,18,보통,해당지역,,,,16750.0,12700.0,18875.0,,21.1,19.1,30.5,663.952
난곡동,관악구,행정동,37.47229173749445,126.92151196037642,단독다가구,매매,72,높음,법정동,86825.0,62375.0,116625.0,,,,,156.1,113.5,229.3,543.894
난곡동,관악구,행정동,37.47229173749445,126.92151196037642,아파트,매매,31,높음,해당지역,54500.0,49000.0,57650.0,,,,,59.6,59.6,59.8,872.95
난곡동,관악구,행정동,37.47229173749445,126.92151196037642,연립다세대,매매,103,높음,해당지역,24000.0,21150.0,31400.0,,,,,40.4,29.8,52.2,592.93
난곡동,관악구,행정동,37.47229173749445,126.92151196037642,오피스텔,매매,50,높음,법정동,16650.0,12925.0,19575.0,,,,,27.8,22.9,32.8,596.267
난곡동,관악구,행정동,37.47229173749445,126.92151196037642,단독다가구,월세,5215,높음,법정동,,,,1000.0,,,47.0,20.0,18.0,31.4,
난곡동,관악구,행정동,37.47229173749445,126.92151196037642,아파트,월세,26,보통,해당지역,,,,2000.0,,,44.5,29.6,12.8,59.7,
난곡동,관악구,행정동,37.47229173749445,126.92151196037642,연립다세대,월세,145,높음,해당지역,,,,6000.0,,,40.0,36.1,27.2,43.7,
난곡동,관악구,행정동,37.47229173749445,126.92151196037642,오피스텔,월세,843,높음,법정동,,,,2000.0,,,59.0,19.5,16.7,25.5,
난곡동,관악구,행정동,37.47229173749445,126.92151196037642,단독다가구,전세,558,높음,법정동,,,,12000.0,8000.0,16000.0,,32.4,20.0,48.4,355.042
난곡동,관악구,행정동,37.47229173749445,126.92151196037642,아파트,전세,17,보통,해당지역,,,,30000.0,25050.0,38500.0,,59.8,59.6,59.8,503.356
난곡동,관악구,행정동,37.47229173749445,126.92151196037642,연립다세대,전세,91,높음,해당지역,,,,17600.0,11000.0,21250.0,,40.0,29.9,46.9,360.36
난곡동,관악구,행정동,37.47229173749445,126.92151196037642,오피스텔,전세,74,높음,법정동,,,,18250.0,13250.0,22000.0,,19.9,18.0,24.5,904.523
난향동,관악구,행정동,37.46028528863213,126.91994750932281,단독다가구,매매,72,높음,법정동,86825.0,62375.0,116625.0,,,,,156.1,113.5,229.3,543.894
난향동,관악구,행정동,37.46028528863213,126.91994750932281,아파트,매매,125,높음,해당지역,70000.0,63000.0,75000.0,,,,,85.0,60.0,85.0,871.362
난향동,관악구,행정동,37.46028528863213,126.91994750932281,연립다세대,매매,10,보통,해당지역,22250.0,15812.5,26125.0,,,,,45.7,36.9,57.5,495.647
난향동,관악구,행정동,37.46028528863213,126.91994750932281,오피스텔,매매,50,높음,법정동,16650.0,12925.0,19575.0,,,,,27.8,22.9,32.8,596.267
난향동,관악구,행정동,37.46028528863213,126.91994750932281,단독다가구,월세,5215,높음,법정동,,,,1000.0,,,47.0,20.0,18.0,31.4,
난향동,관악구,행정동,37.46028528863213,126.91994750932281,아파트,월세,65,높음,해당지역,,,,10000.0,,,105.0,82.6,60.0,85.0,
난향동,관악구,행정동,37.46028528863213,126.91994750932281,연립다세대,월세,1236,높음,법정동,,,,5000.0,,,45.0,29.0,21.7,40.8,
난향동,관악구,행정동,37.46028528863213,126.91994750932281,오피스텔,월세,843,높음,법정동,,,,2000.0,,,59.0,19.5,16.7,25.5,
난향동,관악구,행정동,37.46028528863213,126.91994750932281,단독다가구,전세,558,높음,법정동,,,,12000.0,8000.0,16000.0,,32.4,20.0,48.4,355.042
난향동,관악구,행정동,37.46028528863213,126.91994750932281,아파트,전세,108,높음,해당지역,,,,43750.0,40000.0,50000.0,,85.0,60.0,85.0,566.653
난향동,관악구,행정동,37.46028528863213,126.91994750932281,연립다세대,전세,417,높음,법정동,,,,19000.0,13000.0,23500.0,,37.5,29.4,52.9,461.196
난향동,관악구,행정동,37.46028528863213,126.91994750932281,오피스텔,전세,74,높음,법정동,,,,18250.0,13250.0,22000.0,,19.9,18.0,24.5,904.523
남현동,관악구,행정동,37.47407102108613,126.9782452963186,단독다가구,매매,110,높음,자치구,94250.0,68500.0,120000.0,,,,,152.0,87.5,229.6,599.742
남현동,관악구,행정동,37.47407102108613,126.9782452963186,아파트,매매,62,높음,해당지역,80750.0,66250.0,91125.0,,,,,84.8,80.7,90.3,950.614
남현동,관악구,행정동,37.47407102108613,126.9782452963186,연립다세대,매매,84,높음,해당지역,43000.0,34875.0,52850.0,,,,,54.4,43.0,68.4,838.536
남현동,관악구,행정동,37.47407102108613,126.9782452963186,오피스텔,매매,16,보통,해당지역,16900.0,11975.0,19275.0,,,,,25.5,20.3,28.0,693.818
남현동,관악구,행정동,37.47407102108613,126.9782452963186,단독다가구,월세,314,높음,해당지역,,,,3000.0,,,55.0,23.0,19.0,39.7,
남현동,관악구,행정동,37.47407102108613,126.9782452963186,아파트,월세,25,보통,해당지역,,,,25000.0,,,71.0,73.6,35.5,84.5,
남현동,관악구,행정동,37.47407102108613,126.9782452963186,연립다세대,월세,149,높음,해당지역,,,,8295.0,,,53.0,29.8,16.3,45.1,
남현동,관악구,행정동,37.47407102108613,126.9782452963186,오피스텔,월세,100,높음,해당지역,,,,1000.0,,,57.0,22.4,17.7,27.2,
남현동,관악구,행정동,37.47407102108613,126.9782452963186,단독다가구,전세,43,높음,해당지역,,,,15000.0,12000.0,21500.0,,25.0,20.0,46.2,545.455
남현동,관악구,행정동,37.47407102108613,126.9782452963186,아파트,전세,28,보통,해당지역,,,,57500.0,45750.0,64250.0,,84.5,83.9,86.4,726.094
남현동,관악구,행정동,37.47407102108613,126.9782452963186,연립다세대,전세,61,높음,해당지역,,,,21000.0,17000.0,30870.0,,30.8,24.5,55.9,663.366
남현동,관악구,행정동,37.47407102108613,126.9782452963186,오피스텔,전세,15,보통,해당지역,,,,12500.0,11500.0,18000.0,,16.8,15.1,27.0,666.397
대학동,관악구,행정동,37.46762138363649,126.93836231469808,단독다가구,매매,72,높음,법정동,86825.0,62375.0,116625.0,,,,,156.1,113.5,229.3,543.894
대학동,관악구,행정동,37.46762138363649,126.93836231469808,아파트,매매,72,높음,해당지역,58500.0,52000.0,66050.0,,,,,69.2,58.9,84.4,861.825
대학동,관악구,행정동,37.46762138363649,126.93836231469808,연립다세대,매매,16,보통,해당지역,27185.0,22125.0,44175.0,,,,,57.5,44.1,72.2,567.963
대학동,관악구,행정동,37.46762138363649,126.93836231469808,오피스텔,매매,50,높음,법정동,16650.0,12925.0,19575.0,,,,,27.8,22.9,32.8,596.267
대학동,관악구,행정동,37.46762138363649,126.93836231469808,단독다가구,월세,5215,높음,법정동,,,,1000.0,,,47.0,20.0,18.0,31.4,
대학동,관악구,행정동,37.46762138363649,126.93836231469808,아파트,월세,49,높음,해당지역,,,,8700.0,,,70.0,58.9,26.6,69.2,
대학동,관악구,행정동,37.46762138363649,126.93836231469808,연립다세대,월세,84,높음,해당지역,,,,3000.0,,,50.0,29.0,26.5,45.9,
대학동,관악구,행정동,37.46762138363649,126.93836231469808,오피스텔,월세,26,보통,해당지역,,,,1000.0,,,74.0,24.3,11.8,27.8,
대학동,관악구,행정동,37.46762138363649,126.93836231469808,단독다가구,전세,558,높음,법정동,,,,12000.0,8000.0,16000.0,,32.4,20.0,48.4,355.042
대학동,관악구,행정동,37.46762138363649,126.93836231469808,아파트,전세,63,높음,해당지역,,,,36000.0,31500.0,40000.0,,69.2,59.4,84.6,510.048
대학동,관악구,행정동,37.46762138363649,126.93836231469808,연립다세대,전세,12,보통,해당지역,,,,30000.0,28725.0,35700.0,,50.8,29.7,68.4,731.079
대학동,관악구,행정동,37.46762138363649,126.93836231469808,오피스텔,전세,74,높음,법정동,,,,18250.0,13250.0,22000.0,,19.9,18.0,24.5,904.523
미성동,관악구,행정동,37.47812116131254,126.91501164109378,단독다가구,매매,72,높음,법정동,86825.0,62375.0,116625.0,,,,,156.1,113.5,229.3,543.894
미성동,관악구,행정동,37.47812116131254,126.91501164109378,아파트,매매,89,높음,해당지역,74000.0,53000.0,102500.0,,,,,84.8,60.3,84.9,914.634
미성동,관악구,행정동,37.47812116131254,126.91501164109378,연립다세대,매매,74,높음,해당지역,24950.0,19850.0,30975.0,,,,,45.7,33.4,55.5,540.532
미성동,관악구,행정동,37.47812116131254,126.91501164109378,오피스텔,매매,50,높음,법정동,16650.0,12925.0,19575.0,,,,,27.8,22.9,32.8,596.267
미성동,관악구,행정동,37.47812116131254,126.91501164109378,단독다가구,월세,5215,높음,법정동,,,,1000.0,,,47.0,20.0,18.0,31.4,
미성동,관악구,행정동,37.47812116131254,126.91501164109378,아파트,월세,43,높음,해당지역,,,,8000.0,,,85.0,60.0,41.0,84.8,
미성동,관악구,행정동,37.47812116131254,126.91501164109378,연립다세대,월세,102,높음,해당지역,,,,5000.0,,,51.5,42.2,27.6,49.6,
미성동,관악구,행정동,37.47812116131254,126.91501164109378,오피스텔,월세,43,높음,해당지역,,,,1000.0,,,41.0,17.3,16.2,19.1,
미성동,관악구,행정동,37.47812116131254,126.91501164109378,단독다가구,전세,558,높음,법정동,,,,12000.0,8000.0,16000.0,,32.4,20.0,48.4,355.042
미성동,관악구,행정동,37.47812116131254,126.91501164109378,아파트,전세,67,높음,해당지역,,,,40000.0,30000.0,60000.0,,74.1,59.3,84.9,574.713
미성동,관악구,행정동,37.47812116131254,126.91501164109378,연립다세대,전세,59,높음,해당지역,,,,20000.0,15100.0,24300.0,,41.4,34.2,49.5,568.25
미성동,관악구,행정동,37.47812116131254,126.91501164109378,오피스텔,전세,74,높음,법정동,,,,18250.0,13250.0,22000.0,,19.9,18.0,24.5,904.523
보라매동,관악구,행정동,37.490937086043296,126.93043778777306,단독다가구,매매,35,높음,법정동,100000.0,81750.0,120000.0,,,,,126.6,58.2,238.3,796.432
보라매동,관악구,행정동,37.490937086043296,126.93043778777306,아파트,매매,44,높음,해당지역,105000.0,73750.0,111500.0,,,,,84.8,80.2,84.8,1219.943
보라매동,관악구,행정동,37.490937086043296,126.93043778777306,연립다세대,매매,82,높음,해당지역,32535.0,26550.0,37500.0,,,,,51.1,43.5,59.9,623.547
보라매동,관악구,행정동,37.490937086043296,126.93043778777306,오피스텔,매매,156,높음,법정동,14425.0,9880.0,19625.0,,,,,21.4,17.2,27.4,752.495
보라매동,관악구,행정동,37.490937086043296,126.93043778777306,단독다가구,월세,3610,높음,법정동,,,,1000.0,,,50.0,20.0,18.0,33.0,
보라매동,관악구,행정동,37.490937086043296,126.93043778777306,아파트,월세,27,보통,해당지역,,,,15000.0,,,80.0,84.0,49.0,84.8,
보라매동,관악구,행정동,37.490937086043296,126.93043778777306,연립다세대,월세,108,높음,해당지역,,,,10000.0,,,40.0,39.9,29.7,53.9,
보라매동,관악구,행정동,37.490937086043296,126.93043778777306,오피스텔,월세,59,높음,해당지역,,,,1000.0,,,55.0,17.6,15.6,24.3,
보라매동,관악구,행정동,37.490937086043296,126.93043778777306,단독다가구,전세,457,높음,법정동,,,,13000.0,9500.0,19000.0,,30.0,20.0,43.5,426.439
보라매동,관악구,행정동,37.490937086043296,126.93043778777306,아파트,전세,35,높음,해당지역,,,,53000.0,34750.0,60000.0,,84.8,59.9,84.8,613.861
보라매동,관악구,행정동,37.490937086043296,126.93043778777306,연립다세대,전세,54,높음,해당지역,,,,22000.0,17000.0,26775.0,,48.2,30.1,57.3,490.679
보라매동,관악구,행정동,37.490937086043296,126.93043778777306,오피스텔,전세,165,높음,법정동,,,,19300.0,12000.0,26000.0,,20.8,17.6,24.9,925.436
삼성동,관악구,행정동,37.464476674201755,126.92864939830143,단독다가구,매매,72,높음,법정동,86825.0,62375.0,116625.0,,,,,156.1,113.5,229.3,543.894
삼성동,관악구,행정동,37.464476674201755,126.92864939830143,아파트,매매,85,높음,해당지역,55000.0,48300.0,63000.0,,,,,83.2,59.9,84.2,710.711
삼성동,관악구,행정동,37.464476674201755,126.92864939830143,연립다세대,매매,27,보통,해당지역,62351.0,37875.0,68400.0,,,,,54.7,42.0,65.1,1106.383
삼성동,관악구,행정동,37.464476674201755,126.92864939830143,오피스텔,매매,50,높음,법정동,16650.0,12925.0,19575.0,,,,,27.8,22.9,32.8,596.267
삼성동,관악구,행정동,37.464476674201755,126.92864939830143,단독다가구,월세,5215,높음,법정동,,,,1000.0,,,47.0,20.0,18.0,31.4,
삼성동,관악구,행정동,37.464476674201755,126.92864939830143,아파트,월세,37,높음,해당지역,,,,10000.0,,,40.0,77.2,58.6,84.2,
삼성동,관악구,행정동,37.464476674201755,126.92864939830143,연립다세대,월세,1236,높음,법정동,,,,5000.0,,,45.0,29.0,21.7,40.8,
삼성동,관악구,행정동,37.464476674201755,126.92864939830143,오피스텔,월세,843,높음,법정동,,,,2000.0,,,59.0,19.5,16.7,25.5,
삼성동,관악구,행정동,37.464476674201755,126.92864939830143,단독다가구,전세,558,높음,법정동,,,,12000.0,8000.0,16000.0,,32.4,20.0,48.4,355.042
삼성동,관악구,행정동,37.464476674201755,126.92864939830143,아파트,전세,63,높음,해당지역,,,,39000.0,35500.0,45000.0,,84.2,83.2,84.9,467.743
삼성동,관악구,행정동,37.464476674201755,126.92864939830143,연립다세대,전세,27,보통,해당지역,,,,18000.0,14850.0,20000.0,,60.0,39.2,68.3,270.619
삼성동,관악구,행정동,37.464476674201755,126.92864939830143,오피스텔,전세,74,높음,법정동,,,,18250.0,13250.0,22000.0,,19.9,18.0,24.5,904.523
서림동,관악구,행정동,37.47466056597037,126.93617411790166,단독다가구,매매,72,높음,법정동,86825.0,62375.0,116625.0,,,,,156.1,113.5,229.3,543.894
서림동,관악구,행정동,37.47466056597037,126.93617411790166,아파트,매매,76,높음,해당지역,71000.0,46375.0,84625.0,,,,,66.3,34.9,88.0,1059.69
서림동,관악구,행정동,37.47466056597037,126.93617411790166,연립다세대,매매,38,높음,해당지역,27700.0,22250.0,34000.0,,,,,46.6,36.0,59.7,553.641
서림동,관악구,행정동,37.47466056597037,126.93617411790166,오피스텔,매매,50,높음,법정동,16650.0,12925.0,19575.0,,,,,27.8,22.9,32.8,596.267
서림동,관악구,행정동,37.47466056597037,126.93617411790166,단독다가구,월세,5215,높음,법정동,,,,1000.0,,,47.0,20.0,18.0,31.4,
서림동,관악구,행정동,37.47466056597037,126.93617411790166,아파트,월세,62,높음,해당지역,,,,5000.0,,,92.5,34.9,34.9,59.8,
서림동,관악구,행정동,37.47466056597037,126.93617411790166,연립다세대,월세,120,높음,해당지역,,,,3000.0,,,48.0,31.0,22.6,43.6,
서림동,관악구,행정동,37.47466056597037,126.93617411790166,오피스텔,월세,10,보통,해당지역,,,,450.0,,,54.5,17.8,17.0,17.8,
서림동,관악구,행정동,37.47466056597037,126.93617411790166,단독다가구,전세,558,높음,법정동,,,,12000.0,8000.0,16000.0,,32.4,20.0,48.4,355.042
서림동,관악구,행정동,37.47466056597037,126.93617411790166,아파트,전세,77,높음,해당지역,,,,33000.0,26250.0,44000.0,,59.8,34.9,82.2,627.424
서림동,관악구,행정동,37.47466056597037,126.93617411790166,연립다세대,전세,37,높음,해당지역,,,,20000.0,17000.0,24000.0,,39.5,32.1,56.7,504.848
서림동,관악구,행정동,37.47466056597037,126.93617411790166,오피스텔,전세,74,높음,법정동,,,,18250.0,13250.0,22000.0,,19.9,18.0,24.5,904.523
서원동,관악구,행정동,37.48146017977584,126.93153661592932,단독다가구,매매,72,높음,법정동,86825.0,62375.0,116625.0,,,,,156.1,113.5,229.3,543.894
서원동,관악구,행정동,37.48146017977584,126.93153661592932,아파트,매매,19,보통,해당지역,75000.0,65750.0,78900.0,,,,,84.0,60.0,84.9,918.836
서원동,관악구,행정동,37.48146017977584,126.93153661592932,연립다세대,매매,104,높음,해당지역,32500.0,25000.0,43000.0,,,,,41.0,34.5,52.4,753.786
서원동,관악구,행정동,37.48146017977584,126.93153661592932,오피스텔,매매,19,보통,해당지역,16000.0,12000.0,19000.0,,,,,30.8,23.9,39.2,444.934
서원동,관악구,행정동,37.48146017977584,126.93153661592932,단독다가구,월세,5215,높음,법정동,,,,1000.0,,,47.0,20.0,18.0,31.4,
서원동,관악구,행정동,37.48146017977584,126.93153661592932,아파트,월세,63,높음,해당지역,,,,6502.0,,,58.0,39.7,13.7,42.8,
서원동,관악구,행정동,37.48146017977584,126.93153661592932,연립다세대,월세,198,높음,해당지역,,,,5000.0,,,50.0,36.7,24.5,50.0,
서원동,관악구,행정동,37.48146017977584,126.93153661592932,오피스텔,월세,150,높음,해당지역,,,,3000.0,,,67.5,23.0,17.7,27.4,
서원동,관악구,행정동,37.48146017977584,126.93153661592932,단독다가구,전세,558,높음,법정동,,,,12000.0,8000.0,16000.0,,32.4,20.0,48.4,355.042
서원동,관악구,행정동,37.48146017977584,126.93153661592932,아파트,전세,15,보통,해당지역,,,,23000.0,21500.0,40450.0,,55.2,55.2,60.0,416.591
서원동,관악구,행정동,37.48146017977584,126.93153661592932,연립다세대,전세,70,높음,해당지역,,,,17250.0,11000.0,22000.0,,41.3,30.1,54.7,379.893
서원동,관악구,행정동,37.48146017977584,126.93153661592932,오피스텔,전세,74,높음,법정동,,,,18250.0,13250.0,22000.0,,19.9,18.0,24.5,904.523
성현동,관악구,행정동,37.48927899824156,126.95145688164578,단독다가구,매매,35,높음,법정동,100000.0,81750.0,120000.0,,,,,126.6,58.2,238.3,796.432
성현동,관악구,행정동,37.48927899824156,126.95145688164578,아파트,매매,177,높음,해당지역,116000.0,105000.0,121000.0,,,,,84.9,59.8,85.0,1424.2
성현동,관악구,행정동,37.48927899824156,126.95145688164578,연립다세대,매매,86,높음,해당지역,45500.0,29200.0,74750.0,,,,,45.7,30.5,55.1,1004.188
성현동,관악구,행정동,37.48927899824156,126.95145688164578,오피스텔,매매,156,높음,법정동,14425.0,9880.0,19625.0,,,,,21.4,17.2,27.4,752.495
성현동,관악구,행정동,37.48927899824156,126.95145688164578,단독다가구,월세,3610,높음,법정동,,,,1000.0,,,50.0,20.0,18.0,33.0,
성현동,관악구,행정동,37.48927899824156,126.95145688164578,아파트,월세,169,높음,해당지역,,,,10000.0,,,100.0,59.8,59.8,85.0,
성현동,관악구,행정동,37.48927899824156,126.95145688164578,연립다세대,월세,50,높음,해당지역,,,,10000.0,,,35.0,32.7,29.4,41.1,
성현동,관악구,행정동,37.48927899824156,126.95145688164578,오피스텔,월세,25,보통,해당지역,,,,7000.0,,,35.0,21.3,20.2,33.1,
성현동,관악구,행정동,37.48927899824156,126.95145688164578,단독다가구,전세,457,높음,법정동,,,,13000.0,9500.0,19000.0,,30.0,20.0,43.5,426.439
성현동,관악구,행정동,37.48927899824156,126.95145688164578,아파트,전세,194,높음,해당지역,,,,55000.0,47287.5,61837.5,,84.9,59.8,85.0,694.813
성현동,관악구,행정동,37.48927899824156,126.95145688164578,연립다세대,전세,41,높음,해당지역,,,,25000.0,20000.0,29000.0,,47.7,30.0,55.2,538.412
성현동,관악구,행정동,37.48927899824156,126.95145688164578,오피스텔,전세,165,높음,법정동,,,,19300.0,12000.0,26000.0,,20.8,17.6,24.9,925.436
신림동,관악구,행정동,37.48641448900111,126.92869289486343,단독다가구,매매,72,높음,법정동,86825.0,62375.0,116625.0,,,,,156.1,113.5,229.3,543.894
신림동,관악구,행정동,37.48641448900111,126.92869289486343,아파트,매매,18,보통,해당지역,68000.0,40750.0,71875.0,,,,,74.7,44.2,74.7,932.188
신림동,관악구,행정동,37.48641448900111,126.92869289486343,연립다세대,매매,13,보통,해당지역,42500.0,37000.0,47000.0,,,,,53.4,52.7,59.9,667.557
신림동,관악구,행정동,37.48641448900111,126.92869289486343,오피스텔,매매,16,보통,해당지역,13500.0,12525.0,16700.0,,,,,26.9,25.4,29.7,591.842
신림동,관악구,행정동,37.48641448900111,126.92869289486343,단독다가구,월세,5215,높음,법정동,,,,1000.0,,,47.0,20.0,18.0,31.4,
신림동,관악구,행정동,37.48641448900111,126.92869289486343,아파트,월세,164,높음,해당지역,,,,1000.0,,,78.0,16.4,14.1,19.9,
신림동,관악구,행정동,37.48641448900111,126.92869289486343,연립다세대,월세,257,높음,해당지역,,,,7000.0,,,40.0,22.6,16.2,29.2,
신림동,관악구,행정동,37.48641448900111,126.92869289486343,오피스텔,월세,502,높음,해당지역,,,,2000.0,,,57.5,19.5,16.0,26.6,
신림동,관악구,행정동,37.48641448900111,126.92869289486343,단독다가구,전세,558,높음,법정동,,,,12000.0,8000.0,16000.0,,32.4,20.0,48.4,355.042
신림동,관악구,행정동,37.48641448900111,126.92869289486343,아파트,전세,12,보통,해당지역,,,,21040.0,16887.5,30250.0,,33.1,22.9,43.3,711.283
신림동,관악구,행정동,37.48641448900111,126.92869289486343,연립다세대,전세,34,높음,해당지역,,,,22000.0,14187.5,25578.8,,27.2,23.7,29.7,806.109
신림동,관악구,행정동,37.48641448900111,126.92869289486343,오피스텔,전세,35,높음,해당지역,,,,18000.0,11450.0,19000.0,,19.9,17.3,23.4,904.523
신사동,관악구,행정동,37.48549825795364,126.91864795936881,단독다가구,매매,72,높음,법정동,86825.0,62375.0,116625.0,,,,,156.1,113.5,229.3,543.894
신사동,관악구,행정동,37.48549825795364,126.91864795936881,아파트,매매,17,보통,해당지역,64000.0,63000.0,68000.0,,,,,59.7,59.7,84.9,1059.592
신사동,관악구,행정동,37.48549825795364,126.91864795936881,연립다세대,매매,37,높음,해당지역,32000.0,27500.0,36500.0,,,,,43.8,30.0,60.7,651.572
신사동,관악구,행정동,37.48549825795364,126.91864795936881,오피스텔,매매,50,높음,법정동,16650.0,12925.0,19575.0,,,,,27.8,22.9,32.8,596.267
신사동,관악구,행정동,37.48549825795364,126.91864795936881,단독다가구,월세,5215,높음,법정동,,,,1000.0,,,47.0,20.0,18.0,31.4,
신사동,관악구,행정동,37.48549825795364,126.91864795936881,아파트,월세,695,높음,법정동,,,,6100.0,,,67.0,34.9,18.0,60.0,
신사동,관악구,행정동,37.48549825795364,126.91864795936881,연립다세대,월세,103,높음,해당지역,,,,8000.0,,,35.0,29.0,23.9,34.6,
신사동,관악구,행정동,37.48549825795364,126.91864795936881,오피스텔,월세,843,높음,법정동,,,,2000.0,,,59.0,19.5,16.7,25.5,
신사동,관악구,행정동,37.48549825795364,126.91864795936881,단독다가구,전세,558,높음,법정동,,,,12000.0,8000.0,16000.0,,32.4,20.0,48.4,355.042
신사동,관악구,행정동,37.48549825795364,126.91864795936881,아파트,전세,501,높음,법정동,,,,40000.0,32000.0,50000.0,,60.3,59.8,84.8,563.828
신사동,관악구,행정동,37.48549825795364,126.91864795936881,연립다세대,전세,27,보통,해당지역,,,,20000.0,15000.0,23775.0,,27.1,20.6,45.9,697.674
신사동,관악구,행정동,37.48549825795364,126.91864795936881,오피스텔,전세,74,높음,법정동,,,,18250.0,13250.0,22000.0,,19.9,18.0,24.5,904.523
신원동,관악구,행정동,37.47972812529847,126.9268581381305,단독다가구,매매,72,높음,법정동,86825.0,62375.0,116625.0,,,,,156.1,113.5,229.3,543.894
신원동,관악구,행정동,37.47972812529847,126.9268581381305,아파트,매매,16,보통,해당지역,79850.0,66350.0,82000.0,,,,,60.4,50.6,60.4,1310.036
신원동,관악구,행정동,37.47972812529847,126.9268581381305,연립다세대,매매,94,높음,해당지역,34650.0,30000.0,43000.0,,,,,41.4,34.6,54.1,873.509
신원동,관악구,행정동,37.47972812529847,126.9268581381305,오피스텔,매매,50,높음,법정동,16650.0,12925.0,19575.0,,,,,27.8,22.9,32.8,596.267
신원동,관악구,행정동,37.47972812529847,126.9268581381305,단독다가구,월세,5215,높음,법정동,,,,1000.0,,,47.0,20.0,18.0,31.4,
신원동,관악구,행정동,37.47972812529847,126.9268581381305,아파트,월세,11,보통,해당지역,,,,10000.0,,,110.0,60.4,55.5,78.4,
신원동,관악구,행정동,37.47972812529847,126.9268581381305,연립다세대,월세,75,높음,해당지역,,,,5000.0,,,50.0,30.4,26.6,36.5,
신원동,관악구,행정동,37.47972812529847,126.9268581381305,오피스텔,월세,843,높음,법정동,,,,2000.0,,,59.0,19.5,16.7,25.5,
신원동,관악구,행정동,37.47972812529847,126.9268581381305,단독다가구,전세,558,높음,법정동,,,,12000.0,8000.0,16000.0,,32.4,20.0,48.4,355.042
신원동,관악구,행정동,37.47972812529847,126.9268581381305,아파트,전세,501,높음,법정동,,,,40000.0,32000.0,50000.0,,60.3,59.8,84.8,563.828
신원동,관악구,행정동,37.47972812529847,126.9268581381305,연립다세대,전세,30,높음,해당지역,,,,17000.0,12000.0,24750.0,,36.1,29.6,44.9,509.631
신원동,관악구,행정동,37.47972812529847,126.9268581381305,오피스텔,전세,74,높음,법정동,,,,18250.0,13250.0,22000.0,,19.9,18.0,24.5,904.523
은천동,관악구,행정동,37.48661038554082,126.9428922960319,단독다가구,매매,35,높음,법정동,100000.0,81750.0,120000.0,,,,,126.6,58.2,238.3,796.432
은천동,관악구,행정동,37.48661038554082,126.9428922960319,아파트,매매,182,높음,해당지역,108250.0,98625.0,120750.0,,,,,81.7,60.0,85.0,1531.005
은천동,관악구,행정동,37.48661038554082,126.9428922960319,연립다세대,매매,104,높음,해당지역,29350.0,20000.0,35000.0,,,,,44.9,35.2,59.5,639.164
은천동,관악구,행정동,37.48661038554082,126.9428922960319,오피스텔,매매,19,보통,해당지역,64313.0,63263.0,64969.0,,,,,80.5,78.6,80.9,803.321
은천동,관악구,행정동,37.48661038554082,126.9428922960319,단독다가구,월세,3610,높음,법정동,,,,1000.0,,,50.0,20.0,18.0,33.0,
은천동,관악구,행정동,37.48661038554082,126.9428922960319,아파트,월세,117,높음,해당지역,,,,15000.0,,,120.0,60.0,59.9,84.9,
은천동,관악구,행정동,37.48661038554082,126.9428922960319,연립다세대,월세,127,높음,해당지역,,,,11700.0,,,32.0,30.5,23.2,42.8,
은천동,관악구,행정동,37.48661038554082,126.9428922960319,오피스텔,월세,51,높음,해당지역,,,,18500.0,,,21.0,18.8,18.4,22.5,
은천동,관악구,행정동,37.48661038554082,126.9428922960319,단독다가구,전세,457,높음,법정동,,,,13000.0,9500.0,19000.0,,30.0,20.0,43.5,426.439
은천동,관악구,행정동,37.48661038554082,126.9428922960319,아파트,전세,160,높음,해당지역,,,,55000.0,50000.0,63000.0,,60.0,59.9,85.0,758.711
은천동,관악구,행정동,37.48661038554082,126.9428922960319,연립다세대,전세,30,높음,해당지역,,,,19200.0,16250.0,25225.0,,30.0,26.8,39.5,627.043
은천동,관악구,행정동,37.48661038554082,126.9428922960319,오피스텔,전세,165,높음,법정동,,,,19300.0,12000.0,26000.0,,20.8,17.6,24.9,925.436
인헌동,관악구,행정동,37.47246828570818,126.9661432312104,단독다가구,매매,35,높음,법정동,100000.0,81750.0,120000.0,,,,,126.6,58.2,238.3,796.432
인헌동,관악구,행정동,37.47246828570818,126.9661432312104,아파트,매매,58,높음,해당지역,68000.0,59000.0,79250.0,,,,,59.9,50.0,79.7,1104.496
인헌동,관악구,행정동,37.47246828570818,126.9661432312104,연립다세대,매매,114,높음,해당지역,30100.0,24625.0,36375.0,,,,,59.0,49.9,66.8,526.33
인헌동,관악구,행정동,37.47246828570818,126.9661432312104,오피스텔,매매,156,높음,법정동,14425.0,9880.0,19625.0,,,,,21.4,17.2,27.4,752.495
인헌동,관악구,행정동,37.47246828570818,126.9661432312104,단독다가구,월세,3610,높음,법정동,,,,1000.0,,,50.0,20.0,18.0,33.0,
인헌동,관악구,행정동,37.47246828570818,126.9661432312104,아파트,월세,45,높음,해당지역,,,,30000.0,,,60.0,59.9,50.0,61.7,
인헌동,관악구,행정동,37.47246828570818,126.9661432312104,연립다세대,월세,217,높음,해당지역,,,,5000.0,,,50.0,36.9,27.4,53.6,
인헌동,관악구,행정동,37.47246828570818,126.9661432312104,오피스텔,월세,25,보통,해당지역,,,,2500.0,,,47.0,18.7,15.3,24.2,
인헌동,관악구,행정동,37.47246828570818,126.9661432312104,단독다가구,전세,457,높음,법정동,,,,13000.0,9500.0,19000.0,,30.0,20.0,43.5,426.439
인헌동,관악구,행정동,37.47246828570818,126.9661432312104,아파트,전세,35,높음,해당지역,,,,42000.0,38500.0,52500.0,,59.9,50.0,84.1,720.721
인헌동,관악구,행정동,37.47246828570818,126.9661432312104,연립다세대,전세,65,높음,해당지역,,,,21000.0,16538.0,27000.0,,46.0,29.6,57.7,470.81
인헌동,관악구,행정동,37.47246828570818,126.9661432312104,오피스텔,전세,12,보통,해당지역,,,,10200.0,10050.0,22125.0,,16.0,16.0,18.8,636.704
조원동,관악구,행정동,37.48338199007346,126.90652023792421,단독다가구,매매,72,높음,법정동,86825.0,62375.0,116625.0,,,,,156.1,113.5,229.3,543.894
조원동,관악구,행정동,37.48338199007346,126.90652023792421,아파트,매매,62,높음,해당지역,94750.0,75875.0,137600.0,,,,,67.1,60.0,84.6,1188.608
조원동,관악구,행정동,37.48338199007346,126.90652023792421,연립다세대,매매,36,높음,해당지역,31000.0,26725.0,42125.0,,,,,42.8,28.4,57.3,820.822
조원동,관악구,행정동,37.48338199007346,126.90652023792421,오피스텔,매매,50,높음,법정동,16650.0,12925.0,19575.0,,,,,27.8,22.9,32.8,596.267
조원동,관악구,행정동,37.48338199007346,126.90652023792421,단독다가구,월세,5215,높음,법정동,,,,1000.0,,,47.0,20.0,18.0,31.4,
조원동,관악구,행정동,37.48338199007346,126.90652023792421,아파트,월세,172,높음,해당지역,,,,10000.0,,,53.0,32.8,18.0,60.0,
조원동,관악구,행정동,37.48338199007346,126.90652023792421,연립다세대,월세,140,높음,해당지역,,,,3200.0,,,48.0,21.9,15.3,28.8,
조원동,관악구,행정동,37.48338199007346,126.90652023792421,오피스텔,월세,93,높음,해당지역,,,,1000.0,,,56.0,20.9,18.2,22.7,
조원동,관악구,행정동,37.48338199007346,126.90652023792421,단독다가구,전세,558,높음,법정동,,,,12000.0,8000.0,16000.0,,32.4,20.0,48.4,355.042
조원동,관악구,행정동,37.48338199007346,126.90652023792421,아파트,전세,70,높음,해당지역,,,,68000.0,53977.5,75000.0,,60.0,60.0,60.0,1116.89
조원동,관악구,행정동,37.48338199007346,126.90652023792421,연립다세대,전세,22,보통,해당지역,,,,18815.0,14375.0,20000.0,,28.8,21.6,40.2,591.094
조원동,관악구,행정동,37.48338199007346,126.90652023792421,오피스텔,전세,22,보통,해당지역,,,,18950.0,11987.5,19950.0,,18.4,18.0,19.2,995.845
중앙동,관악구,행정동,37.48310549986387,126.95083994357185,단독다가구,매매,35,높음,법정동,100000.0,81750.0,120000.0,,,,,126.6,58.2,238.3,796.432
중앙동,관악구,행정동,37.48310549986387,126.95083994357185,아파트,매매,47,높음,해당지역,39700.0,36200.0,44650.0,,,,,33.3,29.8,36.6,1205.625
중앙동,관악구,행정동,37.48310549986387,126.95083994357185,연립다세대,매매,34,높음,해당지역,34250.0,30000.0,41800.0,,,,,50.9,34.3,62.9,662.85
중앙동,관악구,행정동,37.48310549986387,126.95083994357185,오피스텔,매매,29,보통,해당지역,14350.0,11000.0,18300.0,,,,,24.3,17.7,26.7,620.767
중앙동,관악구,행정동,37.48310549986387,126.95083994357185,단독다가구,월세,3610,높음,법정동,,,,1000.0,,,50.0,20.0,18.0,33.0,
중앙동,관악구,행정동,37.48310549986387,126.95083994357185,아파트,월세,80,높음,해당지역,,,,3000.0,,,64.5,19.6,15.7,22.2,
중앙동,관악구,행정동,37.48310549986387,126.95083994357185,연립다세대,월세,114,높음,해당지역,,,,5000.0,,,54.5,27.8,15.3,41.2,
중앙동,관악구,행정동,37.48310549986387,126.95083994357185,오피스텔,월세,261,높음,해당지역,,,,2000.0,,,60.0,21.4,17.4,25.5,
중앙동,관악구,행정동,37.48310549986387,126.95083994357185,단독다가구,전세,457,높음,법정동,,,,13000.0,9500.0,19000.0,,30.0,20.0,43.5,426.439
중앙동,관악구,행정동,37.48310549986387,126.95083994357185,아파트,전세,25,보통,해당지역,,,,27800.0,16500.0,50000.0,,28.6,19.6,83.4,719.786
중앙동,관악구,행정동,37.48310549986387,126.95083994357185,연립다세대,전세,25,보통,해당지역,,,,24300.0,20000.0,30000.0,,29.8,28.1,53.0,652.716
중앙동,관악구,행정동,37.48310549986387,126.95083994357185,오피스텔,전세,18,보통,해당지역,,,,20000.0,13500.0,23000.0,,21.8,17.4,23.7,917.599
청룡동,관악구,행정동,37.47967994023849,126.94783271228184,단독다가구,매매,35,높음,법정동,100000.0,81750.0,120000.0,,,,,126.6,58.2,238.3,796.432
청룡동,관악구,행정동,37.47967994023849,126.94783271228184,아파트,매매,148,높음,해당지역,121000.0,73750.0,144775.0,,,,,83.5,59.9,84.9,1440.631
청룡동,관악구,행정동,37.47967994023849,126.94783271228184,연립다세대,매매,39,높음,해당지역,29500.0,22000.0,40300.0,,,,,52.6,40.1,64.2,607.903
청룡동,관악구,행정동,37.47967994023849,126.94783271228184,오피스텔,매매,91,높음,해당지역,12000.0,9595.0,15700.0,,,,,20.2,13.1,23.4,753.708
청룡동,관악구,행정동,37.47967994023849,126.94783271228184,단독다가구,월세,3610,높음,법정동,,,,1000.0,,,50.0,20.0,18.0,33.0,
청룡동,관악구,행정동,37.47967994023849,126.94783271228184,아파트,월세,378,높음,해당지역,,,,5000.0,,,80.0,19.2,15.2,59.9,
청룡동,관악구,행정동,37.47967994023849,126.94783271228184,연립다세대,월세,173,높음,해당지역,,,,5000.0,,,55.0,23.2,13.3,36.0,
청룡동,관악구,행정동,37.47967994023849,126.94783271228184,오피스텔,월세,558,높음,해당지역,,,,1000.0,,,55.0,18.8,16.8,21.1,
청룡동,관악구,행정동,37.47967994023849,126.94783271228184,단독다가구,전세,457,높음,법정동,,,,13000.0,9500.0,19000.0,,30.0,20.0,43.5,426.439
청룡동,관악구,행정동,37.47967994023849,126.94783271228184,아파트,전세,147,높음,해당지역,,,,68000.0,55062.5,75000.0,,84.3,59.9,84.9,877.713
청룡동,관악구,행정동,37.47967994023849,126.94783271228184,연립다세대,전세,41,높음,해당지역,,,,19500.0,16500.0,27000.0,,32.4,18.5,53.4,818.452
청룡동,관악구,행정동,37.47967994023849,126.94783271228184,오피스텔,전세,43,높음,해당지역,,,,15000.0,8500.0,17725.0,,18.5,16.2,19.9,662.252
청림동,관악구,행정동,37.489177667055245,126.95978274638584,단독다가구,매매,35,높음,법정동,100000.0,81750.0,120000.0,,,,,126.6,58.2,238.3,796.432
청림동,관악구,행정동,37.489177667055245,126.95978274638584,아파트,매매,148,높음,해당지역,110250.0,99000.0,117000.0,,,,,59.6,59.6,84.8,1526.76
청림동,관악구,행정동,37.489177667055245,126.95978274638584,연립다세대,매매,16,보통,해당지역,83500.0,38975.0,100500.0,,,,,41.9,30.0,50.8,1745.26
청림동,관악구,행정동,37.489177667055245,126.95978274638584,오피스텔,매매,156,높음,법정동,14425.0,9880.0,19625.0,,,,,21.4,17.2,27.4,752.495
청림동,관악구,행정동,37.489177667055245,126.95978274638584,단독다가구,월세,3610,높음,법정동,,,,1000.0,,,50.0,20.0,18.0,33.0,
청림동,관악구,행정동,37.489177667055245,126.95978274638584,아파트,월세,105,높음,해당지역,,,,16000.0,,,125.0,59.6,59.6,84.8,
청림동,관악구,행정동,37.489177667055245,126.95978274638584,연립다세대,월세,16,보통,해당지역,,,,1000.0,,,43.5,34.1,25.5,39.5,
청림동,관악구,행정동,37.489177667055245,126.95978274638584,오피스텔,월세,1297,높음,법정동,,,,3000.0,,,55.0,18.9,16.9,23.1,
청림동,관악구,행정동,37.489177667055245,126.95978274638584,단독다가구,전세,457,높음,법정동,,,,13000.0,9500.0,19000.0,,30.0,20.0,43.5,426.439
청림동,관악구,행정동,37.489177667055245,126.95978274638584,아파트,전세,188,높음,해당지역,,,,49000.0,43875.0,55000.0,,59.6,59.6,84.7,716.846
청림동,관악구,행정동,37.489177667055245,126.95978274638584,연립다세대,전세,14,보통,해당지역,,,,21750.0,17125.0,26125.0,,43.1,30.1,56.2,392.901
청림동,관악구,행정동,37.489177667055245,126.95978274638584,오피스텔,전세,165,높음,법정동,,,,19300.0,12000.0,26000.0,,20.8,17.6,24.9,925.436
행운동,관악구,행정동,37.48128743929042,126.95917427545521,단독다가구,매매,35,높음,법정동,100000.0,81750.0,120000.0,,,,,126.6,58.2,238.3,796.432
행운동,관악구,행정동,37.48128743929042,126.95917427545521,아파트,매매,116,높음,해당지역,100150.0,85750.0,112500.0,,,,,84.6,59.8,85.0,1282.957
행운동,관악구,행정동,37.48128743929042,126.95917427545521,연립다세대,매매,107,높음,해당지역,24500.0,18500.0,31250.0,,,,,45.8,35.5,53.2,555.556
행운동,관악구,행정동,37.48128743929042,126.95917427545521,오피스텔,매매,156,높음,법정동,14425.0,9880.0,19625.0,,,,,21.4,17.2,27.4,752.495
행운동,관악구,행정동,37.48128743929042,126.95917427545521,단독다가구,월세,3610,높음,법정동,,,,1000.0,,,50.0,20.0,18.0,33.0,
행운동,관악구,행정동,37.48128743929042,126.95917427545521,아파트,월세,64,높음,해당지역,,,,15375.0,,,101.0,59.9,59.7,85.0,
행운동,관악구,행정동,37.48128743929042,126.95917427545521,연립다세대,월세,202,높음,해당지역,,,,5000.0,,,44.0,32.0,17.1,49.6,
행운동,관악구,행정동,37.48128743929042,126.95917427545521,오피스텔,월세,171,높음,해당지역,,,,5000.0,,,50.0,17.6,16.2,21.4,
행운동,관악구,행정동,37.48128743929042,126.95917427545521,단독다가구,전세,457,높음,법정동,,,,13000.0,9500.0,19000.0,,30.0,20.0,43.5,426.439
행운동,관악구,행정동,37.48128743929042,126.95917427545521,아파트,전세,103,높음,해당지역,,,,53000.0,45575.0,60000.0,,85.0,59.8,85.0,703.047
행운동,관악구,행정동,37.48128743929042,126.95917427545521,연립다세대,전세,40,높음,해당지역,,,,21000.0,18900.0,27206.2,,41.6,29.9,51.4,524.714
행운동,관악구,행정동,37.48128743929042,126.95917427545521,오피스텔,전세,58,높음,해당지역,,,,27000.0,24250.0,29200.0,,24.1,22.0,24.9,1127.608
광장동,광진구,행정동,37.5440892004213,127.10210826817084,단독다가구,매매,205,높음,자치구,135000.0,100000.0,188000.0,,,,,182.5,139.5,247.1,689.193
광장동,광진구,행정동,37.5440892004213,127.10210826817084,아파트,매매,108,높음,해당지역,188250.0,160000.0,223125.0,,,,,84.6,60.0,84.9,2523.287
광장동,광진구,행정동,37.5440892004213,127.10210826817084,연립다세대,매매,27,보통,해당지역,63000.0,42800.0,69750.0,,,,,63.0,43.3,66.9,1049.909
광장동,광진구,행정동,37.5440892004213,127.10210826817084,오피스텔,매매,11,보통,해당지역,18000.0,16500.0,38500.0,,,,,27.8,25.3,41.1,728.45
광장동,광진구,행정동,37.5440892004213,127.10210826817084,단독다가구,월세,45,높음,해당지역,,,,2000.0,,,50.0,33.0,25.0,43.0,
광장동,광진구,행정동,37.5440892004213,127.10210826817084,아파트,월세,187,높음,해당지역,,,,40000.0,,,150.0,84.6,60.0,85.0,
광장동,광진구,행정동,37.5440892004213,127.10210826817084,연립다세대,월세,33,높음,해당지역,,,,6000.0,,,48.0,48.8,30.9,57.5,
광장동,광진구,행정동,37.5440892004213,127.10210826817084,오피스텔,월세,21,보통,해당지역,,,,1000.0,,,65.0,27.8,24.7,30.4,
광장동,광진구,행정동,37.5440892004213,127.10210826817084,단독다가구,전세,27,보통,해당지역,,,,16000.0,13000.0,23090.0,,33.9,29.9,41.3,454.545
광장동,광진구,행정동,37.5440892004213,127.10210826817084,아파트,전세,339,높음,해당지역,,,,73867.0,63000.0,87000.0,,84.6,65.8,85.0,928.664
광장동,광진구,행정동,37.5440892004213,127.10210826817084,연립다세대,전세,39,높음,해당지역,,,,30000.0,24650.0,52500.0,,65.7,59.9,91.5,438.853
광장동,광진구,행정동,37.5440892004213,127.10210826817084,오피스텔,전세,193,높음,자치구,,,,21000.0,17000.0,25800.0,,20.9,17.6,30.2,921.187
구의1동,광진구,행정동,37.54049584607774,127.0853197796741,단독다가구,매매,46,높음,법정동,159013.5,120875.0,197875.0,,,,,205.4,139.6,238.4,727.002
구의1동,광진구,행정동,37.54049584607774,127.0853197796741,아파트,매매,37,높음,해당지역,192000.0,55000.0,210000.0,,,,,85.0,64.8,85.0,2253.055
구의1동,광진구,행정동,37.54049584607774,127.0853197796741,연립다세대,매매,132,높음,해당지역,41000.0,30000.0,53250.0,,,,,44.5,27.6,55.9,1125.485
구의1동,광진구,행정동,37.54049584607774,127.0853197796741,오피스텔,매매,16,보통,해당지역,19835.0,16950.0,25175.0,,,,,32.2,26.5,33.8,694.658
구의1동,광진구,행정동,37.54049584607774,127.0853197796741,단독다가구,월세,976,높음,법정동,,,,2000.0,,,55.0,34.5,24.0,42.9,
구의1동,광진구,행정동,37.54049584607774,127.0853197796741,아파트,월세,256,높음,해당지역,,,,8200.0,,,52.0,19.7,19.7,39.5,
구의1동,광진구,행정동,37.54049584607774,127.0853197796741,연립다세대,월세,354,높음,해당지역,,,,8750.0,,,50.0,29.2,22.1,39.8,
구의1동,광진구,행정동,37.54049584607774,127.0853197796741,오피스텔,월세,204,높음,해당지역,,,,1000.0,,,76.5,25.4,20.9,32.2,
구의1동,광진구,행정동,37.54049584607774,127.0853197796741,단독다가구,전세,189,높음,법정동,,,,16000.0,11000.0,21000.0,,41.6,32.6,52.0,410.624
구의1동,광진구,행정동,37.54049584607774,127.0853197796741,아파트,전세,67,높음,해당지역,,,,110000.0,102950.0,124975.0,,85.0,85.0,115.9,1212.178
구의1동,광진구,행정동,37.54049584607774,127.0853197796741,연립다세대,전세,119,높음,해당지역,,,,25000.0,20400.0,31250.0,,37.0,28.6,52.5,645.989
구의1동,광진구,행정동,37.54049584607774,127.0853197796741,오피스텔,전세,28,보통,해당지역,,,,20975.0,18902.5,27250.0,,22.3,20.9,38.6,872.412
구의2동,광진구,행정동,37.54984504783965,127.0917051221726,단독다가구,매매,46,높음,법정동,159013.5,120875.0,197875.0,,,,,205.4,139.6,238.4,727.002
구의2동,광진구,행정동,37.54984504783965,127.0917051221726,아파트,매매,42,높음,해당지역,114750.0,73500.0,166125.0,,,,,60.2,59.8,84.7,1583.427
구의2동,광진구,행정동,37.54984504783965,127.0917051221726,연립다세대,매매,216,높음,해당지역,41250.0,33500.0,55625.0,,,,,49.1,36.0,61.2,923.918
구의2동,광진구,행정동,37.54984504783965,127.0917051221726,오피스텔,매매,33,높음,법정동,22500.0,17500.0,29000.0,,,,,32.2,25.7,34.0,710.059
구의2동,광진구,행정동,37.54984504783965,127.0917051221726,단독다가구,월세,976,높음,법정동,,,,2000.0,,,55.0,34.5,24.0,42.9,
구의2동,광진구,행정동,37.54984504783965,127.0917051221726,아파트,월세,35,높음,해당지역,,,,31000.0,,,100.0,61.0,59.8,85.0,
구의2동,광진구,행정동,37.54984504783965,127.0917051221726,연립다세대,월세,176,높음,해당지역,,,,12000.0,,,40.0,40.0,28.6,53.9,
구의2동,광진구,행정동,37.54984504783965,127.0917051221726,오피스텔,월세,18,보통,해당지역,,,,1050.0,,,92.5,24.9,24.2,27.0,
구의2동,광진구,행정동,37.54984504783965,127.0917051221726,단독다가구,전세,189,높음,법정동,,,,16000.0,11000.0,21000.0,,41.6,32.6,52.0,410.624
구의2동,광진구,행정동,37.54984504783965,127.0917051221726,아파트,전세,57,높음,해당지역,,,,80000.0,58344.0,95000.0,,74.2,60.0,85.0,1112.026
구의2동,광진구,행정동,37.54984504783965,127.0917051221726,연립다세대,전세,161,높음,해당지역,,,,24000.0,20000.0,30000.0,,41.5,29.4,56.9,600.0
구의2동,광진구,행정동,37.54984504783965,127.0917051221726,오피스텔,전세,33,높음,법정동,,,,20950.0,18940.0,27000.0,,26.8,20.9,37.6,800.356
구의3동,광진구,행정동,37.5384359471308,127.0935192188397,단독다가구,매매,46,높음,법정동,159013.5,120875.0,197875.0,,,,,205.4,139.6,238.4,727.002
구의3동,광진구,행정동,37.5384359471308,127.0935192188397,아파트,매매,113,높음,해당지역,172000.0,134000.0,208000.0,,,,,84.8,59.8,85.0,2234.451
구의3동,광진구,행정동,37.5384359471308,127.0935192188397,연립다세대,매매,79,높음,해당지역,48750.0,39900.0,67750.0,,,,,49.0,30.0,62.6,1157.512
구의3동,광진구,행정동,37.5384359471308,127.0935192188397,오피스텔,매매,14,보통,해당지역,24000.0,21000.0,29950.0,,,,,33.1,28.2,34.0,688.843
구의3동,광진구,행정동,37.5384359471308,127.0935192188397,단독다가구,월세,976,높음,법정동,,,,2000.0,,,55.0,34.5,24.0,42.9,
구의3동,광진구,행정동,37.5384359471308,127.0935192188397,아파트,월세,163,높음,해당지역,,,,25000.0,,,145.0,84.8,59.8,84.9,
구의3동,광진구,행정동,37.5384359471308,127.0935192188397,연립다세대,월세,183,높음,해당지역,,,,10000.0,,,43.0,28.3,20.9,42.9,
구의3동,광진구,행정동,37.5384359471308,127.0935192188397,오피스텔,월세,62,높음,해당지역,,,,2000.0,,,70.0,28.4,26.8,34.0,
구의3동,광진구,행정동,37.5384359471308,127.0935192188397,단독다가구,전세,189,높음,법정동,,,,16000.0,11000.0,21000.0,,41.6,32.6,52.0,410.624
구의3동,광진구,행정동,37.5384359471308,127.0935192188397,아파트,전세,165,높음,해당지역,,,,70000.0,63000.0,84000.0,,84.8,59.8,84.9,918.512
구의3동,광진구,행정동,37.5384359471308,127.0935192188397,연립다세대,전세,81,높음,해당지역,,,,27000.0,23000.0,34000.0,,41.8,29.3,55.1,617.678
구의3동,광진구,행정동,37.5384359471308,127.0935192188397,오피스텔,전세,33,높음,법정동,,,,20950.0,18940.0,27000.0,,26.8,20.9,37.6,800.356
군자동,광진구,행정동,37.55356344207261,127.07380186933463,단독다가구,매매,15,보통,해당지역,86000.0,71000.0,112000.0,,,,,149.5,115.2,210.9,567.537
군자동,광진구,행정동,37.55356344207261,127.07380186933463,아파트,매매,21,보통,해당지역,96000.0,81500.0,101500.0,,,,,84.3,60.0,85.0,1263.335
군자동,광진구,행정동,37.55356344207261,127.07380186933463,연립다세대,매매,55,높음,해당지역,47000.0,34000.0,58250.0,,,,,50.2,39.7,60.7,948.276
군자동,광진구,행정동,37.55356344207261,127.07380186933463,오피스텔,매매,11,보통,해당지역,20000.0,19750.0,20550.0,,,,,18.1,17.3,18.1,1138.122
군자동,광진구,행정동,37.55356344207261,127.07380186933463,단독다가구,월세,726,높음,해당지역,,,,1000.0,,,55.0,22.0,19.8,31.1,
군자동,광진구,행정동,37.55356344207261,127.07380186933463,아파트,월세,12,보통,해당지역,,,,17350.0,,,77.0,17.8,17.8,85.0,
군자동,광진구,행정동,37.55356344207261,127.07380186933463,연립다세대,월세,179,높음,해당지역,,,,4000.0,,,55.0,26.5,16.1,37.8,
군자동,광진구,행정동,37.55356344207261,127.07380186933463,오피스텔,월세,120,높음,해당지역,,,,2000.0,,,85.0,17.2,15.6,18.1,
군자동,광진구,행정동,37.55356344207261,127.07380186933463,단독다가구,전세,74,높음,해당지역,,,,14000.0,10125.0,20000.0,,34.8,22.1,49.7,399.477
군자동,광진구,행정동,37.55356344207261,127.07380186933463,아파트,전세,13,보통,해당지역,,,,45000.0,42000.0,50000.0,,79.4,60.0,85.0,667.111
군자동,광진구,행정동,37.55356344207261,127.07380186933463,연립다세대,전세,92,높음,해당지역,,,,27250.0,20000.0,29550.0,,30.0,26.6,46.3,869.25
군자동,광진구,행정동,37.55356344207261,127.07380186933463,오피스텔,전세,10,보통,해당지역,,,,19800.0,18662.5,27000.0,,17.2,17.2,26.8,1066.044
능동,광진구,행정동,37.553929711293655,127.08277733882042,단독다가구,매매,25,보통,해당지역,163000.0,120000.0,273600.0,,,,,193.3,158.3,296.9,880.374
능동,광진구,행정동,37.553929711293655,127.08277733882042,아파트,매매,619,높음,자치구,150000.0,92250.0,191000.0,,,,,76.9,59.8,84.9,1993.62
능동,광진구,행정동,37.553929711293655,127.08277733882042,연립다세대,매매,100,높음,해당지역,37425.0,35787.5,54550.0,,,,,28.8,25.4,36.0,1431.664
능동,광진구,행정동,37.553929711293655,127.08277733882042,오피스텔,매매,179,높음,자치구,21000.0,17650.0,29650.0,,,,,21.4,17.5,29.9,959.533
능동,광진구,행정동,37.553929711293655,127.08277733882042,단독다가구,월세,394,높음,해당지역,,,,2000.0,,,57.0,26.0,21.0,40.0,
능동,광진구,행정동,37.553929711293655,127.08277733882042,아파트,월세,1289,높음,자치구,,,,15000.0,,,79.0,59.8,19.7,84.8,
능동,광진구,행정동,37.553929711293655,127.08277733882042,연립다세대,월세,175,높음,해당지역,,,,10000.0,,,39.0,28.2,19.6,40.0,
능동,광진구,행정동,37.553929711293655,127.08277733882042,오피스텔,월세,22,보통,해당지역,,,,5500.0,,,68.5,23.5,21.5,31.7,
능동,광진구,행정동,37.553929711293655,127.08277733882042,단독다가구,전세,83,높음,해당지역,,,,15000.0,9500.0,25000.0,,36.5,24.5,54.6,465.116
능동,광진구,행정동,37.553929711293655,127.08277733882042,아파트,전세,1185,높음,자치구,,,,70000.0,57750.0,89000.0,,84.6,60.0,85.0,921.736
능동,광진구,행정동,37.553929711293655,127.08277733882042,연립다세대,전세,91,높음,해당지역,,,,27900.0,22100.0,30000.0,,27.9,23.9,31.0,972.37
능동,광진구,행정동,37.553929711293655,127.08277733882042,오피스텔,전세,193,높음,자치구,,,,21000.0,17000.0,25800.0,,20.9,17.6,30.2,921.187
자양1동,광진구,행정동,37.535770709031105,127.08058844203917,단독다가구,매매,40,높음,법정동,177000.0,140125.0,210000.0,,,,,152.1,119.4,210.4,984.48
자양1동,광진구,행정동,37.535770709031105,127.08058844203917,아파트,매매,17,보통,해당지역,110000.0,90000.0,127000.0,,,,,62.3,47.0,84.8,1614.907
자양1동,광진구,행정동,37.535770709031105,127.08058844203917,연립다세대,매매,122,높음,해당지역,64000.0,50250.0,80000.0,,,,,38.3,28.4,51.9,1660.676
자양1동,광진구,행정동,37.535770709031105,127.08058844203917,오피스텔,매매,17,보통,해당지역,25000.0,22900.0,36800.0,,,,,30.2,24.0,42.4,944.534
자양1동,광진구,행정동,37.535770709031105,127.08058844203917,단독다가구,월세,1480,높음,법정동,,,,1000.0,,,55.0,30.0,20.0,40.0,
자양1동,광진구,행정동,37.535770709031105,127.08058844203917,아파트,월세,14,보통,해당지역,,,,29950.0,,,90.5,59.6,47.0,81.3,
자양1동,광진구,행정동,37.535770709031105,127.08058844203917,연립다세대,월세,206,높음,해당지역,,,,9200.0,,,53.0,29.6,20.3,41.2,
자양1동,광진구,행정동,37.535770709031105,127.08058844203917,오피스텔,월세,83,높음,해당지역,,,,1000.0,,,80.0,24.0,24.0,30.5,
자양1동,광진구,행정동,37.535770709031105,127.08058844203917,단독다가구,전세,254,높음,법정동,,,,15000.0,10000.0,21000.0,,39.6,30.0,53.8,394.138
자양1동,광진구,행정동,37.535770709031105,127.08058844203917,아파트,전세,19,보통,해당지역,,,,75000.0,63500.0,88500.0,,84.1,67.8,84.9,1046.0
자양1동,광진구,행정동,37.535770709031105,127.08058844203917,연립다세대,전세,222,높음,해당지역,,,,27000.0,22600.0,30750.0,,31.6,27.4,48.7,849.423
자양1동,광진구,행정동,37.535770709031105,127.08058844203917,오피스텔,전세,21,보통,해당지역,,,,18400.0,10000.0,25000.0,,30.2,24.0,30.9,697.957
자양2동,광진구,행정동,37.53113983331618,127.0828993350532,단독다가구,매매,40,높음,법정동,177000.0,140125.0,210000.0,,,,,152.1,119.4,210.4,984.48
자양2동,광진구,행정동,37.53113983331618,127.0828993350532,아파트,매매,42,높음,해당지역,150000.0,131750.0,169750.0,,,,,84.0,63.8,84.9,1934.913
자양2동,광진구,행정동,37.53113983331618,127.0828993350532,연립다세대,매매,145,높음,해당지역,85000.0,60000.0,100000.0,,,,,40.1,29.0,53.0,2105.963
자양2동,광진구,행정동,37.53113983331618,127.0828993350532,오피스텔,매매,41,높음,법정동,31000.0,26400.0,38000.0,,,,,24.0,21.4,36.4,1426.8
자양2동,광진구,행정동,37.53113983331618,127.0828993350532,단독다가구,월세,1480,높음,법정동,,,,1000.0,,,55.0,30.0,20.0,40.0,
자양2동,광진구,행정동,37.53113983331618,127.0828993350532,아파트,월세,69,높음,해당지역,,,,30000.0,,,80.0,83.4,59.8,85.0,
자양2동,광진구,행정동,37.53113983331618,127.0828993350532,연립다세대,월세,170,높음,해당지역,,,,10000.0,,,50.0,32.6,27.9,47.2,
자양2동,광진구,행정동,37.53113983331618,127.0828993350532,오피스텔,월세,50,높음,해당지역,,,,1000.0,,,115.0,24.2,23.7,32.1,
자양2동,광진구,행정동,37.53113983331618,127.0828993350532,단독다가구,전세,254,높음,법정동,,,,15000.0,10000.0,21000.0,,39.6,30.0,53.8,394.138
자양2동,광진구,행정동,37.53113983331618,127.0828993350532,아파트,전세,106,높음,해당지역,,,,60000.0,52125.0,69750.0,,84.6,61.3,84.9,765.607
자양2동,광진구,행정동,37.53113983331618,127.0828993350532,연립다세대,전세,280,높음,해당지역,,,,29500.0,23000.0,35000.0,,37.9,29.5,51.7,736.22
자양2동,광진구,행정동,37.53113983331618,127.0828993350532,오피스텔,전세,53,높음,법정동,,,,25350.0,20700.0,32000.0,,30.2,21.4,32.4,918.274
자양3동,광진구,행정동,37.53459423335071,127.07266457830477,단독다가구,매매,40,높음,법정동,177000.0,140125.0,210000.0,,,,,152.1,119.4,210.4,984.48
자양3동,광진구,행정동,37.53459423335071,127.07266457830477,아파트,매매,113,높음,해당지역,165000.0,149000.0,205000.0,,,,,79.8,59.9,85.0,2178.264
자양3동,광진구,행정동,37.53459423335071,127.07266457830477,연립다세대,매매,34,높음,해당지역,93000.0,67200.0,109500.0,,,,,29.9,23.3,44.3,3082.883
자양3동,광진구,행정동,37.53459423335071,127.07266457830477,오피스텔,매매,41,높음,법정동,31000.0,26400.0,38000.0,,,,,24.0,21.4,36.4,1426.8
자양3동,광진구,행정동,37.53459423335071,127.07266457830477,단독다가구,월세,1480,높음,법정동,,,,1000.0,,,55.0,30.0,20.0,40.0,
자양3동,광진구,행정동,37.53459423335071,127.07266457830477,아파트,월세,201,높음,해당지역,,,,30000.0,,,150.0,84.6,59.9,85.0,
자양3동,광진구,행정동,37.53459423335071,127.07266457830477,연립다세대,월세,62,높음,해당지역,,,,5250.0,,,60.5,30.0,26.8,46.6,
자양3동,광진구,행정동,37.53459423335071,127.07266457830477,오피스텔,월세,176,높음,법정동,,,,2000.0,,,103.0,24.0,23.7,32.1,
자양3동,광진구,행정동,37.53459423335071,127.07266457830477,단독다가구,전세,254,높음,법정동,,,,15000.0,10000.0,21000.0,,39.6,30.0,53.8,394.138
자양3동,광진구,행정동,37.53459423335071,127.07266457830477,아파트,전세,284,높음,해당지역,,,,66325.0,53000.0,89250.0,,80.5,59.9,85.0,904.073
자양3동,광진구,행정동,37.53459423335071,127.07266457830477,연립다세대,전세,66,높음,해당지역,,,,25000.0,20577.5,29000.0,,40.8,27.2,50.4,805.74
자양3동,광진구,행정동,37.53459423335071,127.07266457830477,오피스텔,전세,53,높음,법정동,,,,25350.0,20700.0,32000.0,,30.2,21.4,32.4,918.274
자양4동,광진구,행정동,37.536687128427985,127.06553033656708,단독다가구,매매,40,높음,법정동,177000.0,140125.0,210000.0,,,,,152.1,119.4,210.4,984.48
자양4동,광진구,행정동,37.536687128427985,127.06553033656708,아파트,매매,27,보통,해당지역,136000.0,118750.0,149000.0,,,,,59.5,40.3,84.0,2300.974
자양4동,광진구,행정동,37.536687128427985,127.06553033656708,연립다세대,매매,93,높음,해당지역,120000.0,58100.0,155000.0,,,,,26.8,16.8,44.7,3446.034
자양4동,광진구,행정동,37.536687128427985,127.06553033656708,오피스텔,매매,20,보통,해당지역,31000.0,30500.0,47625.0,,,,,21.4,18.9,29.9,1594.979
자양4동,광진구,행정동,37.536687128427985,127.06553033656708,단독다가구,월세,1480,높음,법정동,,,,1000.0,,,55.0,30.0,20.0,40.0,
자양4동,광진구,행정동,37.536687128427985,127.06553033656708,아파트,월세,83,높음,해당지역,,,,20000.0,,,116.0,59.5,40.3,84.5,
자양4동,광진구,행정동,37.536687128427985,127.06553033656708,연립다세대,월세,155,높음,해당지역,,,,2000.0,,,70.0,25.6,18.7,29.9,
자양4동,광진구,행정동,37.536687128427985,127.06553033656708,오피스텔,월세,37,높음,해당지역,,,,3000.0,,,130.0,21.4,18.7,58.8,
자양4동,광진구,행정동,37.536687128427985,127.06553033656708,단독다가구,전세,254,높음,법정동,,,,15000.0,10000.0,21000.0,,39.6,30.0,53.8,394.138
자양4동,광진구,행정동,37.536687128427985,127.06553033656708,아파트,전세,80,높음,해당지역,,,,68000.0,62000.0,79125.0,,84.0,59.1,84.7,933.587
자양4동,광진구,행정동,37.536687128427985,127.06553033656708,연립다세대,전세,199,높음,해당지역,,,,26040.0,20000.0,30000.0,,28.3,22.5,29.9,941.81
자양4동,광진구,행정동,37.536687128427985,127.06553033656708,오피스텔,전세,17,보통,해당지역,,,,25200.0,23150.0,27000.0,,18.7,18.6,21.4,1336.005
중곡1동,광진구,행정동,37.56076077036906,127.07832874794309,단독다가구,매매,57,높음,법정동,100000.0,78000.0,136000.0,,,,,197.9,146.5,259.6,496.597
중곡1동,광진구,행정동,37.56076077036906,127.07832874794309,아파트,매매,61,높음,법정동,60000.0,52000.0,67800.0,,,,,58.4,55.1,73.4,952.381
중곡1동,광진구,행정동,37.56076077036906,127.07832874794309,연립다세대,매매,154,높음,해당지역,44000.0,35000.0,53000.0,,,,,38.8,29.8,47.0,1214.368
중곡1동,광진구,행정동,37.56076077036906,127.07832874794309,오피스텔,매매,16,보통,해당지역,17500.0,15587.5,18675.0,,,,,16.1,15.9,17.4,1098.556
중곡1동,광진구,행정동,37.56076077036906,127.07832874794309,단독다가구,월세,1348,높음,법정동,,,,2000.0,,,50.0,35.0,26.0,45.0,
중곡1동,광진구,행정동,37.56076077036906,127.07832874794309,아파트,월세,17,보통,해당지역,,,,9200.0,,,50.0,30.2,16.3,64.3,
중곡1동,광진구,행정동,37.56076077036906,127.07832874794309,연립다세대,월세,190,높음,해당지역,,,,5905.0,,,44.5,29.8,21.2,42.4,
중곡1동,광진구,행정동,37.56076077036906,127.07832874794309,오피스텔,월세,102,높음,해당지역,,,,1000.0,,,83.0,16.0,15.9,16.4,
중곡1동,광진구,행정동,37.56076077036906,127.07832874794309,단독다가구,전세,328,높음,법정동,,,,16250.0,10750.0,23000.0,,43.0,33.2,57.7,368.141
중곡1동,광진구,행정동,37.56076077036906,127.07832874794309,아파트,전세,21,보통,법정동,,,,43000.0,18000.0,50000.0,,78.8,55.9,84.7,577.118
중곡1동,광진구,행정동,37.56076077036906,127.07832874794309,연립다세대,전세,126,높음,해당지역,,,,26500.0,22012.5,30000.0,,34.8,29.4,44.1,789.443
중곡1동,광진구,행정동,37.56076077036906,127.07832874794309,오피스텔,전세,25,보통,법정동,,,,19000.0,11000.0,21000.0,,16.4,14.8,19.1,956.923
중곡2동,광진구,행정동,37.55839835701396,127.08415654147153,단독다가구,매매,57,높음,법정동,100000.0,78000.0,136000.0,,,,,197.9,146.5,259.6,496.597
중곡2동,광진구,행정동,37.55839835701396,127.08415654147153,아파트,매매,61,높음,법정동,60000.0,52000.0,67800.0,,,,,58.4,55.1,73.4,952.381
중곡2동,광진구,행정동,37.55839835701396,127.08415654147153,연립다세대,매매,197,높음,해당지역,36000.0,31100.0,46000.0,,,,,36.4,29.5,49.0,1085.362
중곡2동,광진구,행정동,37.55839835701396,127.08415654147153,오피스텔,매매,22,보통,법정동,17875.0,16100.0,19800.0,,,,,16.0,15.9,16.6,1124.343
중곡2동,광진구,행정동,37.55839835701396,127.08415654147153,단독다가구,월세,1348,높음,법정동,,,,2000.0,,,50.0,35.0,26.0,45.0,
중곡2동,광진구,행정동,37.55839835701396,127.08415654147153,아파트,월세,14,보통,해당지역,,,,5500.0,,,47.0,14.0,12.4,18.0,
중곡2동,광진구,행정동,37.55839835701396,127.08415654147153,연립다세대,월세,155,높음,해당지역,,,,11000.0,,,35.0,32.2,25.5,45.8,
중곡2동,광진구,행정동,37.55839835701396,127.08415654147153,오피스텔,월세,71,높음,해당지역,,,,2890.0,,,45.0,22.8,16.7,28.1,
중곡2동,광진구,행정동,37.55839835701396,127.08415654147153,단독다가구,전세,328,높음,법정동,,,,16250.0,10750.0,23000.0,,43.0,33.2,57.7,368.141
중곡2동,광진구,행정동,37.55839835701396,127.08415654147153,아파트,전세,21,보통,법정동,,,,43000.0,18000.0,50000.0,,78.8,55.9,84.7,577.118
중곡2동,광진구,행정동,37.55839835701396,127.08415654147153,연립다세대,전세,120,높음,해당지역,,,,21443.0,18000.0,27862.5,,29.9,22.9,44.9,703.964
중곡2동,광진구,행정동,37.55839835701396,127.08415654147153,오피스텔,전세,21,보통,해당지역,,,,19000.0,11000.0,21000.0,,16.0,14.8,18.9,956.923
중곡3동,광진구,행정동,37.567657753097734,127.08231513476905,단독다가구,매매,57,높음,법정동,100000.0,78000.0,136000.0,,,,,197.9,146.5,259.6,496.597
중곡3동,광진구,행정동,37.567657753097734,127.08231513476905,아파트,매매,39,높음,해당지역,55000.0,51400.0,61900.0,,,,,55.9,53.7,59.3,976.158
중곡3동,광진구,행정동,37.567657753097734,127.08231513476905,연립다세대,매매,122,높음,해당지역,38000.0,30000.0,45500.0,,,,,40.3,29.5,50.8,1026.114
중곡3동,광진구,행정동,37.567657753097734,127.08231513476905,오피스텔,매매,22,보통,법정동,17875.0,16100.0,19800.0,,,,,16.0,15.9,16.6,1124.343
중곡3동,광진구,행정동,37.567657753097734,127.08231513476905,단독다가구,월세,1348,높음,법정동,,,,2000.0,,,50.0,35.0,26.0,45.0,
중곡3동,광진구,행정동,37.567657753097734,127.08231513476905,아파트,월세,97,높음,법정동,,,,9600.0,,,50.0,18.5,18.5,30.4,
중곡3동,광진구,행정동,37.567657753097734,127.08231513476905,연립다세대,월세,181,높음,해당지역,,,,6930.0,,,36.0,35.4,29.7,48.7,
중곡3동,광진구,행정동,37.567657753097734,127.08231513476905,오피스텔,월세,19,보통,해당지역,,,,500.0,,,55.0,20.4,20.4,20.7,
중곡3동,광진구,행정동,37.567657753097734,127.08231513476905,단독다가구,전세,328,높음,법정동,,,,16250.0,10750.0,23000.0,,43.0,33.2,57.7,368.141
중곡3동,광진구,행정동,37.567657753097734,127.08231513476905,아파트,전세,21,보통,법정동,,,,43000.0,18000.0,50000.0,,78.8,55.9,84.7,577.118
중곡3동,광진구,행정동,37.567657753097734,127.08231513476905,연립다세대,전세,83,높음,해당지역,,,,24000.0,18700.0,27150.0,,29.9,27.5,42.0,766.024
중곡3동,광진구,행정동,37.567657753097734,127.08231513476905,오피스텔,전세,25,보통,법정동,,,,19000.0,11000.0,21000.0,,16.4,14.8,19.1,956.923
중곡4동,광진구,행정동,37.55947331335782,127.09010167041909,단독다가구,매매,57,높음,법정동,100000.0,78000.0,136000.0,,,,,197.9,146.5,259.6,496.597
중곡4동,광진구,행정동,37.55947331335782,127.09010167041909,아파트,매매,61,높음,법정동,60000.0,52000.0,67800.0,,,,,58.4,55.1,73.4,952.381
중곡4동,광진구,행정동,37.55947331335782,127.09010167041909,연립다세대,매매,213,높음,해당지역,38000.0,29000.0,48500.0,,,,,49.8,38.6,59.0,773.162
중곡4동,광진구,행정동,37.55947331335782,127.09010167041909,오피스텔,매매,22,보통,법정동,17875.0,16100.0,19800.0,,,,,16.0,15.9,16.6,1124.343
중곡4동,광진구,행정동,37.55947331335782,127.09010167041909,단독다가구,월세,1348,높음,법정동,,,,2000.0,,,50.0,35.0,26.0,45.0,
중곡4동,광진구,행정동,37.55947331335782,127.09010167041909,아파트,월세,59,높음,해당지역,,,,10600.0,,,49.0,18.5,18.5,23.6,
중곡4동,광진구,행정동,37.55947331335782,127.09010167041909,연립다세대,월세,234,높음,해당지역,,,,12400.0,,,40.0,36.5,26.5,48.7,
중곡4동,광진구,행정동,37.55947331335782,127.09010167041909,오피스텔,월세,192,높음,법정동,,,,1018.0,,,72.5,16.7,15.9,20.7,
중곡4동,광진구,행정동,37.55947331335782,127.09010167041909,단독다가구,전세,328,높음,법정동,,,,16250.0,10750.0,23000.0,,43.0,33.2,57.7,368.141
중곡4동,광진구,행정동,37.55947331335782,127.09010167041909,아파트,전세,21,보통,법정동,,,,43000.0,18000.0,50000.0,,78.8,55.9,84.7,577.118
중곡4동,광진구,행정동,37.55947331335782,127.09010167041909,연립다세대,전세,127,높음,해당지역,,,,23000.0,18795.0,28350.0,,38.4,28.5,52.7,607.182
중곡4동,광진구,행정동,37.55947331335782,127.09010167041909,오피스텔,전세,25,보통,법정동,,,,19000.0,11000.0,21000.0,,16.4,14.8,19.1,956.923
화양동,광진구,행정동,37.54634259357881,127.07049345157722,단독다가구,매매,20,보통,해당지역,127550.0,113865.0,161325.0,,,,,179.9,160.4,213.1,648.399
화양동,광진구,행정동,37.54634259357881,127.07049345157722,아파트,매매,37,높음,해당지역,50000.0,15000.0,88000.0,,,,,52.0,15.6,60.0,1113.842
화양동,광진구,행정동,37.54634259357881,127.07049345157722,연립다세대,매매,17,보통,해당지역,33000.0,31400.0,46000.0,,,,,27.4,27.4,44.2,1148.796
화양동,광진구,행정동,37.54634259357881,127.07049345157722,오피스텔,매매,60,높음,해당지역,20300.0,16187.5,24850.0,,,,,18.8,16.9,25.8,925.085
화양동,광진구,행정동,37.54634259357881,127.07049345157722,단독다가구,월세,1477,높음,해당지역,,,,1000.0,,,55.0,20.0,18.0,24.2,
화양동,광진구,행정동,37.54634259357881,127.07049345157722,아파트,월세,168,높음,해당지역,,,,1000.0,,,74.0,15.6,14.2,17.9,
화양동,광진구,행정동,37.54634259357881,127.07049345157722,연립다세대,월세,365,높음,해당지역,,,,1000.0,,,56.0,18.8,15.0,29.4,
화양동,광진구,행정동,37.54634259357881,127.07049345157722,오피스텔,월세,431,높음,해당지역,,,,1000.0,,,77.0,17.8,16.9,20.4,
화양동,광진구,행정동,37.54634259357881,127.07049345157722,단독다가구,전세,92,높음,해당지역,,,,13325.0,9875.0,18000.0,,29.7,19.0,40.0,452.756
화양동,광진구,행정동,37.54634259357881,127.07049345157722,아파트,전세,29,보통,해당지역,,,,23500.0,17500.0,53000.0,,18.3,17.2,60.0,900.15
화양동,광진구,행정동,37.54634259357881,127.07049345157722,연립다세대,전세,58,높음,해당지역,,,,23000.0,14400.0,27425.0,,28.2,21.2,29.9,817.69
화양동,광진구,행정동,37.54634259357881,127.07049345157722,오피스텔,전세,65,높음,해당지역,,,,21000.0,16400.0,23500.0,,18.6,17.5,20.2,990.589
가리봉동,구로구,행정동,37.48148408375478,126.8899761559264,단독다가구,매매,47,높음,자치구,65000.0,49000.0,76750.0,,,,,180.1,142.1,217.7,352.923
가리봉동,구로구,행정동,37.48148408375478,126.8899761559264,아파트,매매,2689,높음,자치구,70000.0,57600.0,90000.0,,,,,71.5,59.6,84.9,1001.001
가리봉동,구로구,행정동,37.48148408375478,126.8899761559264,연립다세대,매매,32,높음,해당지역,27300.0,22545.0,39625.0,,,,,28.3,21.0,29.9,1192.129
가리봉동,구로구,행정동,37.48148408375478,126.8899761559264,오피스텔,매매,496,높음,자치구,18600.0,12000.0,46925.0,,,,,33.5,19.6,56.4,628.989
가리봉동,구로구,행정동,37.48148408375478,126.8899761559264,단독다가구,월세,378,높음,해당지역,,,,500.0,,,45.5,20.0,17.0,27.2,
가리봉동,구로구,행정동,37.48148408375478,126.8899761559264,아파트,월세,3588,높음,자치구,,,,10767.0,,,50.0,60.0,41.3,79.9,
가리봉동,구로구,행정동,37.48148408375478,126.8899761559264,연립다세대,월세,76,높음,해당지역,,,,4000.0,,,43.0,33.3,28.7,53.6,
가리봉동,구로구,행정동,37.48148408375478,126.8899761559264,오피스텔,월세,41,높음,해당지역,,,,1000.0,,,106.0,32.7,30.0,32.7,
가리봉동,구로구,행정동,37.48148408375478,126.8899761559264,단독다가구,전세,42,높음,해당지역,,,,9000.0,6500.0,10000.0,,25.0,18.4,44.4,292.991
가리봉동,구로구,행정동,37.48148408375478,126.8899761559264,아파트,전세,2367,높음,자치구,,,,40000.0,29000.0,50400.0,,72.0,59.7,84.9,560.673
가리봉동,구로구,행정동,37.48148408375478,126.8899761559264,연립다세대,전세,54,높음,해당지역,,,,19350.0,16350.0,21947.5,,33.0,29.4,49.2,548.892
가리봉동,구로구,행정동,37.48148408375478,126.8899761559264,오피스텔,전세,17,보통,해당지역,,,,30500.0,10000.0,33000.0,,82.8,30.0,82.8,418.579
개봉1동,구로구,행정동,37.49790963768668,126.85264806441565,단독다가구,매매,47,높음,자치구,65000.0,49000.0,76750.0,,,,,180.1,142.1,217.7,352.923
개봉1동,구로구,행정동,37.49790963768668,126.85264806441565,아파트,매매,234,높음,해당지역,76250.0,46625.0,90775.0,,,,,59.8,54.2,84.6,1244.862
개봉1동,구로구,행정동,37.49790963768668,126.85264806441565,연립다세대,매매,40,높음,해당지역,22500.0,19300.0,28550.0,,,,,43.5,32.1,56.9,503.696
개봉1동,구로구,행정동,37.49790963768668,126.85264806441565,오피스텔,매매,496,높음,자치구,18600.0,12000.0,46925.0,,,,,33.5,19.6,56.4,628.989
개봉1동,구로구,행정동,37.49790963768668,126.85264806441565,단독다가구,월세,335,높음,법정동,,,,1000.0,,,40.0,38.3,30.0,49.9,
개봉1동,구로구,행정동,37.49790963768668,126.85264806441565,아파트,월세,629,높음,해당지역,,,,25825.0,,,45.0,74.9,74.9,85.0,
개봉1동,구로구,행정동,37.49790963768668,126.85264806441565,연립다세대,월세,160,높음,해당지역,,,,3000.0,,,41.5,36.2,28.5,51.7,
개봉1동,구로구,행정동,37.49790963768668,126.85264806441565,오피스텔,월세,29,보통,해당지역,,,,3000.0,,,69.0,29.2,29.0,30.0,
개봉1동,구로구,행정동,37.49790963768668,126.85264806441565,단독다가구,전세,93,높음,법정동,,,,10000.0,6240.0,14500.0,,45.0,35.5,66.0,240.288
개봉1동,구로구,행정동,37.49790963768668,126.85264806441565,아파트,전세,148,높음,해당지역,,,,45000.0,27534.0,51125.0,,59.9,59.9,84.6,564.217
개봉1동,구로구,행정동,37.49790963768668,126.85264806441565,연립다세대,전세,101,높음,해당지역,,,,15000.0,12000.0,18500.0,,44.3,31.8,55.2,304.878
개봉1동,구로구,행정동,37.49790963768668,126.85264806441565,오피스텔,전세,607,높음,자치구,,,,22700.0,15050.0,31500.0,,30.0,22.0,50.0,668.364
개봉2동,구로구,행정동,37.49271252841186,126.85569935211134,단독다가구,매매,47,높음,자치구,65000.0,49000.0,76750.0,,,,,180.1,142.1,217.7,352.923
개봉2동,구로구,행정동,37.49271252841186,126.85569935211134,아파트,매매,285,높음,해당지역,81000.0,65000.0,92000.0,,,,,84.9,59.7,85.0,1018.666
개봉2동,구로구,행정동,37.49271252841186,126.85569935211134,연립다세대,매매,138,높음,해당지역,22825.0,18000.0,28775.0,,,,,47.9,38.5,60.0,470.773
개봉2동,구로구,행정동,37.49271252841186,126.85569935211134,오피스텔,매매,496,높음,자치구,18600.0,12000.0,46925.0,,,,,33.5,19.6,56.4,628.989
개봉2동,구로구,행정동,37.49271252841186,126.85569935211134,단독다가구,월세,335,높음,법정동,,,,1000.0,,,40.0,38.3,30.0,49.9,
개봉2동,구로구,행정동,37.49271252841186,126.85569935211134,아파트,월세,103,높음,해당지역,,,,10000.0,,,100.0,59.9,59.4,85.0,
개봉2동,구로구,행정동,37.49271252841186,126.85569935211134,연립다세대,월세,102,높음,해당지역,,,,3000.0,,,47.0,42.1,29.7,55.9,
개봉2동,구로구,행정동,37.49271252841186,126.85569935211134,오피스텔,월세,23,보통,해당지역,,,,1000.0,,,50.0,22.7,19.0,27.4,
개봉2동,구로구,행정동,37.49271252841186,126.85569935211134,단독다가구,전세,93,높음,법정동,,,,10000.0,6240.0,14500.0,,45.0,35.5,66.0,240.288
개봉2동,구로구,행정동,37.49271252841186,126.85569935211134,아파트,전세,157,높음,해당지역,,,,48300.0,40000.0,55000.0,,84.9,59.9,85.0,588.824
개봉2동,구로구,행정동,37.49271252841186,126.85569935211134,연립다세대,전세,78,높음,해당지역,,,,17250.0,15050.0,20000.0,,37.3,29.7,56.4,430.402
개봉2동,구로구,행정동,37.49271252841186,126.85569935211134,오피스텔,전세,607,높음,자치구,,,,22700.0,15050.0,31500.0,,30.0,22.0,50.0,668.364
개봉3동,구로구,행정동,37.486332599251575,126.85330973242255,단독다가구,매매,47,높음,자치구,65000.0,49000.0,76750.0,,,,,180.1,142.1,217.7,352.923
개봉3동,구로구,행정동,37.486332599251575,126.85330973242255,아파트,매매,80,높음,해당지역,61000.0,57000.0,65125.0,,,,,74.6,60.0,85.0,802.731
개봉3동,구로구,행정동,37.486332599251575,126.85330973242255,연립다세대,매매,134,높음,해당지역,25850.0,20425.0,31000.0,,,,,43.1,29.9,59.3,579.563
개봉3동,구로구,행정동,37.486332599251575,126.85330973242255,오피스텔,매매,496,높음,자치구,18600.0,12000.0,46925.0,,,,,33.5,19.6,56.4,628.989
개봉3동,구로구,행정동,37.486332599251575,126.85330973242255,단독다가구,월세,335,높음,법정동,,,,1000.0,,,40.0,38.3,30.0,49.9,
개봉3동,구로구,행정동,37.486332599251575,126.85330973242255,아파트,월세,23,보통,해당지역,,,,10000.0,,,80.0,60.0,60.0,82.1,
개봉3동,구로구,행정동,37.486332599251575,126.85330973242255,연립다세대,월세,82,높음,해당지역,,,,3000.0,,,60.0,37.1,29.7,48.6,
개봉3동,구로구,행정동,37.486332599251575,126.85330973242255,오피스텔,월세,52,높음,법정동,,,,3000.0,,,61.5,29.0,22.7,29.3,
개봉3동,구로구,행정동,37.486332599251575,126.85330973242255,단독다가구,전세,93,높음,법정동,,,,10000.0,6240.0,14500.0,,45.0,35.5,66.0,240.288
개봉3동,구로구,행정동,37.486332599251575,126.85330973242255,아파트,전세,40,높음,해당지역,,,,40000.0,33900.0,42000.0,,84.9,60.0,85.0,522.102
개봉3동,구로구,행정동,37.486332599251575,126.85330973242255,연립다세대,전세,61,높음,해당지역,,,,18100.0,12500.0,21000.0,,35.5,28.4,43.1,506.663
개봉3동,구로구,행정동,37.486332599251575,126.85330973242255,오피스텔,전세,607,높음,자치구,,,,22700.0,15050.0,31500.0,,30.0,22.0,50.0,668.364
고척1동,구로구,행정동,37.49973995777384,126.86046437877326,단독다가구,매매,11,보통,법정동,69000.0,42500.0,75850.0,,,,,200.0,176.8,227.0,303.227
고척1동,구로구,행정동,37.49973995777384,126.86046437877326,아파트,매매,171,높음,해당지역,67000.0,60000.0,89250.0,,,,,84.6,64.0,84.9,939.273
고척1동,구로구,행정동,37.49973995777384,126.86046437877326,연립다세대,매매,19,보통,해당지역,24500.0,18250.0,36750.0,,,,,38.8,31.2,51.0,614.125
고척1동,구로구,행정동,37.49973995777384,126.86046437877326,오피스텔,매매,496,높음,자치구,18600.0,12000.0,46925.0,,,,,33.5,19.6,56.4,628.989
고척1동,구로구,행정동,37.49973995777384,126.86046437877326,단독다가구,월세,291,높음,법정동,,,,1000.0,,,40.0,32.7,22.0,41.0,
고척1동,구로구,행정동,37.49973995777384,126.86046437877326,아파트,월세,643,높음,해당지역,,,,21500.0,,,57.0,65.0,64.9,79.9,
고척1동,구로구,행정동,37.49973995777384,126.86046437877326,연립다세대,월세,51,높음,해당지역,,,,2000.0,,,44.0,26.6,16.0,36.5,
고척1동,구로구,행정동,37.49973995777384,126.86046437877326,오피스텔,월세,139,높음,해당지역,,,,2000.0,,,52.0,26.9,19.0,39.5,
고척1동,구로구,행정동,37.49973995777384,126.86046437877326,단독다가구,전세,72,높음,법정동,,,,9500.0,6000.0,13000.0,,41.0,32.4,50.5,226.19
고척1동,구로구,행정동,37.49973995777384,126.86046437877326,아파트,전세,129,높음,해당지역,,,,35000.0,30000.0,45000.0,,69.9,60.0,84.9,512.502
고척1동,구로구,행정동,37.49973995777384,126.86046437877326,연립다세대,전세,18,보통,해당지역,,,,16285.0,13552.5,22075.0,,45.1,30.4,53.3,399.236
고척1동,구로구,행정동,37.49973995777384,126.86046437877326,오피스텔,전세,16,보통,해당지역,,,,14940.0,14850.0,15000.0,,19.0,19.0,19.0,785.902
고척2동,구로구,행정동,37.50550618886489,126.85527289290343,단독다가구,매매,11,보통,법정동,69000.0,42500.0,75850.0,,,,,200.0,176.8,227.0,303.227
고척2동,구로구,행정동,37.50550618886489,126.85527289290343,아파트,매매,171,높음,해당지역,67700.0,59750.0,74500.0,,,,,84.8,60.0,85.0,859.026
고척2동,구로구,행정동,37.50550618886489,126.85527289290343,연립다세대,매매,30,높음,해당지역,27300.0,22775.0,34250.0,,,,,50.0,42.5,54.5,527.371
고척2동,구로구,행정동,37.50550618886489,126.85527289290343,오피스텔,매매,496,높음,자치구,18600.0,12000.0,46925.0,,,,,33.5,19.6,56.4,628.989
고척2동,구로구,행정동,37.50550618886489,126.85527289290343,단독다가구,월세,291,높음,법정동,,,,1000.0,,,40.0,32.7,22.0,41.0,
고척2동,구로구,행정동,37.50550618886489,126.85527289290343,아파트,월세,57,높음,해당지역,,,,10000.0,,,70.0,60.0,59.8,84.9,
고척2동,구로구,행정동,37.50550618886489,126.85527289290343,연립다세대,월세,49,높음,해당지역,,,,3000.0,,,24.0,41.0,26.6,53.8,
고척2동,구로구,행정동,37.50550618886489,126.85527289290343,오피스텔,월세,139,높음,법정동,,,,2000.0,,,52.0,26.9,19.0,39.5,
고척2동,구로구,행정동,37.50550618886489,126.85527289290343,단독다가구,전세,72,높음,법정동,,,,9500.0,6000.0,13000.0,,41.0,32.4,50.5,226.19
고척2동,구로구,행정동,37.50550618886489,126.85527289290343,아파트,전세,139,높음,해당지역,,,,34031.0,10250.0,49500.0,,59.9,16.5,84.8,588.374
고척2동,구로구,행정동,37.50550618886489,126.85527289290343,연립다세대,전세,32,높음,해당지역,,,,15500.0,13000.0,19025.0,,39.2,29.7,52.1,473.043
고척2동,구로구,행정동,37.50550618886489,126.85527289290343,오피스텔,전세,16,보통,법정동,,,,14940.0,14850.0,15000.0,,19.0,19.0,19.0,785.902
구로1동,구로구,행정동,37.49438144010365,126.87438427099941,단독다가구,매매,15,보통,법정동,58000.0,44500.0,65115.0,,,,,160.3,147.1,196.3,374.412
구로1동,구로구,행정동,37.49438144010365,126.87438427099941,아파트,매매,265,높음,해당지역,64000.0,54700.0,74500.0,,,,,60.0,44.8,84.4,975.988
구로1동,구로구,행정동,37.49438144010365,126.87438427099941,연립다세대,매매,109,높음,법정동,27500.0,22300.0,31500.0,,,,,41.3,30.0,53.5,635.223
구로1동,구로구,행정동,37.49438144010365,126.87438427099941,오피스텔,매매,147,높음,해당지역,54550.0,20050.0,57175.0,,,,,55.6,37.5,57.3,965.264
구로1동,구로구,행정동,37.49438144010365,126.87438427099941,단독다가구,월세,897,높음,법정동,,,,500.0,,,40.0,28.0,20.0,40.9,
구로1동,구로구,행정동,37.49438144010365,126.87438427099941,아파트,월세,124,높음,해당지역,,,,5000.0,,,80.0,59.4,44.8,79.8,
구로1동,구로구,행정동,37.49438144010365,126.87438427099941,연립다세대,월세,288,높음,법정동,,,,2761.0,,,46.5,31.7,26.7,44.2,
구로1동,구로구,행정동,37.49438144010365,126.87438427099941,오피스텔,월세,263,높음,해당지역,,,,1000.0,,,65.0,17.4,17.4,37.5,
구로1동,구로구,행정동,37.49438144010365,126.87438427099941,단독다가구,전세,195,높음,법정동,,,,10000.0,7125.0,13000.0,,35.0,28.1,47.1,263.889
구로1동,구로구,행정동,37.49438144010365,126.87438427099941,아파트,전세,283,높음,해당지역,,,,34000.0,27150.0,37800.0,,73.1,49.9,84.2,492.611
구로1동,구로구,행정동,37.49438144010365,126.87438427099941,연립다세대,전세,151,높음,법정동,,,,18600.0,13000.0,23000.0,,36.6,29.5,50.9,403.94
구로1동,구로구,행정동,37.49438144010365,126.87438427099941,오피스텔,전세,57,높음,해당지역,,,,28875.0,13000.0,33000.0,,30.8,17.4,59.1,738.767
구로2동,구로구,행정동,37.49637973150954,126.88262368619021,단독다가구,매매,15,보통,법정동,58000.0,44500.0,65115.0,,,,,160.3,147.1,196.3,374.412
구로2동,구로구,행정동,37.49637973150954,126.88262368619021,아파트,매매,79,높음,해당지역,69500.0,58350.0,77500.0,,,,,82.3,59.7,84.1,968.043
구로2동,구로구,행정동,37.49637973150954,126.88262368619021,연립다세대,매매,52,높음,해당지역,29450.0,26500.0,31850.0,,,,,37.8,29.5,46.3,809.866
구로2동,구로구,행정동,37.49637973150954,126.88262368619021,오피스텔,매매,12,보통,해당지역,14000.0,14000.0,16312.5,,,,,31.2,31.2,38.6,448.718
구로2동,구로구,행정동,37.49637973150954,126.88262368619021,단독다가구,월세,897,높음,법정동,,,,500.0,,,40.0,28.0,20.0,40.9,
구로2동,구로구,행정동,37.49637973150954,126.88262368619021,아파트,월세,19,보통,해당지역,,,,7000.0,,,60.0,59.7,52.0,73.9,
구로2동,구로구,행정동,37.49637973150954,126.88262368619021,연립다세대,월세,116,높음,해당지역,,,,5000.0,,,42.0,28.4,22.6,40.3,
구로2동,구로구,행정동,37.49637973150954,126.88262368619021,오피스텔,월세,130,높음,해당지역,,,,2000.0,,,65.0,31.2,27.0,33.0,
구로2동,구로구,행정동,37.49637973150954,126.88262368619021,단독다가구,전세,195,높음,법정동,,,,10000.0,7125.0,13000.0,,35.0,28.1,47.1,263.889
구로2동,구로구,행정동,37.49637973150954,126.88262368619021,아파트,전세,35,높음,해당지역,,,,40000.0,37000.0,46500.0,,81.4,56.5,82.3,595.376
구로2동,구로구,행정동,37.49637973150954,126.88262368619021,연립다세대,전세,73,높음,해당지역,,,,21500.0,18000.0,24000.0,,29.9,26.7,44.8,662.933
구로2동,구로구,행정동,37.49637973150954,126.88262368619021,오피스텔,전세,32,높음,해당지역,,,,25000.0,21000.0,29250.0,,39.9,36.7,41.4,603.427
구로3동,구로구,행정동,37.48582317424263,126.89375819162397,단독다가구,매매,15,보통,법정동,58000.0,44500.0,65115.0,,,,,160.3,147.1,196.3,374.412
구로3동,구로구,행정동,37.48582317424263,126.89375819162397,아파트,매매,188,높음,해당지역,68400.0,58875.0,82375.0,,,,,58.1,50.1,78.7,1186.051
구로3동,구로구,행정동,37.48582317424263,126.89375819162397,연립다세대,매매,18,보통,해당지역,23750.0,19625.0,27750.0,,,,,51.5,40.3,57.9,463.815
구로3동,구로구,행정동,37.48582317424263,126.89375819162397,오피스텔,매매,95,높음,해당지역,11649.0,11278.0,13955.0,,,,,18.5,17.9,27.5,628.986
구로3동,구로구,행정동,37.48582317424263,126.89375819162397,단독다가구,월세,897,높음,법정동,,,,500.0,,,40.0,28.0,20.0,40.9,
구로3동,구로구,행정동,37.48582317424263,126.89375819162397,아파트,월세,138,높음,해당지역,,,,5000.0,,,80.0,50.1,37.5,58.0,
구로3동,구로구,행정동,37.48582317424263,126.89375819162397,연립다세대,월세,67,높음,해당지역,,,,1000.0,,,50.0,33.9,28.9,47.8,
구로3동,구로구,행정동,37.48582317424263,126.89375819162397,오피스텔,월세,165,높음,해당지역,,,,1000.0,,,65.0,26.0,18.7,40.2,
구로3동,구로구,행정동,37.48582317424263,126.89375819162397,단독다가구,전세,195,높음,법정동,,,,10000.0,7125.0,13000.0,,35.0,28.1,47.1,263.889
구로3동,구로구,행정동,37.48582317424263,126.89375819162397,아파트,전세,146,높음,해당지역,,,,39175.0,30000.0,45000.0,,56.5,47.6,78.7,651.19
구로3동,구로구,행정동,37.48582317424263,126.89375819162397,연립다세대,전세,32,높음,해당지역,,,,14085.0,10375.0,18625.0,,51.5,36.3,56.2,311.763
구로3동,구로구,행정동,37.48582317424263,126.89375819162397,오피스텔,전세,31,높음,해당지역,,,,13500.0,7650.0,25250.0,,25.9,17.0,40.2,465.278
구로4동,구로구,행정동,37.49227081768422,126.88987210780395,단독다가구,매매,15,보통,법정동,58000.0,44500.0,65115.0,,,,,160.3,147.1,196.3,374.412
구로4동,구로구,행정동,37.49227081768422,126.88987210780395,아파트,매매,202,높음,해당지역,55500.0,47200.0,62375.0,,,,,51.8,44.6,64.3,972.428
구로4동,구로구,행정동,37.49227081768422,126.88987210780395,연립다세대,매매,14,보통,해당지역,18900.0,18100.0,24187.5,,,,,41.2,39.6,57.9,463.088
구로4동,구로구,행정동,37.49227081768422,126.88987210780395,오피스텔,매매,18,보통,해당지역,11700.0,10100.0,12975.0,,,,,25.3,18.8,29.8,511.867
구로4동,구로구,행정동,37.49227081768422,126.88987210780395,단독다가구,월세,897,높음,법정동,,,,500.0,,,40.0,28.0,20.0,40.9,
구로4동,구로구,행정동,37.49227081768422,126.88987210780395,아파트,월세,195,높음,해당지역,,,,2000.0,,,60.0,43.3,18.9,51.8,
구로4동,구로구,행정동,37.49227081768422,126.88987210780395,연립다세대,월세,64,높음,해당지역,,,,2000.0,,,55.0,38.7,31.0,44.5,
구로4동,구로구,행정동,37.49227081768422,126.88987210780395,오피스텔,월세,135,높음,해당지역,,,,1000.0,,,55.0,18.5,18.1,24.5,
구로4동,구로구,행정동,37.49227081768422,126.88987210780395,단독다가구,전세,195,높음,법정동,,,,10000.0,7125.0,13000.0,,35.0,28.1,47.1,263.889
구로4동,구로구,행정동,37.49227081768422,126.88987210780395,아파트,전세,135,높음,해당지역,,,,30000.0,23865.0,37500.0,,54.2,44.6,64.4,548.07
구로4동,구로구,행정동,37.49227081768422,126.88987210780395,연립다세대,전세,31,높음,해당지역,,,,13100.0,11900.0,16525.0,,40.7,35.2,48.7,304.581
구로4동,구로구,행정동,37.49227081768422,126.88987210780395,오피스텔,전세,12,보통,해당지역,,,,9950.0,7875.0,12250.0,,16.1,12.6,21.3,562.739
구로5동,구로구,행정동,37.50136478078959,126.88994989056856,단독다가구,매매,15,보통,법정동,58000.0,44500.0,65115.0,,,,,160.3,147.1,196.3,374.412
구로5동,구로구,행정동,37.50136478078959,126.88994989056856,아파트,매매,212,높음,해당지역,83000.0,53725.0,113625.0,,,,,80.0,59.9,84.9,938.198
구로5동,구로구,행정동,37.50136478078959,126.88994989056856,연립다세대,매매,23,보통,해당지역,28200.0,23250.0,32000.0,,,,,41.6,33.6,51.0,666.365
구로5동,구로구,행정동,37.50136478078959,126.88994989056856,오피스텔,매매,78,높음,해당지역,14500.0,11275.0,21137.5,,,,,29.9,24.5,46.2,494.639
구로5동,구로구,행정동,37.50136478078959,126.88994989056856,단독다가구,월세,897,높음,법정동,,,,500.0,,,40.0,28.0,20.0,40.9,
구로5동,구로구,행정동,37.50136478078959,126.88994989056856,아파트,월세,226,높음,해당지역,,,,5000.0,,,65.0,25.1,16.0,60.0,
구로5동,구로구,행정동,37.50136478078959,126.88994989056856,연립다세대,월세,34,높음,해당지역,,,,3000.0,,,48.0,30.3,29.0,40.6,
구로5동,구로구,행정동,37.50136478078959,126.88994989056856,오피스텔,월세,512,높음,해당지역,,,,2000.0,,,55.0,21.6,19.0,28.5,
구로5동,구로구,행정동,37.50136478078959,126.88994989056856,단독다가구,전세,195,높음,법정동,,,,10000.0,7125.0,13000.0,,35.0,28.1,47.1,263.889
구로5동,구로구,행정동,37.50136478078959,126.88994989056856,아파트,전세,222,높음,해당지역,,,,52500.0,40000.0,60675.0,,80.0,59.9,84.9,704.698
구로5동,구로구,행정동,37.50136478078959,126.88994989056856,연립다세대,전세,14,보통,해당지역,,,,23750.0,18652.5,26770.0,,30.2,29.9,40.0,782.826
구로5동,구로구,행정동,37.50136478078959,126.88994989056856,오피스텔,전세,129,높음,해당지역,,,,22000.0,15300.0,24300.0,,29.9,26.6,29.9,773.092
수궁동,구로구,행정동,37.49531102965389,126.8267069685996,단독다가구,매매,47,높음,자치구,65000.0,49000.0,76750.0,,,,,180.1,142.1,217.7,352.923
수궁동,구로구,행정동,37.49531102965389,126.8267069685996,아파트,매매,57,높음,해당지역,77000.0,70000.0,80500.0,,,,,85.0,60.0,85.0,929.521
수궁동,구로구,행정동,37.49531102965389,126.8267069685996,연립다세대,매매,122,높음,해당지역,27250.0,20625.0,42025.0,,,,,53.6,42.9,61.3,558.302
수궁동,구로구,행정동,37.49531102965389,126.8267069685996,오피스텔,매매,496,높음,자치구,18600.0,12000.0,46925.0,,,,,33.5,19.6,56.4,628.989
수궁동,구로구,행정동,37.49531102965389,126.8267069685996,단독다가구,월세,53,높음,해당지역,,,,1000.0,,,40.0,29.0,21.0,38.0,
수궁동,구로구,행정동,37.49531102965389,126.8267069685996,아파트,월세,28,보통,해당지역,,,,12500.0,,,100.0,85.0,60.0,102.6,
수궁동,구로구,행정동,37.49531102965389,126.8267069685996,연립다세대,월세,171,높음,해당지역,,,,3000.0,,,40.0,46.5,39.7,58.6,
수궁동,구로구,행정동,37.49531102965389,126.8267069685996,오피스텔,월세,2234,높음,자치구,,,,1500.0,,,60.0,25.6,19.0,32.2,
수궁동,구로구,행정동,37.49531102965389,126.8267069685996,단독다가구,전세,15,보통,해당지역,,,,9000.0,6250.0,10250.0,,49.7,34.0,54.2,181.159
수궁동,구로구,행정동,37.49531102965389,126.8267069685996,아파트,전세,54,높음,해당지역,,,,37445.0,26019.0,47237.5,,60.0,60.0,85.0,493.633
수궁동,구로구,행정동,37.49531102965389,126.8267069685996,연립다세대,전세,113,높음,해당지역,,,,14000.0,11000.0,19000.0,,47.5,42.7,59.0,312.118
수궁동,구로구,행정동,37.49531102965389,126.8267069685996,오피스텔,전세,607,높음,자치구,,,,22700.0,15050.0,31500.0,,30.0,22.0,50.0,668.364
신도림동,구로구,행정동,37.50855786645793,126.88400559629316,단독다가구,매매,47,높음,자치구,65000.0,49000.0,76750.0,,,,,180.1,142.1,217.7,352.923
신도림동,구로구,행정동,37.50855786645793,126.88400559629316,아파트,매매,314,높음,해당지역,128700.0,113000.0,146450.0,,,,,83.7,59.9,85.0,1678.772
신도림동,구로구,행정동,37.50855786645793,126.88400559629316,연립다세대,매매,731,높음,자치구,26500.0,20300.0,32000.0,,,,,46.2,36.2,59.1,561.986
신도림동,구로구,행정동,37.50855786645793,126.88400559629316,오피스텔,매매,60,높음,해당지역,64750.0,31000.0,85625.0,,,,,70.7,30.0,92.1,957.853
신도림동,구로구,행정동,37.50855786645793,126.88400559629316,단독다가구,월세,26,보통,해당지역,,,,550.0,,,38.5,33.4,29.8,52.2,
신도림동,구로구,행정동,37.50855786645793,126.88400559629316,아파트,월세,388,높음,해당지역,,,,12250.0,,,79.0,57.8,20.8,84.5,
신도림동,구로구,행정동,37.50855786645793,126.88400559629316,연립다세대,월세,10,보통,해당지역,,,,19750.0,,,37.5,33.0,26.3,58.7,
신도림동,구로구,행정동,37.50855786645793,126.88400559629316,오피스텔,월세,190,높음,해당지역,,,,3000.0,,,90.0,30.0,25.5,50.7,
신도림동,구로구,행정동,37.50855786645793,126.88400559629316,단독다가구,전세,460,높음,자치구,,,,9500.0,7000.0,13000.0,,40.0,30.0,50.8,244.111
신도림동,구로구,행정동,37.50855786645793,126.88400559629316,아파트,전세,339,높음,해당지역,,,,58800.0,48000.0,70750.0,,82.8,59.9,85.0,809.591
신도림동,구로구,행정동,37.50855786645793,126.88400559629316,연립다세대,전세,726,높음,자치구,,,,16500.0,12825.0,20000.0,,43.2,30.0,55.4,364.669
신도림동,구로구,행정동,37.50855786645793,126.88400559629316,오피스텔,전세,112,높음,해당지역,,,,34000.0,27750.0,42250.0,,32.2,29.2,72.5,822.267
오류1동,구로구,행정동,37.495989242938414,126.84359105557509,단독다가구,매매,47,높음,자치구,65000.0,49000.0,76750.0,,,,,180.1,142.1,217.7,352.923
오류1동,구로구,행정동,37.495989242938414,126.84359105557509,아파트,매매,111,높음,해당지역,51000.0,44650.0,58600.0,,,,,60.0,59.5,84.9,729.755
오류1동,구로구,행정동,37.495989242938414,126.84359105557509,연립다세대,매매,31,높음,해당지역,25000.0,20350.0,30750.0,,,,,52.3,34.4,58.9,511.571
오류1동,구로구,행정동,37.495989242938414,126.84359105557509,오피스텔,매매,61,높음,해당지역,13850.0,11500.0,30000.0,,,,,29.4,21.0,45.5,500.501
오류1동,구로구,행정동,37.495989242938414,126.84359105557509,단독다가구,월세,195,높음,법정동,,,,1000.0,,,40.0,33.0,21.0,40.0,
오류1동,구로구,행정동,37.495989242938414,126.84359105557509,아파트,월세,192,높음,해당지역,,,,6000.0,,,34.0,29.8,16.8,36.8,
오류1동,구로구,행정동,37.495989242938414,126.84359105557509,연립다세대,월세,86,높음,해당지역,,,,2000.0,,,55.0,29.8,25.2,46.7,
오류1동,구로구,행정동,37.495989242938414,126.84359105557509,오피스텔,월세,544,높음,해당지역,,,,1000.0,,,56.0,21.5,18.0,29.4,
오류1동,구로구,행정동,37.495989242938414,126.84359105557509,단독다가구,전세,38,높음,법정동,,,,8500.0,6250.0,11000.0,,34.9,30.0,49.6,218.413
오류1동,구로구,행정동,37.495989242938414,126.84359105557509,아파트,전세,45,높음,해당지역,,,,33000.0,26400.0,37000.0,,59.9,58.2,84.9,500.751
오류1동,구로구,행정동,37.495989242938414,126.84359105557509,연립다세대,전세,22,보통,해당지역,,,,15000.0,14000.0,16000.0,,39.5,30.8,55.9,373.49
오류1동,구로구,행정동,37.495989242938414,126.84359105557509,오피스텔,전세,182,높음,해당지역,,,,21000.0,16000.0,26212.5,,30.0,21.9,46.8,633.697
오류2동,구로구,행정동,37.48462995198933,126.84001299939011,단독다가구,매매,47,높음,자치구,65000.0,49000.0,76750.0,,,,,180.1,142.1,217.7,352.923
오류2동,구로구,행정동,37.48462995198933,126.84001299939011,아파트,매매,177,높음,해당지역,71000.0,64000.0,78500.0,,,,,84.7,60.0,85.0,919.237
오류2동,구로구,행정동,37.48462995198933,126.84001299939011,연립다세대,매매,62,높음,해당지역,31500.0,26715.0,42000.0,,,,,46.4,39.8,56.7,682.447
오류2동,구로구,행정동,37.48462995198933,126.84001299939011,오피스텔,매매,12,보통,해당지역,10000.0,9475.0,11175.0,,,,,24.1,21.5,30.0,412.179
오류2동,구로구,행정동,37.48462995198933,126.84001299939011,단독다가구,월세,2182,높음,자치구,,,,635.0,,,40.0,30.0,20.0,40.5,
오류2동,구로구,행정동,37.48462995198933,126.84001299939011,아파트,월세,560,높음,해당지역,,,,6538.0,,,19.0,49.6,36.9,59.9,
오류2동,구로구,행정동,37.48462995198933,126.84001299939011,연립다세대,월세,80,높음,해당지역,,,,2709.0,,,50.0,45.9,36.4,56.1,
오류2동,구로구,행정동,37.48462995198933,126.84001299939011,오피스텔,월세,63,높음,해당지역,,,,1000.0,,,50.0,24.1,22.1,30.0,
오류2동,구로구,행정동,37.48462995198933,126.84001299939011,단독다가구,전세,460,높음,자치구,,,,9500.0,7000.0,13000.0,,40.0,30.0,50.8,244.111
오류2동,구로구,행정동,37.48462995198933,126.84001299939011,아파트,전세,380,높음,해당지역,,,,29150.0,17992.0,42840.0,,85.0,60.0,102.0,328.803
오류2동,구로구,행정동,37.48462995198933,126.84001299939011,연립다세대,전세,71,높음,해당지역,,,,15600.0,12350.0,19000.0,,46.1,39.5,56.8,331.46
오류2동,구로구,행정동,37.48462995198933,126.84001299939011,오피스텔,전세,13,보통,해당지역,,,,19000.0,12000.0,24000.0,,25.5,24.1,47.9,543.138
항동,구로구,행정동,37.47891881581461,126.82195140585348,단독다가구,매매,47,높음,자치구,65000.0,49000.0,76750.0,,,,,180.1,142.1,217.7,352.923
항동,구로구,행정동,37.47891881581461,126.82195140585348,아파트,매매,137,높음,해당지역,74500.0,68500.0,82500.0,,,,,84.7,59.9,84.9,989.226
항동,구로구,행정동,37.47891881581461,126.82195140585348,연립다세대,매매,10,보통,해당지역,37500.0,33000.0,39625.0,,,,,59.9,59.6,59.9,586.365
항동,구로구,행정동,37.47891881581461,126.82195140585348,오피스텔,매매,496,높음,자치구,18600.0,12000.0,46925.0,,,,,33.5,19.6,56.4,628.989
항동,구로구,행정동,37.47891881581461,126.82195140585348,단독다가구,월세,2182,높음,자치구,,,,635.0,,,40.0,30.0,20.0,40.5,
항동,구로구,행정동,37.47891881581461,126.82195140585348,아파트,월세,255,높음,해당지역,,,,6583.0,,,28.0,49.9,39.7,59.9,
항동,구로구,행정동,37.47891881581461,126.82195140585348,연립다세대,월세,12,보통,해당지역,,,,2750.0,,,61.5,53.9,42.2,59.9,
항동,구로구,행정동,37.47891881581461,126.82195140585348,오피스텔,월세,2234,높음,자치구,,,,1500.0,,,60.0,25.6,19.0,32.2,
항동,구로구,행정동,37.47891881581461,126.82195140585348,단독다가구,전세,460,높음,자치구,,,,9500.0,7000.0,13000.0,,40.0,30.0,50.8,244.111
항동,구로구,행정동,37.47891881581461,126.82195140585348,아파트,전세,112,높음,해당지역,,,,49000.0,44517.5,54000.0,,84.9,76.9,84.9,612.477
항동,구로구,행정동,37.47891881581461,126.82195140585348,연립다세대,전세,18,보통,해당지역,,,,20500.0,15000.0,24500.0,,59.6,44.1,59.9,353.257
항동,구로구,행정동,37.47891881581461,126.82195140585348,오피스텔,전세,607,높음,자치구,,,,22700.0,15050.0,31500.0,,30.0,22.0,50.0,668.364
가산동,금천구,행정동,37.47686821598772,126.88734279437806,단독다가구,매매,47,높음,자치구,70000.0,44150.0,100000.0,,,,,179.0,148.3,246.9,352.734
가산동,금천구,행정동,37.47686821598772,126.88734279437806,아파트,매매,84,높음,해당지역,66750.0,50150.0,73000.0,,,,,59.8,59.8,84.9,859.835
가산동,금천구,행정동,37.47686821598772,126.88734279437806,연립다세대,매매,28,보통,해당지역,24450.0,21225.0,29000.0,,,,,35.0,29.6,56.4,680.817
가산동,금천구,행정동,37.47686821598772,126.88734279437806,오피스텔,매매,58,높음,해당지역,12000.0,10900.0,13575.0,,,,,17.6,16.6,20.0,692.354
가산동,금천구,행정동,37.47686821598772,126.88734279437806,단독다가구,월세,187,높음,해당지역,,,,500.0,,,40.0,18.0,15.8,21.7,
가산동,금천구,행정동,37.47686821598772,126.88734279437806,아파트,월세,264,높음,해당지역,,,,3000.0,,,52.5,14.1,13.8,18.4,
가산동,금천구,행정동,37.47686821598772,126.88734279437806,연립다세대,월세,204,높음,해당지역,,,,2582.5,,,40.0,28.4,23.8,31.0,
가산동,금천구,행정동,37.47686821598772,126.88734279437806,오피스텔,월세,1195,높음,해당지역,,,,3000.0,,,58.0,19.4,17.6,34.2,
가산동,금천구,행정동,37.47686821598772,126.88734279437806,단독다가구,전세,19,보통,해당지역,,,,10000.0,6250.0,12500.0,,20.0,18.4,25.8,333.333
가산동,금천구,행정동,37.47686821598772,126.88734279437806,아파트,전세,41,높음,해당지역,,,,34600.0,17000.0,40000.0,,59.8,17.8,84.8,668.449
가산동,금천구,행정동,37.47686821598772,126.88734279437806,연립다세대,전세,47,높음,해당지역,,,,22500.0,19800.0,24175.0,,29.5,25.8,44.8,775.927
가산동,금천구,행정동,37.47686821598772,126.88734279437806,오피스텔,전세,266,높음,해당지역,,,,19200.0,13000.0,24000.0,,23.1,17.7,29.8,737.798
독산1동,금천구,행정동,37.466800688551686,126.89365576294797,단독다가구,매매,11,보통,법정동,67000.0,48900.0,86500.0,,,,,201.3,145.2,299.9,320.197
독산1동,금천구,행정동,37.466800688551686,126.89365576294797,아파트,매매,347,높음,해당지역,76800.0,60250.0,104700.0,,,,,71.4,59.8,84.8,1027.433
독산1동,금천구,행정동,37.466800688551686,126.89365576294797,연립다세대,매매,69,높음,해당지역,36000.0,28000.0,45000.0,,,,,49.9,37.5,54.0,832.562
독산1동,금천구,행정동,37.466800688551686,126.89365576294797,오피스텔,매매,46,높음,해당지역,18475.0,17225.0,26625.0,,,,,26.5,26.2,28.8,710.45
독산1동,금천구,행정동,37.466800688551686,126.89365576294797,단독다가구,월세,1156,높음,법정동,,,,1000.0,,,45.0,29.0,19.8,39.0,
독산1동,금천구,행정동,37.466800688551686,126.89365576294797,아파트,월세,253,높음,해당지역,,,,20000.0,,,61.0,60.0,59.6,84.8,
독산1동,금천구,행정동,37.466800688551686,126.89365576294797,연립다세대,월세,175,높음,해당지역,,,,3000.0,,,44.0,27.3,21.3,29.9,
독산1동,금천구,행정동,37.466800688551686,126.89365576294797,오피스텔,월세,1009,높음,해당지역,,,,5500.0,,,50.0,26.5,22.2,37.3,
독산1동,금천구,행정동,37.466800688551686,126.89365576294797,단독다가구,전세,193,높음,법정동,,,,10000.0,6000.0,13000.0,,36.6,25.0,51.6,260.87
독산1동,금천구,행정동,37.466800688551686,126.89365576294797,아파트,전세,322,높음,해당지역,,,,46100.0,34662.5,57525.0,,60.0,59.9,84.8,613.925
독산1동,금천구,행정동,37.466800688551686,126.89365576294797,연립다세대,전세,70,높음,해당지역,,,,23000.0,19125.0,25337.5,,29.8,26.9,40.0,688.798
독산1동,금천구,행정동,37.466800688551686,126.89365576294797,오피스텔,전세,527,높음,해당지역,,,,24300.0,21000.0,28000.0,,27.8,24.1,30.0,849.377
독산2동,금천구,행정동,37.4632711871,126.90147469206943,단독다가구,매매,11,보통,법정동,67000.0,48900.0,86500.0,,,,,201.3,145.2,299.9,320.197
독산2동,금천구,행정동,37.4632711871,126.90147469206943,아파트,매매,403,높음,법정동,71500.0,55850.0,99500.0,,,,,71.4,59.8,84.8,986.292
독산2동,금천구,행정동,37.4632711871,126.90147469206943,연립다세대,매매,88,높음,해당지역,28000.0,24375.0,34000.0,,,,,43.1,29.9,55.6,694.9
독산2동,금천구,행정동,37.4632711871,126.90147469206943,오피스텔,매매,63,높음,법정동,17950.0,16000.0,23400.0,,,,,26.4,24.1,28.6,684.425
독산2동,금천구,행정동,37.4632711871,126.90147469206943,단독다가구,월세,1156,높음,법정동,,,,1000.0,,,45.0,29.0,19.8,39.0,
독산2동,금천구,행정동,37.4632711871,126.90147469206943,아파트,월세,290,높음,법정동,,,,18666.0,,,63.0,60.0,59.6,84.5,
독산2동,금천구,행정동,37.4632711871,126.90147469206943,연립다세대,월세,132,높음,해당지역,,,,6650.0,,,35.0,36.1,28.7,48.8,
독산2동,금천구,행정동,37.4632711871,126.90147469206943,오피스텔,월세,21,보통,해당지역,,,,5000.0,,,65.0,33.9,19.7,35.0,
독산2동,금천구,행정동,37.4632711871,126.90147469206943,단독다가구,전세,193,높음,법정동,,,,10000.0,6000.0,13000.0,,36.6,25.0,51.6,260.87
독산2동,금천구,행정동,37.4632711871,126.90147469206943,아파트,전세,16,보통,해당지역,,,,11000.0,9350.0,11500.0,,16.8,13.5,16.8,670.786
독산2동,금천구,행정동,37.4632711871,126.90147469206943,연립다세대,전세,81,높음,해당지역,,,,19000.0,17000.0,21000.0,,34.1,29.3,50.2,544.815
독산2동,금천구,행정동,37.4632711871,126.90147469206943,오피스텔,전세,17,보통,해당지역,,,,12560.0,11500.0,23500.0,,20.7,18.0,38.6,568.182
독산3동,금천구,행정동,37.476572683848644,126.90368942728699,단독다가구,매매,11,보통,법정동,67000.0,48900.0,86500.0,,,,,201.3,145.2,299.9,320.197
독산3동,금천구,행정동,37.476572683848644,126.90368942728699,아파트,매매,43,높음,해당지역,57000.0,48250.0,70550.0,,,,,68.3,57.8,73.2,915.301
독산3동,금천구,행정동,37.476572683848644,126.90368942728699,연립다세대,매매,148,높음,해당지역,28000.0,23225.0,32000.0,,,,,39.0,29.8,50.8,735.891
독산3동,금천구,행정동,37.476572683848644,126.90368942728699,오피스텔,매매,15,보통,해당지역,11000.0,10000.0,11700.0,,,,,23.1,21.5,26.1,476.81
독산3동,금천구,행정동,37.476572683848644,126.90368942728699,단독다가구,월세,1156,높음,법정동,,,,1000.0,,,45.0,29.0,19.8,39.0,
독산3동,금천구,행정동,37.476572683848644,126.90368942728699,아파트,월세,31,높음,해당지역,,,,8000.0,,,100.0,60.0,47.8,74.5,
독산3동,금천구,행정동,37.476572683848644,126.90368942728699,연립다세대,월세,159,높음,해당지역,,,,9032.0,,,32.0,30.0,28.9,46.4,
독산3동,금천구,행정동,37.476572683848644,126.90368942728699,오피스텔,월세,48,높음,해당지역,,,,2000.0,,,55.0,21.5,18.8,26.8,
독산3동,금천구,행정동,37.476572683848644,126.90368942728699,단독다가구,전세,193,높음,법정동,,,,10000.0,6000.0,13000.0,,36.6,25.0,51.6,260.87
독산3동,금천구,행정동,37.476572683848644,126.90368942728699,아파트,전세,33,높음,해당지역,,,,31800.0,26300.0,42000.0,,68.2,55.6,73.2,601.093
독산3동,금천구,행정동,37.476572683848644,126.90368942728699,연립다세대,전세,113,높음,해당지역,,,,20000.0,16290.0,23000.0,,30.0,29.4,45.6,600.396
독산3동,금천구,행정동,37.476572683848644,126.90368942728699,오피스텔,전세,38,높음,해당지역,,,,16500.0,8250.0,24375.0,,29.2,25.4,41.8,544.373
독산4동,금천구,행정동,37.46890784405917,126.90287000011105,단독다가구,매매,11,보통,법정동,67000.0,48900.0,86500.0,,,,,201.3,145.2,299.9,320.197
독산4동,금천구,행정동,37.46890784405917,126.90287000011105,아파트,매매,11,보통,해당지역,53500.0,45000.0,58500.0,,,,,74.9,60.0,83.5,713.352
독산4동,금천구,행정동,37.46890784405917,126.90287000011105,연립다세대,매매,97,높음,해당지역,28000.0,22800.0,33000.0,,,,,35.2,27.6,49.4,784.438
독산4동,금천구,행정동,37.46890784405917,126.90287000011105,오피스텔,매매,63,높음,법정동,17950.0,16000.0,23400.0,,,,,26.4,24.1,28.6,684.425
독산4동,금천구,행정동,37.46890784405917,126.90287000011105,단독다가구,월세,1156,높음,법정동,,,,1000.0,,,45.0,29.0,19.8,39.0,
독산4동,금천구,행정동,37.46890784405917,126.90287000011105,아파트,월세,290,높음,법정동,,,,18666.0,,,63.0,60.0,59.6,84.5,
독산4동,금천구,행정동,37.46890784405917,126.90287000011105,연립다세대,월세,82,높음,해당지역,,,,5000.0,,,55.0,35.1,28.2,51.2,
독산4동,금천구,행정동,37.46890784405917,126.90287000011105,오피스텔,월세,1083,높음,법정동,,,,5000.0,,,50.0,26.5,22.0,35.5,
독산4동,금천구,행정동,37.46890784405917,126.90287000011105,단독다가구,전세,193,높음,법정동,,,,10000.0,6000.0,13000.0,,36.6,25.0,51.6,260.87
독산4동,금천구,행정동,37.46890784405917,126.90287000011105,아파트,전세,374,높음,법정동,,,,43524.0,33055.5,55000.0,,60.0,59.8,84.8,621.264
독산4동,금천구,행정동,37.46890784405917,126.90287000011105,연립다세대,전세,68,높음,해당지역,,,,19450.0,15525.0,21625.0,,31.7,28.1,43.2,574.999
독산4동,금천구,행정동,37.46890784405917,126.90287000011105,오피스텔,전세,585,높음,법정동,,,,24000.0,18000.0,27480.0,,28.0,23.5,31.9,827.389
시흥1동,금천구,행정동,37.45380456263669,126.90051410817749,단독다가구,매매,29,보통,법정동,70000.0,41500.0,87991.0,,,,,170.8,146.5,246.7,316.265
시흥1동,금천구,행정동,37.45380456263669,126.90051410817749,아파트,매매,156,높음,해당지역,74850.0,46925.0,92250.0,,,,,67.3,53.8,84.8,964.824
시흥1동,금천구,행정동,37.45380456263669,126.90051410817749,연립다세대,매매,73,높음,해당지역,27000.0,22700.0,29300.0,,,,,45.0,29.9,54.7,626.886
시흥1동,금천구,행정동,37.45380456263669,126.90051410817749,오피스텔,매매,16,보통,해당지역,13000.0,9000.0,16000.0,,,,,18.2,18.0,24.2,599.982
시흥1동,금천구,행정동,37.45380456263669,126.90051410817749,단독다가구,월세,658,높음,법정동,,,,1000.0,,,40.0,32.6,23.0,47.5,
시흥1동,금천구,행정동,37.45380456263669,126.90051410817749,아파트,월세,137,높음,해당지역,,,,2440.0,,,50.0,53.8,41.2,67.3,
시흥1동,금천구,행정동,37.45380456263669,126.90051410817749,연립다세대,월세,174,높음,해당지역,,,,5000.0,,,34.0,29.9,27.4,42.2,
시흥1동,금천구,행정동,37.45380456263669,126.90051410817749,오피스텔,월세,177,높음,해당지역,,,,1800.0,,,50.0,22.6,18.2,29.3,
시흥1동,금천구,행정동,37.45380456263669,126.90051410817749,단독다가구,전세,174,높음,법정동,,,,10000.0,7000.0,13000.0,,40.4,30.7,58.6,224.781
시흥1동,금천구,행정동,37.45380456263669,126.90051410817749,아파트,전세,144,높음,해당지역,,,,25000.0,18000.0,48625.0,,54.6,49.8,78.1,484.966
시흥1동,금천구,행정동,37.45380456263669,126.90051410817749,연립다세대,전세,101,높음,해당지역,,,,20000.0,17000.0,23100.0,,30.0,28.2,48.6,625.0
시흥1동,금천구,행정동,37.45380456263669,126.90051410817749,오피스텔,전세,118,높음,해당지역,,,,15000.0,13500.0,20500.0,,21.0,18.3,31.9,713.606
시흥2동,금천구,행정동,37.449790096769306,126.91794983461565,단독다가구,매매,29,보통,법정동,70000.0,41500.0,87991.0,,,,,170.8,146.5,246.7,316.265
시흥2동,금천구,행정동,37.449790096769306,126.91794983461565,아파트,매매,156,높음,해당지역,53400.0,45500.0,57000.0,,,,,85.0,59.9,85.0,651.648
시흥2동,금천구,행정동,37.449790096769306,126.91794983461565,연립다세대,매매,243,높음,법정동,28000.0,23650.0,33000.0,,,,,44.6,34.5,55.0,640.915
시흥2동,금천구,행정동,37.449790096769306,126.91794983461565,오피스텔,매매,18,보통,법정동,14650.0,9050.0,19375.0,,,,,20.3,18.1,29.1,570.693
시흥2동,금천구,행정동,37.449790096769306,126.91794983461565,단독다가구,월세,658,높음,법정동,,,,1000.0,,,40.0,32.6,23.0,47.5,
시흥2동,금천구,행정동,37.449790096769306,126.91794983461565,아파트,월세,86,높음,해당지역,,,,5000.0,,,57.5,59.9,32.7,85.0,
시흥2동,금천구,행정동,37.449790096769306,126.91794983461565,연립다세대,월세,12,보통,해당지역,,,,4350.0,,,17.5,47.1,38.3,55.7,
시흥2동,금천구,행정동,37.449790096769306,126.91794983461565,오피스텔,월세,203,높음,법정동,,,,2000.0,,,50.0,24.1,18.2,32.5,
시흥2동,금천구,행정동,37.449790096769306,126.91794983461565,단독다가구,전세,174,높음,법정동,,,,10000.0,7000.0,13000.0,,40.4,30.7,58.6,224.781
시흥2동,금천구,행정동,37.449790096769306,126.91794983461565,아파트,전세,118,높음,해당지역,,,,36000.0,32000.0,42585.0,,85.0,59.9,114.8,474.248
시흥2동,금천구,행정동,37.449790096769306,126.91794983461565,연립다세대,전세,283,높음,법정동,,,,18050.0,15000.0,21650.0,,39.5,29.6,51.1,488.346
시흥2동,금천구,행정동,37.449790096769306,126.91794983461565,오피스텔,전세,128,높음,법정동,,,,15000.0,13000.0,20275.0,,22.2,18.3,32.5,682.594
시흥3동,금천구,행정동,37.44102961023835,126.90484492449252,단독다가구,매매,29,보통,법정동,70000.0,41500.0,87991.0,,,,,170.8,146.5,246.7,316.265
시흥3동,금천구,행정동,37.44102961023835,126.90484492449252,아파트,매매,387,높음,법정동,53500.0,45000.0,68000.0,,,,,79.8,59.8,85.0,742.574
시흥3동,금천구,행정동,37.44102961023835,126.90484492449252,연립다세대,매매,58,높음,해당지역,32850.0,27000.0,37500.0,,,,,52.6,41.4,60.4,595.002
시흥3동,금천구,행정동,37.44102961023835,126.90484492449252,오피스텔,매매,18,보통,법정동,14650.0,9050.0,19375.0,,,,,20.3,18.1,29.1,570.693
시흥3동,금천구,행정동,37.44102961023835,126.90484492449252,단독다가구,월세,658,높음,법정동,,,,1000.0,,,40.0,32.6,23.0,47.5,
시흥3동,금천구,행정동,37.44102961023835,126.90484492449252,아파트,월세,11,보통,해당지역,,,,10000.0,,,70.0,59.6,56.0,60.0,
시흥3동,금천구,행정동,37.44102961023835,126.90484492449252,연립다세대,월세,50,높음,해당지역,,,,2000.0,,,50.0,47.9,39.5,55.3,
시흥3동,금천구,행정동,37.44102961023835,126.90484492449252,오피스텔,월세,14,보통,해당지역,,,,12211.5,,,27.0,39.7,39.7,48.1,
시흥3동,금천구,행정동,37.44102961023835,126.90484492449252,단독다가구,전세,174,높음,법정동,,,,10000.0,7000.0,13000.0,,40.4,30.7,58.6,224.781
시흥3동,금천구,행정동,37.44102961023835,126.90484492449252,아파트,전세,321,높음,법정동,,,,33000.0,25000.0,43000.0,,60.0,58.9,85.0,482.412
시흥3동,금천구,행정동,37.44102961023835,126.90484492449252,연립다세대,전세,76,높음,해당지역,,,,17000.0,14650.0,20000.0,,49.8,40.9,61.7,323.442
시흥3동,금천구,행정동,37.44102961023835,126.90484492449252,오피스텔,전세,128,높음,법정동,,,,15000.0,13000.0,20275.0,,22.2,18.3,32.5,682.594
시흥4동,금천구,행정동,37.46046905312786,126.90884666770428,단독다가구,매매,29,보통,법정동,70000.0,41500.0,87991.0,,,,,170.8,146.5,246.7,316.265
시흥4동,금천구,행정동,37.46046905312786,126.90884666770428,아파트,매매,37,높음,해당지역,47500.0,43000.0,55500.0,,,,,59.9,59.9,84.6,712.474
시흥4동,금천구,행정동,37.46046905312786,126.90884666770428,연립다세대,매매,49,높음,해당지역,29000.0,22000.0,32500.0,,,,,42.1,35.3,51.9,684.157
시흥4동,금천구,행정동,37.46046905312786,126.90884666770428,오피스텔,매매,18,보통,법정동,14650.0,9050.0,19375.0,,,,,20.3,18.1,29.1,570.693
시흥4동,금천구,행정동,37.46046905312786,126.90884666770428,단독다가구,월세,658,높음,법정동,,,,1000.0,,,40.0,32.6,23.0,47.5,
시흥4동,금천구,행정동,37.46046905312786,126.90884666770428,아파트,월세,11,보통,해당지역,,,,10000.0,,,75.0,60.0,59.9,78.5,
시흥4동,금천구,행정동,37.46046905312786,126.90884666770428,연립다세대,월세,59,높음,해당지역,,,,3000.0,,,50.0,40.3,29.2,53.6,
시흥4동,금천구,행정동,37.46046905312786,126.90884666770428,오피스텔,월세,203,높음,법정동,,,,2000.0,,,50.0,24.1,18.2,32.5,
시흥4동,금천구,행정동,37.46046905312786,126.90884666770428,단독다가구,전세,174,높음,법정동,,,,10000.0,7000.0,13000.0,,40.4,30.7,58.6,224.781
시흥4동,금천구,행정동,37.46046905312786,126.90884666770428,아파트,전세,28,보통,해당지역,,,,34250.0,30000.0,40000.0,,71.4,59.9,85.0,470.884
시흥4동,금천구,행정동,37.46046905312786,126.90884666770428,연립다세대,전세,68,높음,해당지역,,,,17720.0,14275.0,19900.0,,30.8,28.0,44.2,507.744
시흥4동,금천구,행정동,37.46046905312786,126.90884666770428,오피스텔,전세,128,높음,법정동,,,,15000.0,13000.0,20275.0,,22.2,18.3,32.5,682.594
시흥5동,금천구,행정동,37.45019643547651,126.90902307859903,단독다가구,매매,29,보통,법정동,70000.0,41500.0,87991.0,,,,,170.8,146.5,246.7,316.265
시흥5동,금천구,행정동,37.45019643547651,126.90902307859903,아파트,매매,29,보통,해당지역,42000.0,32000.0,52500.0,,,,,61.2,41.3,82.5,707.38
시흥5동,금천구,행정동,37.45019643547651,126.90902307859903,연립다세대,매매,62,높음,해당지역,27850.0,23275.0,33800.0,,,,,40.9,30.0,46.9,668.196
시흥5동,금천구,행정동,37.45019643547651,126.90902307859903,오피스텔,매매,18,보통,법정동,14650.0,9050.0,19375.0,,,,,20.3,18.1,29.1,570.693
시흥5동,금천구,행정동,37.45019643547651,126.90902307859903,단독다가구,월세,658,높음,법정동,,,,1000.0,,,40.0,32.6,23.0,47.5,
시흥5동,금천구,행정동,37.45019643547651,126.90902307859903,아파트,월세,27,보통,해당지역,,,,5000.0,,,70.0,41.3,41.3,71.4,
시흥5동,금천구,행정동,37.45019643547651,126.90902307859903,연립다세대,월세,74,높음,해당지역,,,,5250.0,,,30.0,44.3,29.9,50.9,
시흥5동,금천구,행정동,37.45019643547651,126.90902307859903,오피스텔,월세,203,높음,법정동,,,,2000.0,,,50.0,24.1,18.2,32.5,
시흥5동,금천구,행정동,37.45019643547651,126.90902307859903,단독다가구,전세,174,높음,법정동,,,,10000.0,7000.0,13000.0,,40.4,30.7,58.6,224.781
시흥5동,금천구,행정동,37.45019643547651,126.90902307859903,아파트,전세,26,보통,해당지역,,,,27500.0,21000.0,34750.0,,61.1,61.1,77.2,458.784
시흥5동,금천구,행정동,37.45019643547651,126.90902307859903,연립다세대,전세,38,높음,해당지역,,,,18275.0,16337.5,19900.0,,41.9,29.8,48.3,505.751
시흥5동,금천구,행정동,37.45019643547651,126.90902307859903,오피스텔,전세,128,높음,법정동,,,,15000.0,13000.0,20275.0,,22.2,18.3,32.5,682.594
공릉1동,노원구,행정동,37.62431987465389,127.07293658400837,단독다가구,매매,32,높음,자치구,65000.0,41875.0,78000.0,,,,,152.1,70.2,206.2,417.443
공릉1동,노원구,행정동,37.62431987465389,127.07293658400837,아파트,매매,306,높음,해당지역,53500.0,38075.0,73225.0,,,,,59.6,39.6,81.2,943.348
공릉1동,노원구,행정동,37.62431987465389,127.07293658400837,연립다세대,매매,68,높음,해당지역,25000.0,19125.0,31500.0,,,,,47.7,37.3,58.1,490.837
공릉1동,노원구,행정동,37.62431987465389,127.07293658400837,오피스텔,매매,68,높음,자치구,15950.0,11975.0,25500.0,,,,,37.5,27.8,50.4,446.208
공릉1동,노원구,행정동,37.62431987465389,127.07293658400837,단독다가구,월세,1182,높음,법정동,,,,1000.0,,,44.0,18.0,16.0,20.0,
공릉1동,노원구,행정동,37.62431987465389,127.07293658400837,아파트,월세,197,높음,해당지역,,,,3000.0,,,63.0,31.3,16.7,49.5,
공릉1동,노원구,행정동,37.62431987465389,127.07293658400837,연립다세대,월세,157,높음,해당지역,,,,2000.0,,,45.0,19.4,13.9,38.4,
공릉1동,노원구,행정동,37.62431987465389,127.07293658400837,오피스텔,월세,11,보통,해당지역,,,,1000.0,,,60.0,22.8,21.4,32.5,
공릉1동,노원구,행정동,37.62431987465389,127.07293658400837,단독다가구,전세,106,높음,법정동,,,,8500.0,7000.0,16375.0,,21.7,17.0,44.1,378.972
공릉1동,노원구,행정동,37.62431987465389,127.07293658400837,아파트,전세,145,높음,해당지역,,,,33000.0,21000.0,43000.0,,59.0,39.6,84.7,583.917
공릉1동,노원구,행정동,37.62431987465389,127.07293658400837,연립다세대,전세,45,높음,해당지역,,,,16500.0,8660.0,27000.0,,41.2,29.8,53.1,445.928
공릉1동,노원구,행정동,37.62431987465389,127.07293658400837,오피스텔,전세,40,높음,자치구,,,,15700.0,12500.0,26400.0,,39.3,28.3,55.0,410.516
공릉2동,노원구,행정동,37.625124095599894,127.08290112054611,단독다가구,매매,32,높음,자치구,65000.0,41875.0,78000.0,,,,,152.1,70.2,206.2,417.443
공릉2동,노원구,행정동,37.625124095599894,127.08290112054611,아파트,매매,430,높음,해당지역,67700.0,59000.0,81000.0,,,,,60.0,51.0,84.8,1004.135
공릉2동,노원구,행정동,37.625124095599894,127.08290112054611,연립다세대,매매,28,보통,해당지역,28550.0,15575.0,43375.0,,,,,54.1,43.0,70.9,425.651
공릉2동,노원구,행정동,37.625124095599894,127.08290112054611,오피스텔,매매,68,높음,자치구,15950.0,11975.0,25500.0,,,,,37.5,27.8,50.4,446.208
공릉2동,노원구,행정동,37.625124095599894,127.08290112054611,단독다가구,월세,1182,높음,법정동,,,,1000.0,,,44.0,18.0,16.0,20.0,
공릉2동,노원구,행정동,37.625124095599894,127.08290112054611,아파트,월세,288,높음,해당지역,,,,8740.0,,,55.0,54.7,46.5,66.9,
공릉2동,노원구,행정동,37.625124095599894,127.08290112054611,연립다세대,월세,142,높음,해당지역,,,,1000.0,,,50.0,29.5,18.0,40.5,
공릉2동,노원구,행정동,37.625124095599894,127.08290112054611,오피스텔,월세,11,보통,법정동,,,,1000.0,,,60.0,22.8,21.4,32.5,
공릉2동,노원구,행정동,37.625124095599894,127.08290112054611,단독다가구,전세,106,높음,법정동,,,,8500.0,7000.0,16375.0,,21.7,17.0,44.1,378.972
공릉2동,노원구,행정동,37.625124095599894,127.08290112054611,아파트,전세,314,높음,해당지역,,,,39700.0,32625.0,49450.0,,60.0,51.0,84.7,610.621
공릉2동,노원구,행정동,37.625124095599894,127.08290112054611,연립다세대,전세,29,보통,해당지역,,,,12000.0,9000.0,16538.0,,35.5,29.7,40.6,323.243
공릉2동,노원구,행정동,37.625124095599894,127.08290112054611,오피스텔,전세,40,높음,자치구,,,,15700.0,12500.0,26400.0,,39.3,28.3,55.0,410.516
상계10동,노원구,행정동,37.66122017009837,127.06139710345079,단독다가구,매매,15,보통,법정동,60000.0,41750.0,68000.0,,,,,156.3,90.4,173.3,379.716
상계10동,노원구,행정동,37.66122017009837,127.06139710345079,아파트,매매,335,높음,해당지역,60000.0,48000.0,72000.0,,,,,49.9,45.6,59.4,1241.165
상계10동,노원구,행정동,37.66122017009837,127.06139710345079,연립다세대,매매,230,높음,법정동,31000.0,24275.0,36625.0,,,,,49.3,38.8,57.9,647.308
상계10동,노원구,행정동,37.66122017009837,127.06139710345079,오피스텔,매매,35,높음,법정동,14050.0,10500.0,15500.0,,,,,31.7,24.5,37.5,416.134
상계10동,노원구,행정동,37.66122017009837,127.06139710345079,단독다가구,월세,490,높음,법정동,,,,1000.0,,,40.0,35.3,25.5,50.0,
상계10동,노원구,행정동,37.66122017009837,127.06139710345079,아파트,월세,375,높음,해당지역,,,,5000.0,,,79.0,48.4,43.4,58.0,
상계10동,노원구,행정동,37.66122017009837,127.06139710345079,연립다세대,월세,242,높음,법정동,,,,3780.0,,,39.0,38.2,26.7,49.4,
상계10동,노원구,행정동,37.66122017009837,127.06139710345079,오피스텔,월세,10,보통,해당지역,,,,1000.0,,,65.0,28.0,26.2,30.8,
상계10동,노원구,행정동,37.66122017009837,127.06139710345079,단독다가구,전세,102,높음,법정동,,,,10000.0,6000.0,13900.0,,41.7,32.3,55.8,240.279
상계10동,노원구,행정동,37.66122017009837,127.06139710345079,아파트,전세,351,높음,해당지역,,,,27000.0,23000.0,34000.0,,49.9,45.9,59.9,520.625
상계10동,노원구,행정동,37.66122017009837,127.06139710345079,연립다세대,전세,151,높음,법정동,,,,13000.0,9185.5,18050.0,,39.8,28.3,53.4,339.443
상계10동,노원구,행정동,37.66122017009837,127.06139710345079,오피스텔,전세,23,보통,법정동,,,,13500.0,10000.0,14950.0,,29.3,23.4,38.8,393.776
상계1동,노원구,행정동,37.67947367051843,127.05473878953809,단독다가구,매매,15,보통,법정동,60000.0,41750.0,68000.0,,,,,156.3,90.4,173.3,379.716
상계1동,노원구,행정동,37.67947367051843,127.05473878953809,아파트,매매,289,높음,해당지역,52000.0,45000.0,60000.0,,,,,60.0,55.8,84.4,828.494
상계1동,노원구,행정동,37.67947367051843,127.05473878953809,연립다세대,매매,44,높음,해당지역,22725.0,21800.0,27500.0,,,,,36.8,26.9,54.7,663.039
상계1동,노원구,행정동,37.67947367051843,127.05473878953809,오피스텔,매매,25,보통,해당지역,14800.0,9750.0,15500.0,,,,,36.8,23.4,39.3,404.365
상계1동,노원구,행정동,37.67947367051843,127.05473878953809,단독다가구,월세,490,높음,법정동,,,,1000.0,,,40.0,35.3,25.5,50.0,
상계1동,노원구,행정동,37.67947367051843,127.05473878953809,아파트,월세,248,높음,해당지역,,,,4051.5,,,31.0,45.8,39.8,60.0,
상계1동,노원구,행정동,37.67947367051843,127.05473878953809,연립다세대,월세,95,높음,해당지역,,,,4000.0,,,38.0,39.2,21.9,49.5,
상계1동,노원구,행정동,37.67947367051843,127.05473878953809,오피스텔,월세,98,높음,해당지역,,,,1000.0,,,52.5,27.8,23.4,36.8,
상계1동,노원구,행정동,37.67947367051843,127.05473878953809,단독다가구,전세,102,높음,법정동,,,,10000.0,6000.0,13900.0,,41.7,32.3,55.8,240.279
상계1동,노원구,행정동,37.67947367051843,127.05473878953809,아파트,전세,229,높음,해당지역,,,,33000.0,27000.0,40000.0,,60.0,49.8,84.8,506.329
상계1동,노원구,행정동,37.67947367051843,127.05473878953809,연립다세대,전세,49,높음,해당지역,,,,11700.0,8400.0,19600.0,,34.5,18.7,58.9,368.337
상계1동,노원구,행정동,37.67947367051843,127.05473878953809,오피스텔,전세,14,보통,해당지역,,,,13365.0,8730.0,13912.5,,37.5,26.6,39.3,360.875
상계2동,노원구,행정동,37.65634484494871,127.06741974810406,단독다가구,매매,15,보통,법정동,60000.0,41750.0,68000.0,,,,,156.3,90.4,173.3,379.716
상계2동,노원구,행정동,37.65634484494871,127.06741974810406,아파트,매매,105,높음,해당지역,67000.0,59900.0,75000.0,,,,,60.0,59.8,84.9,967.634
상계2동,노원구,행정동,37.65634484494871,127.06741974810406,연립다세대,매매,25,보통,해당지역,29000.0,18500.0,31800.0,,,,,41.6,36.3,56.1,595.855
상계2동,노원구,행정동,37.65634484494871,127.06741974810406,오피스텔,매매,35,높음,법정동,14050.0,10500.0,15500.0,,,,,31.7,24.5,37.5,416.134
상계2동,노원구,행정동,37.65634484494871,127.06741974810406,단독다가구,월세,490,높음,법정동,,,,1000.0,,,40.0,35.3,25.5,50.0,
상계2동,노원구,행정동,37.65634484494871,127.06741974810406,아파트,월세,60,높음,해당지역,,,,9000.0,,,60.0,59.8,14.6,84.6,
상계2동,노원구,행정동,37.65634484494871,127.06741974810406,연립다세대,월세,49,높음,해당지역,,,,1000.0,,,50.0,25.5,15.1,36.7,
상계2동,노원구,행정동,37.65634484494871,127.06741974810406,오피스텔,월세,12,보통,해당지역,,,,1000.0,,,60.0,25.5,25.5,27.3,
상계2동,노원구,행정동,37.65634484494871,127.06741974810406,단독다가구,전세,102,높음,법정동,,,,10000.0,6000.0,13900.0,,41.7,32.3,55.8,240.279
상계2동,노원구,행정동,37.65634484494871,127.06741974810406,아파트,전세,73,높음,해당지역,,,,45000.0,37000.0,52500.0,,84.6,59.9,84.9,588.305
상계2동,노원구,행정동,37.65634484494871,127.06741974810406,연립다세대,전세,16,보통,해당지역,,,,13000.0,10737.5,18025.0,,41.6,26.0,49.0,362.867
상계2동,노원구,행정동,37.65634484494871,127.06741974810406,오피스텔,전세,23,보통,법정동,,,,13500.0,10000.0,14950.0,,29.3,23.4,38.8,393.776
상계3.4동,노원구,행정동,37.66632349170617,127.07764483127741,단독다가구,매매,15,보통,법정동,60000.0,41750.0,68000.0,,,,,156.3,90.4,173.3,379.716
상계3.4동,노원구,행정동,37.66632349170617,127.07764483127741,아파트,매매,216,높음,해당지역,61300.0,48300.0,90700.0,,,,,60.0,59.4,84.9,884.067
상계3.4동,노원구,행정동,37.66632349170617,127.07764483127741,연립다세대,매매,136,높음,해당지역,35000.0,30500.0,40000.0,,,,,52.5,44.3,60.2,663.031
상계3.4동,노원구,행정동,37.66632349170617,127.07764483127741,오피스텔,매매,35,높음,법정동,14050.0,10500.0,15500.0,,,,,31.7,24.5,37.5,416.134
상계3.4동,노원구,행정동,37.66632349170617,127.07764483127741,단독다가구,월세,490,높음,법정동,,,,1000.0,,,40.0,35.3,25.5,50.0,
상계3.4동,노원구,행정동,37.66632349170617,127.07764483127741,아파트,월세,156,높음,해당지역,,,,4000.0,,,20.0,43.6,27.0,60.0,
상계3.4동,노원구,행정동,37.66632349170617,127.07764483127741,연립다세대,월세,54,높음,해당지역,,,,4000.0,,,30.0,44.4,36.7,54.8,
상계3.4동,노원구,행정동,37.66632349170617,127.07764483127741,오피스텔,월세,144,높음,법정동,,,,1000.0,,,60.0,26.4,23.4,33.0,
상계3.4동,노원구,행정동,37.66632349170617,127.07764483127741,단독다가구,전세,102,높음,법정동,,,,10000.0,6000.0,13900.0,,41.7,32.3,55.8,240.279
상계3.4동,노원구,행정동,37.66632349170617,127.07764483127741,아파트,전세,168,높음,해당지역,,,,42000.0,30000.0,55000.0,,60.0,59.6,84.9,569.65
상계3.4동,노원구,행정동,37.66632349170617,127.07764483127741,연립다세대,전세,44,높음,해당지역,,,,13000.0,10000.0,16250.0,,47.7,35.9,57.4,283.827
상계3.4동,노원구,행정동,37.66632349170617,127.07764483127741,오피스텔,전세,23,보통,법정동,,,,13500.0,10000.0,14950.0,,29.3,23.4,38.8,393.776
상계5동,노원구,행정동,37.66339993496214,127.07070146231632,단독다가구,매매,15,보통,법정동,60000.0,41750.0,68000.0,,,,,156.3,90.4,173.3,379.716
상계5동,노원구,행정동,37.66339993496214,127.07070146231632,아파트,매매,137,높음,해당지역,48000.0,37700.0,57000.0,,,,,59.9,46.8,84.5,773.024
상계5동,노원구,행정동,37.66339993496214,127.07070146231632,연립다세대,매매,25,보통,해당지역,25000.0,18600.0,29000.0,,,,,47.6,40.5,55.6,512.964
상계5동,노원구,행정동,37.66339993496214,127.07070146231632,오피스텔,매매,35,높음,법정동,14050.0,10500.0,15500.0,,,,,31.7,24.5,37.5,416.134
상계5동,노원구,행정동,37.66339993496214,127.07070146231632,단독다가구,월세,490,높음,법정동,,,,1000.0,,,40.0,35.3,25.5,50.0,
상계5동,노원구,행정동,37.66339993496214,127.07070146231632,아파트,월세,78,높음,해당지역,,,,4000.0,,,80.0,46.8,45.9,59.9,
상계5동,노원구,행정동,37.66339993496214,127.07070146231632,연립다세대,월세,44,높음,해당지역,,,,6500.0,,,40.0,40.6,36.2,51.6,
상계5동,노원구,행정동,37.66339993496214,127.07070146231632,오피스텔,월세,144,높음,법정동,,,,1000.0,,,60.0,26.4,23.4,33.0,
상계5동,노원구,행정동,37.66339993496214,127.07070146231632,단독다가구,전세,102,높음,법정동,,,,10000.0,6000.0,13900.0,,41.7,32.3,55.8,240.279
상계5동,노원구,행정동,37.66339993496214,127.07070146231632,아파트,전세,80,높음,해당지역,,,,23000.0,20000.0,30000.0,,46.8,45.9,59.9,458.943
상계5동,노원구,행정동,37.66339993496214,127.07070146231632,연립다세대,전세,42,높음,해당지역,,,,15750.0,11662.5,18875.0,,38.9,29.4,48.6,335.516
상계5동,노원구,행정동,37.66339993496214,127.07070146231632,오피스텔,전세,23,보통,법정동,,,,13500.0,10000.0,14950.0,,29.3,23.4,38.8,393.776
상계6.7동,노원구,행정동,37.650518687097026,127.06157737106989,단독다가구,매매,15,보통,법정동,60000.0,41750.0,68000.0,,,,,156.3,90.4,173.3,379.716
상계6.7동,노원구,행정동,37.650518687097026,127.06157737106989,아파트,매매,548,높음,해당지역,62250.0,50000.0,74550.0,,,,,58.0,41.3,59.2,1186.441
상계6.7동,노원구,행정동,37.650518687097026,127.06157737106989,연립다세대,매매,230,높음,법정동,31000.0,24275.0,36625.0,,,,,49.3,38.8,57.9,647.308
상계6.7동,노원구,행정동,37.650518687097026,127.06157737106989,오피스텔,매매,35,높음,법정동,14050.0,10500.0,15500.0,,,,,31.7,24.5,37.5,416.134
상계6.7동,노원구,행정동,37.650518687097026,127.06157737106989,단독다가구,월세,490,높음,법정동,,,,1000.0,,,40.0,35.3,25.5,50.0,
상계6.7동,노원구,행정동,37.650518687097026,127.06157737106989,아파트,월세,542,높음,해당지역,,,,3000.0,,,70.0,41.3,32.4,58.0,
상계6.7동,노원구,행정동,37.650518687097026,127.06157737106989,연립다세대,월세,242,높음,법정동,,,,3780.0,,,39.0,38.2,26.7,49.4,
상계6.7동,노원구,행정동,37.650518687097026,127.06157737106989,오피스텔,월세,21,보통,해당지역,,,,1000.0,,,75.0,19.0,19.0,27.6,
상계6.7동,노원구,행정동,37.650518687097026,127.06157737106989,단독다가구,전세,102,높음,법정동,,,,10000.0,6000.0,13900.0,,41.7,32.3,55.8,240.279
상계6.7동,노원구,행정동,37.650518687097026,127.06157737106989,아파트,전세,644,높음,해당지역,,,,26050.0,20331.0,32625.0,,58.0,41.3,59.4,502.953
상계6.7동,노원구,행정동,37.650518687097026,127.06157737106989,연립다세대,전세,151,높음,법정동,,,,13000.0,9185.5,18050.0,,39.8,28.3,53.4,339.443
상계6.7동,노원구,행정동,37.650518687097026,127.06157737106989,오피스텔,전세,23,보통,법정동,,,,13500.0,10000.0,14950.0,,29.3,23.4,38.8,393.776
상계8동,노원구,행정동,37.66731261690863,127.05435810928626,단독다가구,매매,15,보통,법정동,60000.0,41750.0,68000.0,,,,,156.3,90.4,173.3,379.716
상계8동,노원구,행정동,37.66731261690863,127.05435810928626,아파트,매매,266,높음,해당지역,54000.0,48000.0,64725.0,,,,,58.0,45.9,59.4,1034.818
상계8동,노원구,행정동,37.66731261690863,127.05435810928626,연립다세대,매매,230,높음,법정동,31000.0,24275.0,36625.0,,,,,49.3,38.8,57.9,647.308
상계8동,노원구,행정동,37.66731261690863,127.05435810928626,오피스텔,매매,35,높음,법정동,14050.0,10500.0,15500.0,,,,,31.7,24.5,37.5,416.134
상계8동,노원구,행정동,37.66731261690863,127.05435810928626,단독다가구,월세,490,높음,법정동,,,,1000.0,,,40.0,35.3,25.5,50.0,
상계8동,노원구,행정동,37.66731261690863,127.05435810928626,아파트,월세,551,높음,해당지역,,,,5000.0,,,32.0,49.9,41.3,49.9,
상계8동,노원구,행정동,37.66731261690863,127.05435810928626,연립다세대,월세,242,높음,법정동,,,,3780.0,,,39.0,38.2,26.7,49.4,
상계8동,노원구,행정동,37.66731261690863,127.05435810928626,오피스텔,월세,144,높음,법정동,,,,1000.0,,,60.0,26.4,23.4,33.0,
상계8동,노원구,행정동,37.66731261690863,127.05435810928626,단독다가구,전세,102,높음,법정동,,,,10000.0,6000.0,13900.0,,41.7,32.3,55.8,240.279
상계8동,노원구,행정동,37.66731261690863,127.05435810928626,아파트,전세,682,높음,해당지역,,,,17103.0,15392.0,25200.0,,49.9,41.3,58.0,342.471
상계8동,노원구,행정동,37.66731261690863,127.05435810928626,연립다세대,전세,151,높음,법정동,,,,13000.0,9185.5,18050.0,,39.8,28.3,53.4,339.443
상계8동,노원구,행정동,37.66731261690863,127.05435810928626,오피스텔,전세,23,보통,법정동,,,,13500.0,10000.0,14950.0,,29.3,23.4,38.8,393.776
상계9동,노원구,행정동,37.66755698992176,127.06012877149489,단독다가구,매매,15,보통,법정동,60000.0,41750.0,68000.0,,,,,156.3,90.4,173.3,379.716
상계9동,노원구,행정동,37.66755698992176,127.06012877149489,아파트,매매,343,높음,해당지역,51500.0,43000.0,60000.0,,,,,49.9,44.3,58.0,985.65
상계9동,노원구,행정동,37.66755698992176,127.06012877149489,연립다세대,매매,230,높음,법정동,31000.0,24275.0,36625.0,,,,,49.3,38.8,57.9,647.308
상계9동,노원구,행정동,37.66755698992176,127.06012877149489,오피스텔,매매,35,높음,법정동,14050.0,10500.0,15500.0,,,,,31.7,24.5,37.5,416.134
상계9동,노원구,행정동,37.66755698992176,127.06012877149489,단독다가구,월세,490,높음,법정동,,,,1000.0,,,40.0,35.3,25.5,50.0,
상계9동,노원구,행정동,37.66755698992176,127.06012877149489,아파트,월세,246,높음,해당지역,,,,3000.0,,,80.0,45.9,41.3,49.9,
상계9동,노원구,행정동,37.66755698992176,127.06012877149489,연립다세대,월세,242,높음,법정동,,,,3780.0,,,39.0,38.2,26.7,49.4,
상계9동,노원구,행정동,37.66755698992176,127.06012877149489,오피스텔,월세,144,높음,법정동,,,,1000.0,,,60.0,26.4,23.4,33.0,
상계9동,노원구,행정동,37.66755698992176,127.06012877149489,단독다가구,전세,102,높음,법정동,,,,10000.0,6000.0,13900.0,,41.7,32.3,55.8,240.279
상계9동,노원구,행정동,37.66755698992176,127.06012877149489,아파트,전세,329,높음,해당지역,,,,24100.0,20000.0,30000.0,,49.9,44.3,54.6,489.334
상계9동,노원구,행정동,37.66755698992176,127.06012877149489,연립다세대,전세,151,높음,법정동,,,,13000.0,9185.5,18050.0,,39.8,28.3,53.4,339.443
상계9동,노원구,행정동,37.66755698992176,127.06012877149489,오피스텔,전세,23,보통,법정동,,,,13500.0,10000.0,14950.0,,29.3,23.4,38.8,393.776
월계1동,노원구,행정동,37.62122348385154,127.05978784202043,단독다가구,매매,32,높음,자치구,65000.0,41875.0,78000.0,,,,,152.1,70.2,206.2,417.443
월계1동,노원구,행정동,37.62122348385154,127.05978784202043,아파트,매매,190,높음,해당지역,87500.0,76575.0,95000.0,,,,,84.8,70.8,91.5,1087.245
월계1동,노원구,행정동,37.62122348385154,127.05978784202043,연립다세대,매매,37,높음,해당지역,20500.0,13000.0,30000.0,,,,,46.0,34.8,52.7,501.166
월계1동,노원구,행정동,37.62122348385154,127.05978784202043,오피스텔,매매,68,높음,자치구,15950.0,11975.0,25500.0,,,,,37.5,27.8,50.4,446.208
월계1동,노원구,행정동,37.62122348385154,127.05978784202043,단독다가구,월세,282,높음,법정동,,,,500.0,,,45.0,18.0,16.0,23.1,
월계1동,노원구,행정동,37.62122348385154,127.05978784202043,아파트,월세,148,높음,해당지역,,,,5100.0,,,45.0,58.2,18.5,71.8,
월계1동,노원구,행정동,37.62122348385154,127.05978784202043,연립다세대,월세,78,높음,해당지역,,,,1500.0,,,44.5,31.2,14.4,41.3,
월계1동,노원구,행정동,37.62122348385154,127.05978784202043,오피스텔,월세,22,보통,해당지역,,,,1000.0,,,60.0,30.0,21.2,30.0,
월계1동,노원구,행정동,37.62122348385154,127.05978784202043,단독다가구,전세,22,보통,법정동,,,,10000.0,6375.0,12750.0,,37.5,32.2,46.4,283.088
월계1동,노원구,행정동,37.62122348385154,127.05978784202043,아파트,전세,99,높음,해당지역,,,,43000.0,35250.0,49675.0,,66.4,60.0,85.0,588.374
월계1동,노원구,행정동,37.62122348385154,127.05978784202043,연립다세대,전세,42,높음,해당지역,,,,15413.0,11000.0,21000.0,,35.6,29.4,47.4,367.68
월계1동,노원구,행정동,37.62122348385154,127.05978784202043,오피스텔,전세,40,높음,자치구,,,,15700.0,12500.0,26400.0,,39.3,28.3,55.0,410.516
월계2동,노원구,행정동,37.630777713116544,127.05251661766941,단독다가구,매매,32,높음,자치구,65000.0,41875.0,78000.0,,,,,152.1,70.2,206.2,417.443
월계2동,노원구,행정동,37.630777713116544,127.05251661766941,아파트,매매,262,높음,해당지역,51000.0,36725.0,74000.0,,,,,59.9,44.9,84.9,801.068
월계2동,노원구,행정동,37.630777713116544,127.05251661766941,연립다세대,매매,10,보통,해당지역,24000.0,18875.0,29125.0,,,,,50.5,41.1,64.8,468.373
월계2동,노원구,행정동,37.630777713116544,127.05251661766941,오피스텔,매매,68,높음,자치구,15950.0,11975.0,25500.0,,,,,37.5,27.8,50.4,446.208
월계2동,노원구,행정동,37.630777713116544,127.05251661766941,단독다가구,월세,282,높음,법정동,,,,500.0,,,45.0,18.0,16.0,23.1,
월계2동,노원구,행정동,37.630777713116544,127.05251661766941,아파트,월세,206,높음,해당지역,,,,6217.0,,,48.0,49.8,39.8,60.0,
월계2동,노원구,행정동,37.630777713116544,127.05251661766941,연립다세대,월세,21,보통,해당지역,,,,1717.0,,,40.0,29.7,21.6,47.8,
월계2동,노원구,행정동,37.630777713116544,127.05251661766941,오피스텔,월세,22,보통,법정동,,,,1000.0,,,60.0,30.0,21.2,30.0,
월계2동,노원구,행정동,37.630777713116544,127.05251661766941,단독다가구,전세,22,보통,법정동,,,,10000.0,6375.0,12750.0,,37.5,32.2,46.4,283.088
월계2동,노원구,행정동,37.630777713116544,127.05251661766941,아파트,전세,204,높음,해당지역,,,,30000.0,20000.0,50000.0,,59.8,44.5,85.0,505.051
월계2동,노원구,행정동,37.630777713116544,127.05251661766941,연립다세대,전세,52,높음,법정동,,,,15413.0,11000.0,21100.0,,38.4,29.9,50.5,354.446
월계2동,노원구,행정동,37.630777713116544,127.05251661766941,오피스텔,전세,40,높음,자치구,,,,15700.0,12500.0,26400.0,,39.3,28.3,55.0,410.516
월계3동,노원구,행정동,37.62410849414975,127.06513740188787,단독다가구,매매,32,높음,자치구,65000.0,41875.0,78000.0,,,,,152.1,70.2,206.2,417.443
월계3동,노원구,행정동,37.62410849414975,127.06513740188787,아파트,매매,367,높음,해당지역,89500.0,68000.0,101350.0,,,,,51.5,49.9,59.9,1447.57
월계3동,노원구,행정동,37.62410849414975,127.06513740188787,연립다세대,매매,47,높음,법정동,22300.0,14355.0,29750.0,,,,,46.1,35.9,54.8,495.148
월계3동,노원구,행정동,37.62410849414975,127.06513740188787,오피스텔,매매,68,높음,자치구,15950.0,11975.0,25500.0,,,,,37.5,27.8,50.4,446.208
월계3동,노원구,행정동,37.62410849414975,127.06513740188787,단독다가구,월세,282,높음,법정동,,,,500.0,,,45.0,18.0,16.0,23.1,
월계3동,노원구,행정동,37.62410849414975,127.06513740188787,아파트,월세,379,높음,해당지역,,,,2000.0,,,76.0,50.2,33.3,59.2,
월계3동,노원구,행정동,37.62410849414975,127.06513740188787,연립다세대,월세,99,높음,법정동,,,,1500.0,,,44.0,30.0,15.5,41.9,
월계3동,노원구,행정동,37.62410849414975,127.06513740188787,오피스텔,월세,22,보통,법정동,,,,1000.0,,,60.0,30.0,21.2,30.0,
월계3동,노원구,행정동,37.62410849414975,127.06513740188787,단독다가구,전세,22,보통,법정동,,,,10000.0,6375.0,12750.0,,37.5,32.2,46.4,283.088
월계3동,노원구,행정동,37.62410849414975,127.06513740188787,아파트,전세,494,높음,해당지역,,,,28000.0,22000.0,41502.5,,59.2,50.1,59.9,505.051
월계3동,노원구,행정동,37.62410849414975,127.06513740188787,연립다세대,전세,52,높음,법정동,,,,15413.0,11000.0,21100.0,,38.4,29.9,50.5,354.446
월계3동,노원구,행정동,37.62410849414975,127.06513740188787,오피스텔,전세,40,높음,자치구,,,,15700.0,12500.0,26400.0,,39.3,28.3,55.0,410.516
중계1동,노원구,행정동,37.650949457614594,127.07438184743401,단독다가구,매매,32,높음,자치구,65000.0,41875.0,78000.0,,,,,152.1,70.2,206.2,417.443
중계1동,노원구,행정동,37.650949457614594,127.07438184743401,아파트,매매,289,높음,해당지역,82000.0,60000.0,118000.0,,,,,60.0,49.7,84.9,1186.645
중계1동,노원구,행정동,37.650949457614594,127.07438184743401,연립다세대,매매,29,보통,법정동,21400.0,15000.0,30000.0,,,,,50.6,40.2,55.4,389.54
중계1동,노원구,행정동,37.650949457614594,127.07438184743401,오피스텔,매매,26,보통,법정동,27000.0,21625.0,52850.0,,,,,50.8,43.8,78.8,535.416
중계1동,노원구,행정동,37.650949457614594,127.07438184743401,단독다가구,월세,33,높음,법정동,,,,1000.0,,,45.0,23.0,16.0,34.8,
중계1동,노원구,행정동,37.650949457614594,127.07438184743401,아파트,월세,238,높음,해당지역,,,,5000.0,,,86.5,49.7,44.5,84.8,
중계1동,노원구,행정동,37.650949457614594,127.07438184743401,연립다세대,월세,46,높음,법정동,,,,10000.0,,,35.0,44.6,37.6,50.7,
중계1동,노원구,행정동,37.650949457614594,127.07438184743401,오피스텔,월세,43,높음,법정동,,,,1000.0,,,75.0,41.7,34.5,55.5,
중계1동,노원구,행정동,37.650949457614594,127.07438184743401,단독다가구,전세,14,보통,법정동,,,,14000.0,7375.0,15000.0,,47.5,32.5,86.0,306.25
중계1동,노원구,행정동,37.650949457614594,127.07438184743401,아파트,전세,317,높음,해당지역,,,,50000.0,34000.0,68000.0,,76.5,58.1,84.9,718.103
중계1동,노원구,행정동,37.650949457614594,127.07438184743401,연립다세대,전세,35,높음,법정동,,,,19000.0,11500.0,23000.0,,53.0,40.1,59.1,328.947
중계1동,노원구,행정동,37.650949457614594,127.07438184743401,오피스텔,전세,15,보통,법정동,,,,34650.0,25000.0,39000.0,,69.0,51.3,72.5,505.858
중계2.3동,노원구,행정동,37.64299067165861,127.06471589653638,단독다가구,매매,32,높음,자치구,65000.0,41875.0,78000.0,,,,,152.1,70.2,206.2,417.443
중계2.3동,노원구,행정동,37.64299067165861,127.06471589653638,아파트,매매,326,높음,해당지역,60000.0,50000.0,68275.0,,,,,49.5,40.0,59.3,1177.355
중계2.3동,노원구,행정동,37.64299067165861,127.06471589653638,연립다세대,매매,29,보통,법정동,21400.0,15000.0,30000.0,,,,,50.6,40.2,55.4,389.54
중계2.3동,노원구,행정동,37.64299067165861,127.06471589653638,오피스텔,매매,25,보통,해당지역,30000.0,22000.0,53300.0,,,,,51.3,50.4,81.0,554.997
중계2.3동,노원구,행정동,37.64299067165861,127.06471589653638,단독다가구,월세,33,높음,법정동,,,,1000.0,,,45.0,23.0,16.0,34.8,
중계2.3동,노원구,행정동,37.64299067165861,127.06471589653638,아파트,월세,236,높음,해당지역,,,,3000.0,,,85.0,49.5,39.9,49.9,
중계2.3동,노원구,행정동,37.64299067165861,127.06471589653638,연립다세대,월세,46,높음,법정동,,,,10000.0,,,35.0,44.6,37.6,50.7,
중계2.3동,노원구,행정동,37.64299067165861,127.06471589653638,오피스텔,월세,33,높음,해당지역,,,,1000.0,,,80.0,50.4,41.7,72.4,
중계2.3동,노원구,행정동,37.64299067165861,127.06471589653638,단독다가구,전세,14,보통,법정동,,,,14000.0,7375.0,15000.0,,47.5,32.5,86.0,306.25
중계2.3동,노원구,행정동,37.64299067165861,127.06471589653638,아파트,전세,337,높음,해당지역,,,,29000.0,24000.0,34000.0,,49.5,44.1,59.3,565.657
중계2.3동,노원구,행정동,37.64299067165861,127.06471589653638,연립다세대,전세,35,높음,법정동,,,,19000.0,11500.0,23000.0,,53.0,40.1,59.1,328.947
중계2.3동,노원구,행정동,37.64299067165861,127.06471589653638,오피스텔,전세,15,보통,해당지역,,,,34650.0,25000.0,39000.0,,69.0,51.3,72.5,505.858
중계4동,노원구,행정동,37.65725737773874,127.07711878669534,단독다가구,매매,32,높음,자치구,65000.0,41875.0,78000.0,,,,,152.1,70.2,206.2,417.443
중계4동,노원구,행정동,37.65725737773874,127.07711878669534,아파트,매매,158,높음,해당지역,51200.0,36650.0,69225.0,,,,,59.3,44.5,84.3,835.154
중계4동,노원구,행정동,37.65725737773874,127.07711878669534,연립다세대,매매,29,보통,법정동,21400.0,15000.0,30000.0,,,,,50.6,40.2,55.4,389.54
중계4동,노원구,행정동,37.65725737773874,127.07711878669534,오피스텔,매매,26,보통,법정동,27000.0,21625.0,52850.0,,,,,50.8,43.8,78.8,535.416
중계4동,노원구,행정동,37.65725737773874,127.07711878669534,단독다가구,월세,33,높음,법정동,,,,1000.0,,,45.0,23.0,16.0,34.8,
중계4동,노원구,행정동,37.65725737773874,127.07711878669534,아파트,월세,133,높음,해당지역,,,,3000.0,,,80.0,44.5,44.5,59.3,
중계4동,노원구,행정동,37.65725737773874,127.07711878669534,연립다세대,월세,10,보통,해당지역,,,,13000.0,,,47.5,45.5,42.6,73.1,
중계4동,노원구,행정동,37.65725737773874,127.07711878669534,오피스텔,월세,43,높음,법정동,,,,1000.0,,,75.0,41.7,34.5,55.5,
중계4동,노원구,행정동,37.65725737773874,127.07711878669534,단독다가구,전세,14,보통,법정동,,,,14000.0,7375.0,15000.0,,47.5,32.5,86.0,306.25
중계4동,노원구,행정동,37.65725737773874,127.07711878669534,아파트,전세,160,높음,해당지역,,,,31750.0,20000.0,42874.0,,59.4,44.5,77.2,518.456
중계4동,노원구,행정동,37.65725737773874,127.07711878669534,연립다세대,전세,35,높음,법정동,,,,19000.0,11500.0,23000.0,,53.0,40.1,59.1,328.947
중계4동,노원구,행정동,37.65725737773874,127.07711878669534,오피스텔,전세,15,보통,법정동,,,,34650.0,25000.0,39000.0,,69.0,51.3,72.5,505.858
중계본동,노원구,행정동,37.64869558548458,127.08108072224192,단독다가구,매매,32,높음,자치구,65000.0,41875.0,78000.0,,,,,152.1,70.2,206.2,417.443
중계본동,노원구,행정동,37.64869558548458,127.08108072224192,아파트,매매,234,높음,해당지역,62100.0,49550.0,92625.0,,,,,84.8,59.5,102.0,932.453
중계본동,노원구,행정동,37.64869558548458,127.08108072224192,연립다세대,매매,24,보통,해당지역,17050.0,13425.0,24100.0,,,,,50.7,40.4,55.3,364.257
중계본동,노원구,행정동,37.64869558548458,127.08108072224192,오피스텔,매매,26,보통,법정동,27000.0,21625.0,52850.0,,,,,50.8,43.8,78.8,535.416
중계본동,노원구,행정동,37.64869558548458,127.08108072224192,단독다가구,월세,33,높음,법정동,,,,1000.0,,,45.0,23.0,16.0,34.8,
중계본동,노원구,행정동,37.64869558548458,127.08108072224192,아파트,월세,137,높음,해당지역,,,,3000.0,,,90.0,44.1,44.1,85.0,
중계본동,노원구,행정동,37.64869558548458,127.08108072224192,연립다세대,월세,36,높음,해당지역,,,,9190.0,,,29.5,44.6,37.2,50.3,
중계본동,노원구,행정동,37.64869558548458,127.08108072224192,오피스텔,월세,43,높음,법정동,,,,1000.0,,,75.0,41.7,34.5,55.5,
중계본동,노원구,행정동,37.64869558548458,127.08108072224192,단독다가구,전세,14,보통,법정동,,,,14000.0,7375.0,15000.0,,47.5,32.5,86.0,306.25
중계본동,노원구,행정동,37.64869558548458,127.08108072224192,아파트,전세,251,높음,해당지역,,,,39600.0,23000.0,57875.0,,66.5,44.1,85.0,566.893
중계본동,노원구,행정동,37.64869558548458,127.08108072224192,연립다세대,전세,29,보통,해당지역,,,,18000.0,10200.0,22500.0,,52.7,39.4,56.2,320.513
중계본동,노원구,행정동,37.64869558548458,127.08108072224192,오피스텔,전세,15,보통,법정동,,,,34650.0,25000.0,39000.0,,69.0,51.3,72.5,505.858
하계1동,노원구,행정동,37.63697378834558,127.07120944160205,단독다가구,매매,32,높음,자치구,65000.0,41875.0,78000.0,,,,,152.1,70.2,206.2,417.443
하계1동,노원구,행정동,37.63697378834558,127.07120944160205,아파트,매매,275,높음,해당지역,60000.0,45900.0,86500.0,,,,,59.5,39.9,84.6,1092.593
하계1동,노원구,행정동,37.63697378834558,127.07120944160205,연립다세대,매매,44,높음,해당지역,43125.0,40975.0,47087.5,,,,,48.9,46.1,59.5,914.158
하계1동,노원구,행정동,37.63697378834558,127.07120944160205,오피스텔,매매,68,높음,자치구,15950.0,11975.0,25500.0,,,,,37.5,27.8,50.4,446.208
하계1동,노원구,행정동,37.63697378834558,127.07120944160205,단독다가구,월세,43,높음,법정동,,,,1000.0,,,45.0,19.8,16.8,36.2,
하계1동,노원구,행정동,37.63697378834558,127.07120944160205,아파트,월세,225,높음,해당지역,,,,5000.0,,,70.0,44.5,27.0,58.0,
하계1동,노원구,행정동,37.63697378834558,127.07120944160205,연립다세대,월세,37,높음,해당지역,,,,2000.0,,,50.0,24.3,16.1,58.2,
하계1동,노원구,행정동,37.63697378834558,127.07120944160205,오피스텔,월세,223,높음,자치구,,,,1000.0,,,60.0,29.3,23.4,36.3,
하계1동,노원구,행정동,37.63697378834558,127.07120944160205,단독다가구,전세,246,높음,자치구,,,,9000.0,6575.0,15000.0,,35.5,20.0,52.5,300.0
하계1동,노원구,행정동,37.63697378834558,127.07120944160205,아파트,전세,223,높음,해당지역,,,,35000.0,23000.0,55000.0,,59.2,39.9,84.6,588.651
하계1동,노원구,행정동,37.63697378834558,127.07120944160205,연립다세대,전세,22,보통,해당지역,,,,35000.0,11225.0,58000.0,,84.9,26.0,99.5,515.319
하계1동,노원구,행정동,37.63697378834558,127.07120944160205,오피스텔,전세,40,높음,자치구,,,,15700.0,12500.0,26400.0,,39.3,28.3,55.0,410.516
하계2동,노원구,행정동,37.6349843073578,127.06568003076698,단독다가구,매매,32,높음,자치구,65000.0,41875.0,78000.0,,,,,152.1,70.2,206.2,417.443
하계2동,노원구,행정동,37.6349843073578,127.06568003076698,아파트,매매,250,높음,해당지역,71500.0,60000.0,88500.0,,,,,59.4,49.5,84.8,1170.034
하계2동,노원구,행정동,37.6349843073578,127.06568003076698,연립다세대,매매,44,높음,법정동,43125.0,40975.0,47087.5,,,,,48.9,46.1,59.5,914.158
하계2동,노원구,행정동,37.6349843073578,127.06568003076698,오피스텔,매매,68,높음,자치구,15950.0,11975.0,25500.0,,,,,37.5,27.8,50.4,446.208
하계2동,노원구,행정동,37.6349843073578,127.06568003076698,단독다가구,월세,43,높음,법정동,,,,1000.0,,,45.0,19.8,16.8,36.2,
하계2동,노원구,행정동,37.6349843073578,127.06568003076698,아파트,월세,152,높음,해당지역,,,,4500.0,,,80.0,53.1,39.9,70.8,
하계2동,노원구,행정동,37.6349843073578,127.06568003076698,연립다세대,월세,37,높음,법정동,,,,2000.0,,,50.0,24.3,16.1,58.2,
하계2동,노원구,행정동,37.6349843073578,127.06568003076698,오피스텔,월세,223,높음,자치구,,,,1000.0,,,60.0,29.3,23.4,36.3,
하계2동,노원구,행정동,37.6349843073578,127.06568003076698,단독다가구,전세,246,높음,자치구,,,,9000.0,6575.0,15000.0,,35.5,20.0,52.5,300.0
하계2동,노원구,행정동,37.6349843073578,127.06568003076698,아파트,전세,271,높음,해당지역,,,,36000.0,26250.0,47250.0,,59.5,49.8,84.8,556.21
하계2동,노원구,행정동,37.6349843073578,127.06568003076698,연립다세대,전세,22,보통,법정동,,,,35000.0,11225.0,58000.0,,84.9,26.0,99.5,515.319
하계2동,노원구,행정동,37.6349843073578,127.06568003076698,오피스텔,전세,40,높음,자치구,,,,15700.0,12500.0,26400.0,,39.3,28.3,55.0,410.516
도봉1동,도봉구,행정동,37.67963195526812,127.04280404068433,단독다가구,매매,34,높음,자치구,57250.0,42750.0,85000.0,,,,,179.2,118.8,198.9,324.008
도봉1동,도봉구,행정동,37.67963195526812,127.04280404068433,아파트,매매,23,보통,해당지역,52900.0,42250.0,56000.0,,,,,84.9,75.3,84.9,623.38
도봉1동,도봉구,행정동,37.67963195526812,127.04280404068433,연립다세대,매매,108,높음,해당지역,16450.0,14350.0,21125.0,,,,,46.5,39.8,55.2,346.007
도봉1동,도봉구,행정동,37.67963195526812,127.04280404068433,오피스텔,매매,47,높음,법정동,21164.0,17325.0,55585.0,,,,,29.7,28.0,74.9,687.87
도봉1동,도봉구,행정동,37.67963195526812,127.04280404068433,단독다가구,월세,239,높음,법정동,,,,1000.0,,,40.0,33.2,22.8,42.5,
도봉1동,도봉구,행정동,37.67963195526812,127.04280404068433,아파트,월세,114,높음,법정동,,,,5000.0,,,80.0,84.0,49.8,84.9,
도봉1동,도봉구,행정동,37.67963195526812,127.04280404068433,연립다세대,월세,95,높음,해당지역,,,,3000.0,,,40.0,43.5,37.7,51.0,
도봉1동,도봉구,행정동,37.67963195526812,127.04280404068433,오피스텔,월세,13,보통,해당지역,,,,1000.0,,,40.0,21.1,19.7,21.8,
도봉1동,도봉구,행정동,37.67963195526812,127.04280404068433,단독다가구,전세,46,높음,법정동,,,,10500.0,7625.0,15000.0,,47.6,36.1,66.5,230.274
도봉1동,도봉구,행정동,37.67963195526812,127.04280404068433,아파트,전세,18,보통,해당지역,,,,34300.0,31250.0,39500.0,,84.9,77.7,84.9,424.513
도봉1동,도봉구,행정동,37.67963195526812,127.04280404068433,연립다세대,전세,65,높음,해당지역,,,,12000.0,8500.0,27384.0,,46.0,38.1,60.1,306.513
도봉1동,도봉구,행정동,37.67963195526812,127.04280404068433,오피스텔,전세,74,높음,법정동,,,,33075.0,15900.0,40950.0,,59.6,29.7,74.9,542.319
도봉2동,도봉구,행정동,37.681500930333215,127.04791720873992,단독다가구,매매,34,높음,자치구,57250.0,42750.0,85000.0,,,,,179.2,118.8,198.9,324.008
도봉2동,도봉구,행정동,37.681500930333215,127.04791720873992,아파트,매매,236,높음,해당지역,56250.0,36775.0,61000.0,,,,,84.5,49.8,84.9,713.281
도봉2동,도봉구,행정동,37.681500930333215,127.04791720873992,연립다세대,매매,25,보통,해당지역,22850.0,19500.0,23250.0,,,,,28.9,28.5,46.7,661.69
도봉2동,도봉구,행정동,37.681500930333215,127.04791720873992,오피스텔,매매,45,높음,해당지역,21268.0,17500.0,56000.0,,,,,29.7,29.7,74.9,687.87
도봉2동,도봉구,행정동,37.681500930333215,127.04791720873992,단독다가구,월세,239,높음,법정동,,,,1000.0,,,40.0,33.2,22.8,42.5,
도봉2동,도봉구,행정동,37.681500930333215,127.04791720873992,아파트,월세,106,높음,해당지역,,,,5000.0,,,84.5,84.0,49.8,84.9,
도봉2동,도봉구,행정동,37.681500930333215,127.04791720873992,연립다세대,월세,21,보통,해당지역,,,,2875.0,,,30.0,36.3,29.4,41.4,
도봉2동,도봉구,행정동,37.681500930333215,127.04791720873992,오피스텔,월세,164,높음,해당지역,,,,1250.0,,,77.0,29.7,19.0,29.7,
도봉2동,도봉구,행정동,37.681500930333215,127.04791720873992,단독다가구,전세,46,높음,법정동,,,,10500.0,7625.0,15000.0,,47.6,36.1,66.5,230.274
도봉2동,도봉구,행정동,37.681500930333215,127.04791720873992,아파트,전세,170,높음,해당지역,,,,35000.0,25163.5,40000.0,,84.9,59.5,84.9,447.375
도봉2동,도봉구,행정동,37.681500930333215,127.04791720873992,연립다세대,전세,73,높음,법정동,,,,12400.0,9500.0,26000.0,,46.0,38.1,55.9,308.132
도봉2동,도봉구,행정동,37.681500930333215,127.04791720873992,오피스텔,전세,71,높음,해당지역,,,,36750.0,16200.0,41975.0,,59.6,29.7,74.9,545.958
방학1동,도봉구,행정동,37.66566421790205,127.04370238423854,단독다가구,매매,34,높음,자치구,57250.0,42750.0,85000.0,,,,,179.2,118.8,198.9,324.008
방학1동,도봉구,행정동,37.66566421790205,127.04370238423854,아파트,매매,106,높음,해당지역,74300.0,63000.0,84950.0,,,,,84.9,84.8,85.0,849.615
방학1동,도봉구,행정동,37.66566421790205,127.04370238423854,연립다세대,매매,54,높음,해당지역,22000.0,14625.0,26875.0,,,,,46.4,39.9,54.6,450.13
방학1동,도봉구,행정동,37.66566421790205,127.04370238423854,오피스텔,매매,14,보통,해당지역,12250.0,11825.0,13000.0,,,,,26.4,18.5,31.0,470.387
방학1동,도봉구,행정동,37.66566421790205,127.04370238423854,단독다가구,월세,316,높음,법정동,,,,1000.0,,,40.0,38.0,30.0,55.2,
방학1동,도봉구,행정동,37.66566421790205,127.04370238423854,아파트,월세,91,높음,해당지역,,,,3000.0,,,65.0,21.5,14.8,84.8,
방학1동,도봉구,행정동,37.66566421790205,127.04370238423854,연립다세대,월세,71,높음,해당지역,,,,2000.0,,,50.0,38.7,31.6,51.8,
방학1동,도봉구,행정동,37.66566421790205,127.04370238423854,오피스텔,월세,148,높음,해당지역,,,,1000.0,,,61.5,17.9,15.8,26.4,
방학1동,도봉구,행정동,37.66566421790205,127.04370238423854,단독다가구,전세,69,높음,법정동,,,,10000.0,5450.0,13000.0,,40.0,33.0,71.5,210.021
방학1동,도봉구,행정동,37.66566421790205,127.04370238423854,아파트,전세,83,높음,해당지역,,,,47250.0,39000.0,60500.0,,84.9,84.5,118.4,554.376
방학1동,도봉구,행정동,37.66566421790205,127.04370238423854,연립다세대,전세,40,높음,해당지역,,,,12500.0,8000.0,18000.0,,41.8,35.6,52.3,292.657
방학1동,도봉구,행정동,37.66566421790205,127.04370238423854,오피스텔,전세,38,높음,해당지역,,,,13000.0,12600.0,13695.0,,17.9,15.7,17.9,766.375
방학2동,도봉구,행정동,37.667361632590016,127.03409615186683,단독다가구,매매,34,높음,자치구,57250.0,42750.0,85000.0,,,,,179.2,118.8,198.9,324.008
방학2동,도봉구,행정동,37.667361632590016,127.03409615186683,아파트,매매,363,높음,법정동,49300.0,39750.0,61000.0,,,,,84.7,59.6,85.0,659.746
방학2동,도봉구,행정동,37.667361632590016,127.03409615186683,연립다세대,매매,119,높음,해당지역,22800.0,17200.0,29700.0,,,,,46.0,36.2,55.2,472.509
방학2동,도봉구,행정동,37.667361632590016,127.03409615186683,오피스텔,매매,14,보통,법정동,12250.0,11825.0,13000.0,,,,,26.4,18.5,31.0,470.387
방학2동,도봉구,행정동,37.667361632590016,127.03409615186683,단독다가구,월세,316,높음,법정동,,,,1000.0,,,40.0,38.0,30.0,55.2,
방학2동,도봉구,행정동,37.667361632590016,127.03409615186683,아파트,월세,245,높음,법정동,,,,5000.0,,,75.0,59.9,43.4,84.8,
방학2동,도봉구,행정동,37.667361632590016,127.03409615186683,연립다세대,월세,121,높음,해당지역,,,,3000.0,,,35.0,42.5,36.7,54.6,
방학2동,도봉구,행정동,37.667361632590016,127.03409615186683,오피스텔,월세,148,높음,법정동,,,,1000.0,,,61.5,17.9,15.8,26.4,
방학2동,도봉구,행정동,37.667361632590016,127.03409615186683,단독다가구,전세,69,높음,법정동,,,,10000.0,5450.0,13000.0,,40.0,33.0,71.5,210.021
방학2동,도봉구,행정동,37.667361632590016,127.03409615186683,아파트,전세,291,높음,법정동,,,,31500.0,25000.0,43500.0,,83.5,59.5,85.0,438.293
방학2동,도봉구,행정동,37.667361632590016,127.03409615186683,연립다세대,전세,70,높음,해당지역,,,,15600.0,10175.0,20750.0,,49.1,40.0,56.1,300.529
방학2동,도봉구,행정동,37.667361632590016,127.03409615186683,오피스텔,전세,38,높음,법정동,,,,13000.0,12600.0,13695.0,,17.9,15.7,17.9,766.375
방학3동,도봉구,행정동,37.66045972577922,127.02728317051073,단독다가구,매매,34,높음,자치구,57250.0,42750.0,85000.0,,,,,179.2,118.8,198.9,324.008
방학3동,도봉구,행정동,37.66045972577922,127.02728317051073,아파트,매매,254,높음,해당지역,44900.0,37500.0,51500.0,,,,,72.0,58.8,85.0,635.481
방학3동,도봉구,행정동,37.66045972577922,127.02728317051073,연립다세대,매매,10,보통,해당지역,12750.0,11775.0,20275.0,,,,,43.5,41.4,54.6,311.009
방학3동,도봉구,행정동,37.66045972577922,127.02728317051073,오피스텔,매매,14,보통,법정동,12250.0,11825.0,13000.0,,,,,26.4,18.5,31.0,470.387
방학3동,도봉구,행정동,37.66045972577922,127.02728317051073,단독다가구,월세,316,높음,법정동,,,,1000.0,,,40.0,38.0,30.0,55.2,
방학3동,도봉구,행정동,37.66045972577922,127.02728317051073,아파트,월세,150,높음,해당지역,,,,5000.0,,,80.0,62.2,53.2,84.9,
방학3동,도봉구,행정동,37.66045972577922,127.02728317051073,연립다세대,월세,199,높음,법정동,,,,2287.0,,,42.0,41.8,34.6,54.8,
방학3동,도봉구,행정동,37.66045972577922,127.02728317051073,오피스텔,월세,148,높음,법정동,,,,1000.0,,,61.5,17.9,15.8,26.4,
방학3동,도봉구,행정동,37.66045972577922,127.02728317051073,단독다가구,전세,69,높음,법정동,,,,10000.0,5450.0,13000.0,,40.0,33.0,71.5,210.021
방학3동,도봉구,행정동,37.66045972577922,127.02728317051073,아파트,전세,207,높음,해당지역,,,,29400.0,23000.0,35000.0,,70.6,53.2,84.9,424.809
방학3동,도봉구,행정동,37.66045972577922,127.02728317051073,연립다세대,전세,115,높음,법정동,,,,14000.0,8912.5,18800.0,,46.2,38.7,55.2,286.67
방학3동,도봉구,행정동,37.66045972577922,127.02728317051073,오피스텔,전세,38,높음,법정동,,,,13000.0,12600.0,13695.0,,17.9,15.7,17.9,766.375
쌍문1동,도봉구,행정동,37.65384781583179,127.01949027383134,단독다가구,매매,34,높음,자치구,57250.0,42750.0,85000.0,,,,,179.2,118.8,198.9,324.008
쌍문1동,도봉구,행정동,37.65384781583179,127.01949027383134,아파트,매매,41,높음,해당지역,50500.0,41900.0,71000.0,,,,,84.8,65.4,85.0,770.788
쌍문1동,도봉구,행정동,37.65384781583179,127.01949027383134,연립다세대,매매,98,높음,해당지역,23800.0,17000.0,31500.0,,,,,46.8,39.3,54.7,481.115
쌍문1동,도봉구,행정동,37.65384781583179,127.01949027383134,오피스텔,매매,220,높음,자치구,31850.0,17500.0,48549.2,,,,,42.9,29.7,61.0,651.578
쌍문1동,도봉구,행정동,37.65384781583179,127.01949027383134,단독다가구,월세,347,높음,법정동,,,,500.0,,,45.0,30.0,19.8,45.0,
쌍문1동,도봉구,행정동,37.65384781583179,127.01949027383134,아파트,월세,56,높음,해당지역,,,,200.0,,,44.0,30.0,23.2,59.9,
쌍문1동,도봉구,행정동,37.65384781583179,127.01949027383134,연립다세대,월세,119,높음,해당지역,,,,5000.0,,,35.0,44.8,38.0,51.1,
쌍문1동,도봉구,행정동,37.65384781583179,127.01949027383134,오피스텔,월세,703,높음,자치구,,,,2000.0,,,64.0,29.7,24.7,33.6,
쌍문1동,도봉구,행정동,37.65384781583179,127.01949027383134,단독다가구,전세,52,높음,법정동,,,,9350.0,6000.0,13708.2,,40.5,29.7,59.9,225.214
쌍문1동,도봉구,행정동,37.65384781583179,127.01949027383134,아파트,전세,26,보통,해당지역,,,,43650.0,35000.0,54375.0,,84.8,84.4,84.9,531.567
쌍문1동,도봉구,행정동,37.65384781583179,127.01949027383134,연립다세대,전세,57,높음,해당지역,,,,12240.0,8000.0,19700.0,,40.4,34.0,52.2,276.625
쌍문1동,도봉구,행정동,37.65384781583179,127.01949027383134,오피스텔,전세,221,높음,자치구,,,,20500.0,13700.0,30240.0,,29.9,28.0,61.0,582.99
쌍문2동,도봉구,행정동,37.65700727799238,127.03604470661377,단독다가구,매매,34,높음,자치구,57250.0,42750.0,85000.0,,,,,179.2,118.8,198.9,324.008
쌍문2동,도봉구,행정동,37.65700727799238,127.03604470661377,아파트,매매,78,높음,해당지역,41900.0,32850.0,49375.0,,,,,58.8,45.0,80.0,688.782
쌍문2동,도봉구,행정동,37.65700727799238,127.03604470661377,연립다세대,매매,51,높음,해당지역,25000.0,21000.0,31750.0,,,,,51.2,44.2,58.2,505.391
쌍문2동,도봉구,행정동,37.65700727799238,127.03604470661377,오피스텔,매매,220,높음,자치구,31850.0,17500.0,48549.2,,,,,42.9,29.7,61.0,651.578
쌍문2동,도봉구,행정동,37.65700727799238,127.03604470661377,단독다가구,월세,347,높음,법정동,,,,500.0,,,45.0,30.0,19.8,45.0,
쌍문2동,도봉구,행정동,37.65700727799238,127.03604470661377,아파트,월세,63,높음,해당지역,,,,5000.0,,,75.0,55.5,42.9,61.0,
쌍문2동,도봉구,행정동,37.65700727799238,127.03604470661377,연립다세대,월세,65,높음,해당지역,,,,3500.0,,,42.0,42.3,29.9,50.9,
쌍문2동,도봉구,행정동,37.65700727799238,127.03604470661377,오피스텔,월세,703,높음,자치구,,,,2000.0,,,64.0,29.7,24.7,33.6,
쌍문2동,도봉구,행정동,37.65700727799238,127.03604470661377,단독다가구,전세,52,높음,법정동,,,,9350.0,6000.0,13708.2,,40.5,29.7,59.9,225.214
쌍문2동,도봉구,행정동,37.65700727799238,127.03604470661377,아파트,전세,78,높음,해당지역,,,,22000.0,18525.0,31125.0,,58.8,42.9,71.2,443.829
쌍문2동,도봉구,행정동,37.65700727799238,127.03604470661377,연립다세대,전세,39,높음,해당지역,,,,16000.0,11700.0,21005.0,,49.0,41.0,55.1,318.535
쌍문2동,도봉구,행정동,37.65700727799238,127.03604470661377,오피스텔,전세,221,높음,자치구,,,,20500.0,13700.0,30240.0,,29.9,28.0,61.0,582.99
쌍문3동,도봉구,행정동,37.64775998577973,127.03055191377106,단독다가구,매매,34,높음,자치구,57250.0,42750.0,85000.0,,,,,179.2,118.8,198.9,324.008
쌍문3동,도봉구,행정동,37.64775998577973,127.03055191377106,아파트,매매,63,높음,해당지역,59700.0,48800.0,65000.0,,,,,60.0,59.4,74.0,864.955
쌍문3동,도봉구,행정동,37.64775998577973,127.03055191377106,연립다세대,매매,45,높음,해당지역,30500.0,18800.0,36750.0,,,,,45.7,37.4,55.1,656.716
쌍문3동,도봉구,행정동,37.64775998577973,127.03055191377106,오피스텔,매매,220,높음,자치구,31850.0,17500.0,48549.2,,,,,42.9,29.7,61.0,651.578
쌍문3동,도봉구,행정동,37.64775998577973,127.03055191377106,단독다가구,월세,347,높음,법정동,,,,500.0,,,45.0,30.0,19.8,45.0,
쌍문3동,도봉구,행정동,37.64775998577973,127.03055191377106,아파트,월세,14,보통,해당지역,,,,4852.0,,,34.0,50.6,20.7,66.3,
쌍문3동,도봉구,행정동,37.64775998577973,127.03055191377106,연립다세대,월세,23,보통,해당지역,,,,10000.0,,,30.0,41.7,25.5,50.1,
쌍문3동,도봉구,행정동,37.64775998577973,127.03055191377106,오피스텔,월세,703,높음,자치구,,,,2000.0,,,64.0,29.7,24.7,33.6,
쌍문3동,도봉구,행정동,37.64775998577973,127.03055191377106,단독다가구,전세,52,높음,법정동,,,,9350.0,6000.0,13708.2,,40.5,29.7,59.9,225.214
쌍문3동,도봉구,행정동,37.64775998577973,127.03055191377106,아파트,전세,13,보통,해당지역,,,,41000.0,34000.0,46000.0,,68.9,60.0,72.7,583.44
쌍문3동,도봉구,행정동,37.64775998577973,127.03055191377106,연립다세대,전세,114,높음,법정동,,,,15000.0,10000.0,20150.0,,45.7,37.0,53.9,293.536
쌍문3동,도봉구,행정동,37.64775998577973,127.03055191377106,오피스텔,전세,221,높음,자치구,,,,20500.0,13700.0,30240.0,,29.9,28.0,61.0,582.99
쌍문4동,도봉구,행정동,37.65651151053556,127.0312976922275,단독다가구,매매,34,높음,자치구,57250.0,42750.0,85000.0,,,,,179.2,118.8,198.9,324.008
쌍문4동,도봉구,행정동,37.65651151053556,127.0312976922275,아파트,매매,179,높음,해당지역,50000.0,38250.0,54500.0,,,,,76.9,54.5,84.7,665.802
쌍문4동,도봉구,행정동,37.65651151053556,127.0312976922275,연립다세대,매매,19,보통,해당지역,20700.0,15625.0,43500.0,,,,,51.0,42.3,59.8,494.658
쌍문4동,도봉구,행정동,37.65651151053556,127.0312976922275,오피스텔,매매,220,높음,자치구,31850.0,17500.0,48549.2,,,,,42.9,29.7,61.0,651.578
쌍문4동,도봉구,행정동,37.65651151053556,127.0312976922275,단독다가구,월세,347,높음,법정동,,,,500.0,,,45.0,30.0,19.8,45.0,
쌍문4동,도봉구,행정동,37.65651151053556,127.0312976922275,아파트,월세,140,높음,해당지역,,,,3000.0,,,70.0,49.0,35.1,83.9,
쌍문4동,도봉구,행정동,37.65651151053556,127.0312976922275,연립다세대,월세,42,높음,해당지역,,,,4347.5,,,19.0,39.5,33.4,44.9,
쌍문4동,도봉구,행정동,37.65651151053556,127.0312976922275,오피스텔,월세,703,높음,자치구,,,,2000.0,,,64.0,29.7,24.7,33.6,
쌍문4동,도봉구,행정동,37.65651151053556,127.0312976922275,단독다가구,전세,52,높음,법정동,,,,9350.0,6000.0,13708.2,,40.5,29.7,59.9,225.214
쌍문4동,도봉구,행정동,37.65651151053556,127.0312976922275,아파트,전세,157,높음,해당지역,,,,33000.0,25000.0,38000.0,,76.9,59.7,84.7,465.061
쌍문4동,도봉구,행정동,37.65651151053556,127.0312976922275,연립다세대,전세,13,보통,해당지역,,,,15000.0,10000.0,17000.0,,48.9,42.5,57.0,304.611
쌍문4동,도봉구,행정동,37.65651151053556,127.0312976922275,오피스텔,전세,221,높음,자치구,,,,20500.0,13700.0,30240.0,,29.9,28.0,61.0,582.99
창1동,도봉구,행정동,37.6483988084421,127.04351897889441,단독다가구,매매,34,높음,자치구,57250.0,42750.0,85000.0,,,,,179.2,118.8,198.9,324.008
창1동,도봉구,행정동,37.6483988084421,127.04351897889441,아파트,매매,224,높음,해당지역,66000.0,45750.0,78075.0,,,,,58.0,41.3,66.6,1101.685
창1동,도봉구,행정동,37.6483988084421,127.04351897889441,연립다세대,매매,28,보통,해당지역,29300.0,21625.0,56750.0,,,,,59.7,42.8,77.7,516.01
창1동,도봉구,행정동,37.6483988084421,127.04351897889441,오피스텔,매매,153,높음,법정동,33200.0,19300.0,48024.0,,,,,45.7,33.6,61.0,666.439
창1동,도봉구,행정동,37.6483988084421,127.04351897889441,단독다가구,월세,356,높음,법정동,,,,1000.0,,,45.0,36.4,27.5,50.3,
창1동,도봉구,행정동,37.6483988084421,127.04351897889441,아파트,월세,242,높음,해당지역,,,,3000.0,,,71.5,46.8,36.2,59.4,
창1동,도봉구,행정동,37.6483988084421,127.04351897889441,연립다세대,월세,39,높음,해당지역,,,,1000.0,,,50.0,29.4,15.4,41.1,
창1동,도봉구,행정동,37.6483988084421,127.04351897889441,오피스텔,월세,36,높음,해당지역,,,,500.0,,,65.0,33.6,30.8,33.6,
창1동,도봉구,행정동,37.6483988084421,127.04351897889441,단독다가구,전세,77,높음,법정동,,,,9300.0,6000.0,14000.0,,42.0,32.0,63.7,225.056
창1동,도봉구,행정동,37.6483988084421,127.04351897889441,아파트,전세,256,높음,해당지역,,,,27300.0,20000.0,35000.0,,49.9,41.3,66.5,500.257
창1동,도봉구,행정동,37.6483988084421,127.04351897889441,연립다세대,전세,187,높음,법정동,,,,16000.0,12000.0,20600.0,,39.2,31.8,51.5,346.42
창1동,도봉구,행정동,37.6483988084421,127.04351897889441,오피스텔,전세,107,높음,법정동,,,,23000.0,17650.0,28900.0,,41.2,29.2,60.4,582.99
창2동,도봉구,행정동,37.643169865396814,127.0365918220267,단독다가구,매매,34,높음,자치구,57250.0,42750.0,85000.0,,,,,179.2,118.8,198.9,324.008
창2동,도봉구,행정동,37.643169865396814,127.0365918220267,아파트,매매,74,높음,해당지역,67600.0,59350.0,74250.0,,,,,84.9,59.9,85.0,885.944
창2동,도봉구,행정동,37.643169865396814,127.0365918220267,연립다세대,매매,130,높음,해당지역,23000.0,18092.5,26162.5,,,,,42.6,29.9,52.1,539.06
창2동,도봉구,행정동,37.643169865396814,127.0365918220267,오피스텔,매매,74,높음,해당지역,33350.0,30100.0,55981.0,,,,,61.0,60.0,68.6,670.711
창2동,도봉구,행정동,37.643169865396814,127.0365918220267,단독다가구,월세,356,높음,법정동,,,,1000.0,,,45.0,36.4,27.5,50.3,
창2동,도봉구,행정동,37.643169865396814,127.0365918220267,아파트,월세,26,보통,해당지역,,,,17500.0,,,90.0,59.9,59.9,85.0,
창2동,도봉구,행정동,37.643169865396814,127.0365918220267,연립다세대,월세,97,높음,해당지역,,,,5000.0,,,50.0,41.5,33.3,49.5,
창2동,도봉구,행정동,37.643169865396814,127.0365918220267,오피스텔,월세,141,높음,해당지역,,,,3000.0,,,70.0,34.9,29.9,61.0,
창2동,도봉구,행정동,37.643169865396814,127.0365918220267,단독다가구,전세,77,높음,법정동,,,,9300.0,6000.0,14000.0,,42.0,32.0,63.7,225.056
창2동,도봉구,행정동,37.643169865396814,127.0365918220267,아파트,전세,35,높음,해당지역,,,,47000.0,40975.0,52250.0,,85.0,84.8,85.0,582.387
창2동,도봉구,행정동,37.643169865396814,127.0365918220267,연립다세대,전세,97,높음,해당지역,,,,15000.0,11500.0,20500.0,,41.8,33.1,53.4,326.877
창2동,도봉구,행정동,37.643169865396814,127.0365918220267,오피스텔,전세,65,높음,해당지역,,,,27000.0,23000.0,29700.0,,47.5,29.9,61.6,564.095
창3동,도봉구,행정동,37.63682531692011,127.04109225202785,단독다가구,매매,34,높음,자치구,57250.0,42750.0,85000.0,,,,,179.2,118.8,198.9,324.008
창3동,도봉구,행정동,37.63682531692011,127.04109225202785,아파트,매매,38,높음,해당지역,42350.0,35125.0,51750.0,,,,,59.4,49.8,78.3,701.178
창3동,도봉구,행정동,37.63682531692011,127.04109225202785,연립다세대,매매,31,높음,해당지역,24000.0,20000.0,30950.0,,,,,45.1,32.8,50.3,580.309
창3동,도봉구,행정동,37.63682531692011,127.04109225202785,오피스텔,매매,153,높음,법정동,33200.0,19300.0,48024.0,,,,,45.7,33.6,61.0,666.439
창3동,도봉구,행정동,37.63682531692011,127.04109225202785,단독다가구,월세,356,높음,법정동,,,,1000.0,,,45.0,36.4,27.5,50.3,
창3동,도봉구,행정동,37.63682531692011,127.04109225202785,아파트,월세,13,보통,해당지역,,,,3000.0,,,70.0,59.8,49.8,69.5,
창3동,도봉구,행정동,37.63682531692011,127.04109225202785,연립다세대,월세,36,높음,해당지역,,,,2000.0,,,44.0,45.2,32.5,50.1,
창3동,도봉구,행정동,37.63682531692011,127.04109225202785,오피스텔,월세,374,높음,법정동,,,,3000.0,,,65.0,29.9,28.8,41.2,
창3동,도봉구,행정동,37.63682531692011,127.04109225202785,단독다가구,전세,77,높음,법정동,,,,9300.0,6000.0,14000.0,,42.0,32.0,63.7,225.056
창3동,도봉구,행정동,37.63682531692011,127.04109225202785,아파트,전세,24,보통,해당지역,,,,28000.0,23250.0,36250.0,,59.4,56.2,84.7,470.594
창3동,도봉구,행정동,37.63682531692011,127.04109225202785,연립다세대,전세,30,높음,해당지역,,,,17750.0,12983.5,20000.0,,37.3,29.2,46.4,401.356
창3동,도봉구,행정동,37.63682531692011,127.04109225202785,오피스텔,전세,107,높음,법정동,,,,23000.0,17650.0,28900.0,,41.2,29.2,60.4,582.99
창4동,도봉구,행정동,37.65091226200383,127.0506635903173,단독다가구,매매,34,높음,자치구,57250.0,42750.0,85000.0,,,,,179.2,118.8,198.9,324.008
창4동,도봉구,행정동,37.65091226200383,127.0506635903173,아파트,매매,344,높음,해당지역,68000.0,34725.0,89500.0,,,,,59.8,36.3,84.5,1036.579
창4동,도봉구,행정동,37.65091226200383,127.0506635903173,연립다세대,매매,258,높음,법정동,23945.0,19325.0,31100.0,,,,,43.6,33.2,53.1,575.303
창4동,도봉구,행정동,37.65091226200383,127.0506635903173,오피스텔,매매,48,높음,해당지역,45775.0,43205.5,46685.0,,,,,42.9,40.8,42.9,1068.012
창4동,도봉구,행정동,37.65091226200383,127.0506635903173,단독다가구,월세,356,높음,법정동,,,,1000.0,,,45.0,36.4,27.5,50.3,
창4동,도봉구,행정동,37.65091226200383,127.0506635903173,아파트,월세,259,높음,해당지역,,,,3000.0,,,70.0,45.6,36.2,59.9,
창4동,도봉구,행정동,37.65091226200383,127.0506635903173,연립다세대,월세,245,높음,법정동,,,,5000.0,,,46.0,37.7,29.6,47.6,
창4동,도봉구,행정동,37.65091226200383,127.0506635903173,오피스텔,월세,97,높음,해당지역,,,,5000.0,,,61.0,26.8,26.8,29.9,
창4동,도봉구,행정동,37.65091226200383,127.0506635903173,단독다가구,전세,77,높음,법정동,,,,9300.0,6000.0,14000.0,,42.0,32.0,63.7,225.056
창4동,도봉구,행정동,37.65091226200383,127.0506635903173,아파트,전세,350,높음,해당지역,,,,32750.0,19950.0,42000.0,,59.8,41.3,84.5,505.598
창4동,도봉구,행정동,37.65091226200383,127.0506635903173,연립다세대,전세,187,높음,법정동,,,,16000.0,12000.0,20600.0,,39.2,31.8,51.5,346.42
창4동,도봉구,행정동,37.65091226200383,127.0506635903173,오피스텔,전세,107,높음,법정동,,,,23000.0,17650.0,28900.0,,41.2,29.2,60.4,582.99
창5동,도봉구,행정동,37.65537038185076,127.04264798228921,단독다가구,매매,34,높음,자치구,57250.0,42750.0,85000.0,,,,,179.2,118.8,198.9,324.008
창5동,도봉구,행정동,37.65537038185076,127.04264798228921,아파트,매매,215,높음,해당지역,62000.0,51500.0,89200.0,,,,,59.9,45.9,84.9,1057.269
창5동,도봉구,행정동,37.65537038185076,127.04264798228921,연립다세대,매매,69,높음,해당지역,23890.0,19910.0,35850.0,,,,,41.4,34.9,52.0,654.521
창5동,도봉구,행정동,37.65537038185076,127.04264798228921,오피스텔,매매,22,보통,해당지역,18050.0,15400.0,19000.0,,,,,29.2,29.2,32.8,573.498
창5동,도봉구,행정동,37.65537038185076,127.04264798228921,단독다가구,월세,356,높음,법정동,,,,1000.0,,,45.0,36.4,27.5,50.3,
창5동,도봉구,행정동,37.65537038185076,127.04264798228921,아파트,월세,138,높음,해당지역,,,,5000.0,,,78.5,47.9,41.3,84.4,
창5동,도봉구,행정동,37.65537038185076,127.04264798228921,연립다세대,월세,71,높음,해당지역,,,,8000.0,,,40.0,35.2,29.4,42.6,
창5동,도봉구,행정동,37.65537038185076,127.04264798228921,오피스텔,월세,100,높음,해당지역,,,,1000.0,,,70.0,29.2,29.2,32.9,
창5동,도봉구,행정동,37.65537038185076,127.04264798228921,단독다가구,전세,77,높음,법정동,,,,9300.0,6000.0,14000.0,,42.0,32.0,63.7,225.056
창5동,도봉구,행정동,37.65537038185076,127.04264798228921,아파트,전세,216,높음,해당지역,,,,33000.0,24000.0,53000.0,,59.6,45.9,85.0,546.168
창5동,도봉구,행정동,37.65537038185076,127.04264798228921,연립다세대,전세,49,높음,해당지역,,,,16000.0,12000.0,22000.0,,36.8,33.1,43.2,364.642
창5동,도봉구,행정동,37.65537038185076,127.04264798228921,오피스텔,전세,36,높음,해당지역,,,,17650.0,17100.0,18655.0,,29.2,29.1,30.2,589.849
답십리1동,동대문구,행정동,37.57017373779915,127.0516972430627,단독다가구,매매,20,보통,법정동,69000.0,40562.5,85000.0,,,,,92.8,48.0,152.1,660.093
답십리1동,동대문구,행정동,37.57017373779915,127.0516972430627,아파트,매매,203,높음,해당지역,140000.0,85335.5,162000.0,,,,,60.0,59.7,85.0,1798.862
답십리1동,동대문구,행정동,37.57017373779915,127.0516972430627,연립다세대,매매,31,높음,해당지역,45000.0,38150.0,48400.0,,,,,30.0,28.3,52.9,1314.459
답십리1동,동대문구,행정동,37.57017373779915,127.0516972430627,오피스텔,매매,36,높음,해당지역,14600.0,12500.0,20075.0,,,,,23.8,20.2,41.9,604.941
답십리1동,동대문구,행정동,37.57017373779915,127.0516972430627,단독다가구,월세,200,높음,법정동,,,,1000.0,,,50.0,36.2,29.0,48.0,
답십리1동,동대문구,행정동,37.57017373779915,127.0516972430627,아파트,월세,335,높음,해당지역,,,,10000.0,,,63.0,40.6,18.9,60.0,
답십리1동,동대문구,행정동,37.57017373779915,127.0516972430627,연립다세대,월세,50,높음,해당지역,,,,23250.0,,,25.0,29.4,27.5,30.0,
답십리1동,동대문구,행정동,37.57017373779915,127.0516972430627,오피스텔,월세,436,높음,해당지역,,,,2000.0,,,60.0,23.8,20.2,55.9,
답십리1동,동대문구,행정동,37.57017373779915,127.0516972430627,단독다가구,전세,80,높음,법정동,,,,13000.0,9875.0,18000.0,,40.7,32.9,56.6,338.516
답십리1동,동대문구,행정동,37.57017373779915,127.0516972430627,아파트,전세,267,높음,해당지역,,,,68000.0,60975.0,75000.0,,74.0,60.0,85.0,910.607
답십리1동,동대문구,행정동,37.57017373779915,127.0516972430627,연립다세대,전세,58,높음,해당지역,,,,25000.0,21475.0,26000.0,,29.2,27.1,30.0,850.32
답십리1동,동대문구,행정동,37.57017373779915,127.0516972430627,오피스텔,전세,42,높음,해당지역,,,,24650.0,17000.0,46987.5,,23.0,16.2,59.8,935.439
답십리2동,동대문구,행정동,37.56963593745239,127.05970658262541,단독다가구,매매,20,보통,법정동,69000.0,40562.5,85000.0,,,,,92.8,48.0,152.1,660.093
답십리2동,동대문구,행정동,37.56963593745239,127.05970658262541,아파트,매매,234,높음,해당지역,93500.0,72000.0,108500.0,,,,,76.4,59.9,84.9,1128.35
답십리2동,동대문구,행정동,37.56963593745239,127.05970658262541,연립다세대,매매,17,보통,해당지역,32000.0,30000.0,42000.0,,,,,51.4,50.0,54.9,584.112
답십리2동,동대문구,행정동,37.56963593745239,127.05970658262541,오피스텔,매매,25,보통,해당지역,17700.0,14900.0,25500.0,,,,,29.9,27.6,31.9,790.425
답십리2동,동대문구,행정동,37.56963593745239,127.05970658262541,단독다가구,월세,200,높음,법정동,,,,1000.0,,,50.0,36.2,29.0,48.0,
답십리2동,동대문구,행정동,37.56963593745239,127.05970658262541,아파트,월세,126,높음,해당지역,,,,10000.0,,,90.0,59.7,33.0,59.9,
답십리2동,동대문구,행정동,37.56963593745239,127.05970658262541,연립다세대,월세,11,보통,해당지역,,,,5500.0,,,50.0,38.4,29.3,52.5,
답십리2동,동대문구,행정동,37.56963593745239,127.05970658262541,오피스텔,월세,70,높음,해당지역,,,,2000.0,,,71.0,29.3,22.1,29.9,
답십리2동,동대문구,행정동,37.56963593745239,127.05970658262541,단독다가구,전세,80,높음,법정동,,,,13000.0,9875.0,18000.0,,40.7,32.9,56.6,338.516
답십리2동,동대문구,행정동,37.56963593745239,127.05970658262541,아파트,전세,208,높음,해당지역,,,,48750.0,40000.0,58850.0,,59.9,59.7,84.8,685.889
답십리2동,동대문구,행정동,37.56963593745239,127.05970658262541,연립다세대,전세,27,보통,해당지역,,,,24000.0,23000.0,25750.0,,29.8,29.3,49.4,788.062
답십리2동,동대문구,행정동,37.56963593745239,127.05970658262541,오피스텔,전세,13,보통,해당지역,,,,24150.0,17000.0,25500.0,,31.9,29.9,35.1,768.574
신설동,동대문구,행정동,37.57347775488174,127.02812574653278,단독다가구,매매,11,보통,법정동,100000.0,57650.0,129250.0,,,,,71.2,54.0,231.0,637.894
신설동,동대문구,행정동,37.57347775488174,127.02812574653278,아파트,매매,73,높음,해당지역,105000.0,82500.0,153000.0,,,,,60.0,58.6,84.6,1698.781
신설동,동대문구,행정동,37.57347775488174,127.02812574653278,연립다세대,매매,18,보통,해당지역,38000.0,34250.0,48750.0,,,,,34.7,29.7,38.9,1200.694
신설동,동대문구,행정동,37.57347775488174,127.02812574653278,오피스텔,매매,51,높음,해당지역,15900.0,14600.0,17650.0,,,,,27.6,18.4,28.9,628.753
신설동,동대문구,행정동,37.57347775488174,127.02812574653278,단독다가구,월세,31,높음,해당지역,,,,1000.0,,,50.0,19.0,18.0,28.0,
신설동,동대문구,행정동,37.57347775488174,127.02812574653278,아파트,월세,228,높음,해당지역,,,,10000.0,,,53.0,40.6,19.9,60.0,
신설동,동대문구,행정동,37.57347775488174,127.02812574653278,연립다세대,월세,32,높음,해당지역,,,,7000.0,,,54.5,29.7,26.1,38.2,
신설동,동대문구,행정동,37.57347775488174,127.02812574653278,오피스텔,월세,416,높음,해당지역,,,,1000.0,,,70.0,19.8,17.8,28.3,
신설동,동대문구,행정동,37.57347775488174,127.02812574653278,단독다가구,전세,44,높음,법정동,,,,15000.0,10000.0,22125.0,,39.6,21.4,54.1,390.1
신설동,동대문구,행정동,37.57347775488174,127.02812574653278,아파트,전세,112,높음,해당지역,,,,71925.0,58000.0,78175.0,,60.0,59.9,75.0,1093.625
신설동,동대문구,행정동,37.57347775488174,127.02812574653278,연립다세대,전세,35,높음,해당지역,,,,26000.0,24500.0,29750.0,,29.0,27.2,33.9,905.433
신설동,동대문구,행정동,37.57347775488174,127.02812574653278,오피스텔,전세,91,높음,해당지역,,,,17000.0,16000.0,19500.0,,17.8,17.1,18.7,935.829
용두동,동대문구,행정동,37.57707619842312,127.03624641145953,단독다가구,매매,11,보통,법정동,100000.0,57650.0,129250.0,,,,,71.2,54.0,231.0,637.894
용두동,동대문구,행정동,37.57707619842312,127.03624641145953,아파트,매매,113,높음,해당지역,134500.0,43200.0,153000.0,,,,,84.9,30.4,85.0,1631.957
용두동,동대문구,행정동,37.57707619842312,127.03624641145953,연립다세대,매매,44,높음,해당지역,56000.0,49000.0,60000.0,,,,,26.8,24.5,35.8,2066.38
용두동,동대문구,행정동,37.57707619842312,127.03624641145953,오피스텔,매매,46,높음,해당지역,17885.0,16825.0,19800.0,,,,,24.0,23.5,36.0,732.85
용두동,동대문구,행정동,37.57707619842312,127.03624641145953,단독다가구,월세,353,높음,법정동,,,,1000.0,,,50.0,21.4,18.4,38.0,
용두동,동대문구,행정동,37.57707619842312,127.03624641145953,아파트,월세,190,높음,해당지역,,,,9100.0,,,106.0,48.8,30.1,85.0,
용두동,동대문구,행정동,37.57707619842312,127.03624641145953,연립다세대,월세,69,높음,해당지역,,,,3000.0,,,47.0,25.4,15.8,31.2,
용두동,동대문구,행정동,37.57707619842312,127.03624641145953,오피스텔,월세,325,높음,해당지역,,,,1000.0,,,75.0,23.5,23.5,30.5,
용두동,동대문구,행정동,37.57707619842312,127.03624641145953,단독다가구,전세,44,높음,법정동,,,,15000.0,10000.0,22125.0,,39.6,21.4,54.1,390.1
용두동,동대문구,행정동,37.57707619842312,127.03624641145953,아파트,전세,122,높음,해당지역,,,,64000.0,32682.0,75000.0,,84.7,44.2,85.0,883.325
용두동,동대문구,행정동,37.57707619842312,127.03624641145953,연립다세대,전세,99,높음,해당지역,,,,25000.0,17500.0,28000.0,,26.8,21.3,28.3,908.479
용두동,동대문구,행정동,37.57707619842312,127.03624641145953,오피스텔,전세,54,높음,해당지역,,,,21850.0,15812.5,28000.0,,29.2,22.9,33.9,823.045
이문1동,동대문구,행정동,37.59780485296826,127.06156412105544,단독다가구,매매,21,보통,법정동,85000.0,77000.0,103000.0,,,,,89.7,54.6,141.4,667.997
이문1동,동대문구,행정동,37.59780485296826,127.06156412105544,아파트,매매,70,높음,해당지역,92750.0,84625.0,102500.0,,,,,85.0,60.0,114.1,1032.936
이문1동,동대문구,행정동,37.59780485296826,127.06156412105544,연립다세대,매매,17,보통,해당지역,78420.0,72000.0,79326.0,,,,,80.4,77.8,83.8,982.609
이문1동,동대문구,행정동,37.59780485296826,127.06156412105544,오피스텔,매매,322,높음,자치구,17950.0,14325.0,25000.0,,,,,27.6,21.1,34.4,724.483
이문1동,동대문구,행정동,37.59780485296826,127.06156412105544,단독다가구,월세,702,높음,법정동,,,,500.0,,,53.0,20.8,18.0,30.0,
이문1동,동대문구,행정동,37.59780485296826,127.06156412105544,아파트,월세,383,높음,해당지역,,,,4080.0,,,30.0,44.0,33.8,60.0,
이문1동,동대문구,행정동,37.59780485296826,127.06156412105544,연립다세대,월세,82,높음,해당지역,,,,1000.0,,,60.0,26.3,14.8,37.0,
이문1동,동대문구,행정동,37.59780485296826,127.06156412105544,오피스텔,월세,73,높음,해당지역,,,,1000.0,,,66.0,21.4,18.0,22.1,
이문1동,동대문구,행정동,37.59780485296826,127.06156412105544,단독다가구,전세,60,높음,법정동,,,,12500.0,8000.0,15250.0,,35.3,24.0,47.7,336.646
이문1동,동대문구,행정동,37.59780485296826,127.06156412105544,아파트,전세,257,높음,해당지역,,,,60000.0,32214.0,70000.0,,60.0,41.6,84.9,942.063
이문1동,동대문구,행정동,37.59780485296826,127.06156412105544,연립다세대,전세,19,보통,해당지역,,,,10000.0,8000.0,25000.0,,29.8,19.4,66.1,398.406
이문1동,동대문구,행정동,37.59780485296826,127.06156412105544,오피스텔,전세,17,보통,해당지역,,,,13000.0,8800.0,13125.0,,21.5,17.2,23.8,718.184
이문2동,동대문구,행정동,37.60241725534277,127.06541641266993,단독다가구,매매,21,보통,법정동,85000.0,77000.0,103000.0,,,,,89.7,54.6,141.4,667.997
이문2동,동대문구,행정동,37.60241725534277,127.06541641266993,아파트,매매,116,높음,해당지역,97000.0,90000.0,105125.0,,,,,84.6,60.0,85.0,1259.626
이문2동,동대문구,행정동,37.60241725534277,127.06541641266993,연립다세대,매매,24,보통,법정동,73089.0,39250.0,79275.8,,,,,79.1,49.7,80.7,982.619
이문2동,동대문구,행정동,37.60241725534277,127.06541641266993,오피스텔,매매,322,높음,자치구,17950.0,14325.0,25000.0,,,,,27.6,21.1,34.4,724.483
이문2동,동대문구,행정동,37.60241725534277,127.06541641266993,단독다가구,월세,702,높음,법정동,,,,500.0,,,53.0,20.8,18.0,30.0,
이문2동,동대문구,행정동,37.60241725534277,127.06541641266993,아파트,월세,71,높음,해당지역,,,,10000.0,,,100.0,60.0,59.9,84.9,
이문2동,동대문구,행정동,37.60241725534277,127.06541641266993,연립다세대,월세,25,보통,해당지역,,,,3000.0,,,60.0,30.0,14.5,42.6,
이문2동,동대문구,행정동,37.60241725534277,127.06541641266993,오피스텔,월세,57,높음,해당지역,,,,1000.0,,,55.0,17.4,17.2,20.5,
이문2동,동대문구,행정동,37.60241725534277,127.06541641266993,단독다가구,전세,60,높음,법정동,,,,12500.0,8000.0,15250.0,,35.3,24.0,47.7,336.646
이문2동,동대문구,행정동,37.60241725534277,127.06541641266993,아파트,전세,104,높음,해당지역,,,,47125.0,42000.0,52000.0,,84.3,60.0,84.9,641.002
이문2동,동대문구,행정동,37.60241725534277,127.06541641266993,연립다세대,전세,26,보통,법정동,,,,10500.0,8000.0,21750.0,,29.6,16.4,62.6,480.67
이문2동,동대문구,행정동,37.60241725534277,127.06541641266993,오피스텔,전세,17,보통,해당지역,,,,14000.0,11000.0,14900.0,,17.6,17.4,23.5,623.583
장안1동,동대문구,행정동,37.566320136007725,127.06811494946913,단독다가구,매매,189,높음,자치구,98000.0,71000.0,123000.0,,,,,114.1,54.8,181.7,808.005
장안1동,동대문구,행정동,37.566320136007725,127.06811494946913,아파트,매매,221,높음,해당지역,79000.0,57000.0,115000.0,,,,,84.7,59.8,84.9,972.858
장안1동,동대문구,행정동,37.566320136007725,127.06811494946913,연립다세대,매매,101,높음,해당지역,40500.0,34800.0,50200.0,,,,,46.7,34.1,56.8,921.117
장안1동,동대문구,행정동,37.566320136007725,127.06811494946913,오피스텔,매매,63,높음,해당지역,15400.0,10000.0,21950.0,,,,,29.6,21.6,35.8,466.001
장안1동,동대문구,행정동,37.566320136007725,127.06811494946913,단독다가구,월세,299,높음,법정동,,,,1000.0,,,50.0,33.0,24.2,46.3,
장안1동,동대문구,행정동,37.566320136007725,127.06811494946913,아파트,월세,333,높음,해당지역,,,,9300.0,,,55.0,20.8,18.0,36.3,
장안1동,동대문구,행정동,37.566320136007725,127.06811494946913,연립다세대,월세,143,높음,해당지역,,,,7000.0,,,42.0,34.2,27.1,46.4,
장안1동,동대문구,행정동,37.566320136007725,127.06811494946913,오피스텔,월세,304,높음,해당지역,,,,1000.0,,,60.0,24.2,21.0,29.3,
장안1동,동대문구,행정동,37.566320136007725,127.06811494946913,단독다가구,전세,53,높음,법정동,,,,14000.0,10000.0,20000.0,,42.0,26.0,63.3,322.581
장안1동,동대문구,행정동,37.566320136007725,127.06811494946913,아파트,전세,126,높음,해당지역,,,,51505.0,40500.0,60000.0,,84.8,58.4,84.9,688.111
장안1동,동대문구,행정동,37.566320136007725,127.06811494946913,연립다세대,전세,83,높음,해당지역,,,,25000.0,19650.0,29350.0,,35.8,27.4,50.1,719.396
장안1동,동대문구,행정동,37.566320136007725,127.06811494946913,오피스텔,전세,78,높음,해당지역,,,,21900.0,17900.0,24577.5,,27.7,26.0,35.0,779.038
장안2동,동대문구,행정동,37.572002016450355,127.07210301467892,단독다가구,매매,189,높음,자치구,98000.0,71000.0,123000.0,,,,,114.1,54.8,181.7,808.005
장안2동,동대문구,행정동,37.572002016450355,127.07210301467892,아파트,매매,174,높음,해당지역,104750.0,68350.0,119375.0,,,,,81.0,59.9,84.9,1217.756
장안2동,동대문구,행정동,37.572002016450355,127.07210301467892,연립다세대,매매,44,높음,해당지역,36000.0,29750.0,41325.0,,,,,45.2,35.1,55.9,791.878
장안2동,동대문구,행정동,37.572002016450355,127.07210301467892,오피스텔,매매,18,보통,해당지역,30000.0,22625.0,33500.0,,,,,50.8,33.8,66.0,536.927
장안2동,동대문구,행정동,37.572002016450355,127.07210301467892,단독다가구,월세,299,높음,법정동,,,,1000.0,,,50.0,33.0,24.2,46.3,
장안2동,동대문구,행정동,37.572002016450355,127.07210301467892,아파트,월세,146,높음,해당지역,,,,14736.0,,,108.0,81.0,59.9,84.8,
장안2동,동대문구,행정동,37.572002016450355,127.07210301467892,연립다세대,월세,93,높음,해당지역,,,,3000.0,,,50.0,35.0,28.1,46.7,
장안2동,동대문구,행정동,37.572002016450355,127.07210301467892,오피스텔,월세,421,높음,해당지역,,,,3000.0,,,65.0,29.5,29.1,59.3,
장안2동,동대문구,행정동,37.572002016450355,127.07210301467892,단독다가구,전세,53,높음,법정동,,,,14000.0,10000.0,20000.0,,42.0,26.0,63.3,322.581
장안2동,동대문구,행정동,37.572002016450355,127.07210301467892,아파트,전세,120,높음,해당지역,,,,54600.0,42000.0,65000.0,,81.0,60.0,84.8,743.696
장안2동,동대문구,행정동,37.572002016450355,127.07210301467892,연립다세대,전세,41,높음,해당지역,,,,22500.0,20000.0,29000.0,,43.4,29.8,53.0,632.262
장안2동,동대문구,행정동,37.572002016450355,127.07210301467892,오피스텔,전세,144,높음,해당지역,,,,26290.0,21750.0,34537.5,,42.1,28.8,48.8,757.248
전농1동,동대문구,행정동,37.580051581041154,127.04875320209146,단독다가구,매매,45,높음,법정동,105400.0,67000.0,127700.0,,,,,128.4,64.6,171.7,819.992
전농1동,동대문구,행정동,37.580051581041154,127.04875320209146,아파트,매매,156,높음,해당지역,169250.0,118500.0,184850.0,,,,,85.0,60.0,85.0,2059.55
전농1동,동대문구,행정동,37.580051581041154,127.04875320209146,연립다세대,매매,61,높음,해당지역,52500.0,42000.0,59500.0,,,,,30.0,28.4,51.4,1708.664
전농1동,동대문구,행정동,37.580051581041154,127.04875320209146,오피스텔,매매,36,높음,해당지역,33480.0,28312.5,73875.0,,,,,29.7,23.4,59.3,1201.642
전농1동,동대문구,행정동,37.580051581041154,127.04875320209146,단독다가구,월세,353,높음,법정동,,,,1000.0,,,48.0,29.7,18.0,43.6,
전농1동,동대문구,행정동,37.580051581041154,127.04875320209146,아파트,월세,146,높음,해당지역,,,,11000.0,,,84.5,55.4,20.0,85.0,
전농1동,동대문구,행정동,37.580051581041154,127.04875320209146,연립다세대,월세,115,높음,해당지역,,,,3000.0,,,50.0,26.9,17.4,38.0,
전농1동,동대문구,행정동,37.580051581041154,127.04875320209146,오피스텔,월세,302,높음,해당지역,,,,1000.0,,,110.0,24.1,18.4,38.2,
전농1동,동대문구,행정동,37.580051581041154,127.04875320209146,단독다가구,전세,100,높음,법정동,,,,13575.0,10750.0,18625.0,,45.0,35.7,57.6,318.987
전농1동,동대문구,행정동,37.580051581041154,127.04875320209146,아파트,전세,196,높음,해당지역,,,,70000.0,60900.0,79062.5,,85.0,60.0,85.0,941.437
전농1동,동대문구,행정동,37.580051581041154,127.04875320209146,연립다세대,전세,183,높음,해당지역,,,,24000.0,20000.0,26000.0,,29.3,25.6,30.0,803.353
전농1동,동대문구,행정동,37.580051581041154,127.04875320209146,오피스텔,전세,134,높음,해당지역,,,,41000.0,27000.0,57937.5,,41.9,26.4,85.0,931.677
전농2동,동대문구,행정동,37.57810192069214,127.0618584372099,단독다가구,매매,45,높음,법정동,105400.0,67000.0,127700.0,,,,,128.4,64.6,171.7,819.992
전농2동,동대문구,행정동,37.57810192069214,127.0618584372099,아파트,매매,151,높음,해당지역,100000.0,79650.0,119000.0,,,,,84.8,59.8,85.0,1296.42
전농2동,동대문구,행정동,37.57810192069214,127.0618584372099,연립다세대,매매,17,보통,해당지역,32000.0,24000.0,37000.0,,,,,34.5,28.9,51.0,791.875
전농2동,동대문구,행정동,37.57810192069214,127.0618584372099,오피스텔,매매,36,높음,법정동,33480.0,28312.5,73875.0,,,,,29.7,23.4,59.3,1201.642
전농2동,동대문구,행정동,37.57810192069214,127.0618584372099,단독다가구,월세,353,높음,법정동,,,,1000.0,,,48.0,29.7,18.0,43.6,
전농2동,동대문구,행정동,37.57810192069214,127.0618584372099,아파트,월세,110,높음,해당지역,,,,10000.0,,,110.0,59.9,44.2,85.0,
전농2동,동대문구,행정동,37.57810192069214,127.0618584372099,연립다세대,월세,12,보통,해당지역,,,,6750.0,,,42.5,44.9,33.5,51.2,
전농2동,동대문구,행정동,37.57810192069214,127.0618584372099,오피스텔,월세,303,높음,법정동,,,,1000.0,,,110.0,24.1,18.4,38.2,
전농2동,동대문구,행정동,37.57810192069214,127.0618584372099,단독다가구,전세,100,높음,법정동,,,,13575.0,10750.0,18625.0,,45.0,35.7,57.6,318.987
전농2동,동대문구,행정동,37.57810192069214,127.0618584372099,아파트,전세,132,높음,해당지역,,,,47350.0,40937.5,55000.0,,60.0,59.8,85.0,673.239
전농2동,동대문구,행정동,37.57810192069214,127.0618584372099,연립다세대,전세,15,보통,해당지역,,,,21400.0,20500.0,27425.0,,36.9,32.8,47.2,615.114
전농2동,동대문구,행정동,37.57810192069214,127.0618584372099,오피스텔,전세,136,높음,법정동,,,,40000.0,26512.5,57812.5,,41.9,25.7,85.0,929.739
제기동,동대문구,행정동,37.58492970215461,127.03567309541975,단독다가구,매매,19,보통,해당지역,96000.0,54850.0,110000.0,,,,,163.4,45.3,227.8,654.264
제기동,동대문구,행정동,37.58492970215461,127.03567309541975,아파트,매매,91,높음,해당지역,100000.0,92200.0,110000.0,,,,,84.8,59.9,85.0,1179.802
제기동,동대문구,행정동,37.58492970215461,127.03567309541975,연립다세대,매매,46,높음,해당지역,34250.0,26550.0,47750.0,,,,,50.7,31.9,56.6,818.948
제기동,동대문구,행정동,37.58492970215461,127.03567309541975,오피스텔,매매,322,높음,자치구,17950.0,14325.0,25000.0,,,,,27.6,21.1,34.4,724.483
제기동,동대문구,행정동,37.58492970215461,127.03567309541975,단독다가구,월세,493,높음,해당지역,,,,500.0,,,55.0,20.0,17.0,28.8,
제기동,동대문구,행정동,37.58492970215461,127.03567309541975,아파트,월세,57,높음,해당지역,,,,7000.0,,,100.0,59.8,20.1,84.9,
제기동,동대문구,행정동,37.58492970215461,127.03567309541975,연립다세대,월세,155,높음,해당지역,,,,1000.0,,,57.0,28.4,18.2,41.6,
제기동,동대문구,행정동,37.58492970215461,127.03567309541975,오피스텔,월세,33,높음,해당지역,,,,1000.0,,,55.0,29.8,26.7,29.8,
제기동,동대문구,행정동,37.58492970215461,127.03567309541975,단독다가구,전세,60,높음,해당지역,,,,11775.0,8300.0,15000.0,,28.3,20.8,50.1,355.556
제기동,동대문구,행정동,37.58492970215461,127.03567309541975,아파트,전세,59,높음,해당지역,,,,52500.0,45550.0,58000.0,,84.8,59.8,84.9,681.336
제기동,동대문구,행정동,37.58492970215461,127.03567309541975,연립다세대,전세,72,높음,해당지역,,,,24000.0,19300.0,26000.0,,28.7,25.8,50.1,778.662
제기동,동대문구,행정동,37.58492970215461,127.03567309541975,오피스텔,전세,701,높음,자치구,,,,23000.0,17100.0,32000.0,,28.3,18.8,41.9,872.093
청량리동,동대문구,행정동,37.584703369164636,127.04729566544427,단독다가구,매매,49,높음,해당지역,112000.0,97000.0,129500.0,,,,,92.3,49.6,138.7,1219.248
청량리동,동대문구,행정동,37.584703369164636,127.04729566544427,아파트,매매,66,높음,해당지역,96500.0,88250.0,110750.0,,,,,84.9,80.0,115.0,1118.7
청량리동,동대문구,행정동,37.584703369164636,127.04729566544427,연립다세대,매매,30,높음,해당지역,37500.0,31875.0,47750.0,,,,,45.5,37.1,54.8,892.509
청량리동,동대문구,행정동,37.584703369164636,127.04729566544427,오피스텔,매매,18,보통,해당지역,24000.0,23125.0,24500.0,,,,,21.2,21.2,21.2,1132.081
청량리동,동대문구,행정동,37.584703369164636,127.04729566544427,단독다가구,월세,148,높음,해당지역,,,,1000.0,,,40.0,32.8,24.6,44.6,
청량리동,동대문구,행정동,37.584703369164636,127.04729566544427,아파트,월세,76,높음,해당지역,,,,22500.0,,,120.0,60.0,59.9,101.6,
청량리동,동대문구,행정동,37.584703369164636,127.04729566544427,연립다세대,월세,12,보통,해당지역,,,,8950.0,,,47.5,48.4,36.0,60.1,
청량리동,동대문구,행정동,37.584703369164636,127.04729566544427,오피스텔,월세,179,높음,해당지역,,,,1000.0,,,100.0,21.2,21.2,21.2,
청량리동,동대문구,행정동,37.584703369164636,127.04729566544427,단독다가구,전세,50,높음,해당지역,,,,13000.0,8250.0,15000.0,,44.8,28.9,59.1,282.187
청량리동,동대문구,행정동,37.584703369164636,127.04729566544427,아파트,전세,111,높음,해당지역,,,,50000.0,42000.0,62000.0,,84.9,60.0,101.6,588.789
청량리동,동대문구,행정동,37.584703369164636,127.04729566544427,연립다세대,전세,19,보통,해당지역,,,,20660.0,16000.0,27500.0,,49.8,40.8,59.3,438.356
청량리동,동대문구,행정동,37.584703369164636,127.04729566544427,오피스텔,전세,64,높음,해당지역,,,,23850.0,22050.0,25000.0,,21.2,21.2,21.2,1040.094
회기동,동대문구,행정동,37.590597520844156,127.05273061769017,단독다가구,매매,189,높음,자치구,98000.0,71000.0,123000.0,,,,,114.1,54.8,181.7,808.005
회기동,동대문구,행정동,37.590597520844156,127.05273061769017,아파트,매매,35,높음,해당지역,88000.0,78750.0,95000.0,,,,,72.3,58.2,85.0,1141.714
회기동,동대문구,행정동,37.590597520844156,127.05273061769017,연립다세대,매매,13,보통,해당지역,29500.0,24000.0,34000.0,,,,,52.5,49.0,62.8,525.421
회기동,동대문구,행정동,37.590597520844156,127.05273061769017,오피스텔,매매,322,높음,자치구,17950.0,14325.0,25000.0,,,,,27.6,21.1,34.4,724.483
회기동,동대문구,행정동,37.590597520844156,127.05273061769017,단독다가구,월세,531,높음,해당지역,,,,500.0,,,55.0,20.0,18.0,30.0,
회기동,동대문구,행정동,37.590597520844156,127.05273061769017,아파트,월세,112,높음,해당지역,,,,1000.0,,,100.0,24.1,20.3,29.0,
회기동,동대문구,행정동,37.590597520844156,127.05273061769017,연립다세대,월세,72,높음,해당지역,,,,1000.0,,,51.5,25.2,13.6,35.8,
회기동,동대문구,행정동,37.590597520844156,127.05273061769017,오피스텔,월세,27,보통,해당지역,,,,1000.0,,,67.0,23.0,16.7,23.9,
회기동,동대문구,행정동,37.590597520844156,127.05273061769017,단독다가구,전세,31,높음,해당지역,,,,12000.0,8650.0,13000.0,,33.0,20.6,43.7,391.828
회기동,동대문구,행정동,37.590597520844156,127.05273061769017,아파트,전세,34,높음,해당지역,,,,42500.0,23250.0,51000.0,,78.6,24.5,85.0,681.573
회기동,동대문구,행정동,37.590597520844156,127.05273061769017,연립다세대,전세,16,보통,해당지역,,,,19975.0,11500.0,23000.0,,42.8,28.4,63.2,364.349
회기동,동대문구,행정동,37.590597520844156,127.05273061769017,오피스텔,전세,701,높음,자치구,,,,23000.0,17100.0,32000.0,,28.3,18.8,41.9,872.093
휘경1동,동대문구,행정동,37.59131105201425,127.06018541888689,단독다가구,매매,189,높음,자치구,98000.0,71000.0,123000.0,,,,,114.1,54.8,181.7,808.005
휘경1동,동대문구,행정동,37.59131105201425,127.06018541888689,아파트,매매,98,높음,해당지역,83500.0,69000.0,119000.0,,,,,59.9,59.8,84.6,1253.342
휘경1동,동대문구,행정동,37.59131105201425,127.06018541888689,연립다세대,매매,10,보통,해당지역,31500.0,18250.0,40000.0,,,,,51.4,16.1,62.9,824.893
휘경1동,동대문구,행정동,37.59131105201425,127.06018541888689,오피스텔,매매,21,보통,해당지역,18000.0,12900.0,19000.0,,,,,16.7,14.8,16.8,1000.614
휘경1동,동대문구,행정동,37.59131105201425,127.06018541888689,단독다가구,월세,1285,높음,법정동,,,,600.0,,,51.0,19.8,17.0,24.0,
휘경1동,동대문구,행정동,37.59131105201425,127.06018541888689,아파트,월세,142,높음,해당지역,,,,9540.5,,,81.0,34.7,14.1,59.8,
휘경1동,동대문구,행정동,37.59131105201425,127.06018541888689,연립다세대,월세,87,높음,해당지역,,,,1000.0,,,60.0,18.6,14.1,29.8,
휘경1동,동대문구,행정동,37.59131105201425,127.06018541888689,오피스텔,월세,232,높음,해당지역,,,,1000.0,,,81.0,16.8,16.3,19.5,
휘경1동,동대문구,행정동,37.59131105201425,127.06018541888689,단독다가구,전세,84,높음,법정동,,,,10000.0,7000.0,14950.5,,23.0,19.0,40.3,373.964
휘경1동,동대문구,행정동,37.59131105201425,127.06018541888689,아파트,전세,93,높음,해당지역,,,,59850.0,48000.0,69000.0,,82.8,59.8,84.6,827.521
휘경1동,동대문구,행정동,37.59131105201425,127.06018541888689,연립다세대,전세,13,보통,해당지역,,,,15500.0,13000.0,25300.0,,22.2,14.6,53.1,892.857
휘경1동,동대문구,행정동,37.59131105201425,127.06018541888689,오피스텔,전세,36,높음,해당지역,,,,17200.0,16312.5,18000.0,,16.7,16.6,17.6,978.205
휘경2동,동대문구,행정동,37.58645011121422,127.06453288311069,단독다가구,매매,189,높음,자치구,98000.0,71000.0,123000.0,,,,,114.1,54.8,181.7,808.005
휘경2동,동대문구,행정동,37.58645011121422,127.06453288311069,아파트,매매,114,높음,해당지역,82000.0,59000.0,93525.0,,,,,84.3,59.1,85.0,1124.471
휘경2동,동대문구,행정동,37.58645011121422,127.06453288311069,연립다세대,매매,39,높음,해당지역,20000.0,18000.0,33600.0,,,,,15.0,14.3,50.8,837.989
휘경2동,동대문구,행정동,37.58645011121422,127.06453288311069,오피스텔,매매,21,보통,법정동,18000.0,12900.0,19000.0,,,,,16.7,14.8,16.8,1000.614
휘경2동,동대문구,행정동,37.58645011121422,127.06453288311069,단독다가구,월세,1285,높음,법정동,,,,600.0,,,51.0,19.8,17.0,24.0,
휘경2동,동대문구,행정동,37.58645011121422,127.06453288311069,아파트,월세,141,높음,해당지역,,,,8792.0,,,28.0,33.7,32.4,59.9,
휘경2동,동대문구,행정동,37.58645011121422,127.06453288311069,연립다세대,월세,97,높음,해당지역,,,,2000.0,,,50.0,26.1,15.8,39.6,
휘경2동,동대문구,행정동,37.58645011121422,127.06453288311069,오피스텔,월세,238,높음,법정동,,,,1000.0,,,81.0,16.8,16.2,19.5,
휘경2동,동대문구,행정동,37.58645011121422,127.06453288311069,단독다가구,전세,84,높음,법정동,,,,10000.0,7000.0,14950.5,,23.0,19.0,40.3,373.964
휘경2동,동대문구,행정동,37.58645011121422,127.06453288311069,아파트,전세,91,높음,해당지역,,,,49000.0,33500.0,55000.0,,84.9,59.8,85.0,632.213
휘경2동,동대문구,행정동,37.58645011121422,127.06453288311069,연립다세대,전세,33,높음,해당지역,,,,17600.0,12000.0,23000.0,,39.8,22.0,56.8,442.767
휘경2동,동대문구,행정동,37.58645011121422,127.06453288311069,오피스텔,전세,36,높음,법정동,,,,17200.0,16312.5,18000.0,,16.7,16.6,17.6,978.205
노량진1동,동작구,행정동,37.51058298892508,126.94527377077218,단독다가구,매매,43,높음,법정동,278000.0,243500.0,305000.0,,,,,177.4,143.2,214.1,1532.826
노량진1동,동작구,행정동,37.51058298892508,126.94527377077218,아파트,매매,182,높음,해당지역,150000.0,142625.0,162500.0,,,,,84.8,59.8,84.9,1860.16
노량진1동,동작구,행정동,37.51058298892508,126.94527377077218,연립다세대,매매,51,높음,해당지역,65000.0,48500.0,97250.0,,,,,37.1,19.9,60.0,2040.46
노량진1동,동작구,행정동,37.51058298892508,126.94527377077218,오피스텔,매매,13,보통,법정동,19900.0,17000.0,21000.0,,,,,24.1,19.3,24.1,828.744
노량진1동,동작구,행정동,37.51058298892508,126.94527377077218,단독다가구,월세,39,높음,해당지역,,,,700.0,,,50.0,33.0,24.7,40.2,
노량진1동,동작구,행정동,37.51058298892508,126.94527377077218,아파트,월세,404,높음,해당지역,,,,12900.0,,,68.0,34.7,18.3,59.9,
노량진1동,동작구,행정동,37.51058298892508,126.94527377077218,연립다세대,월세,71,높음,해당지역,,,,1000.0,,,55.0,14.8,14.0,36.6,
노량진1동,동작구,행정동,37.51058298892508,126.94527377077218,오피스텔,월세,59,높음,해당지역,,,,1000.0,,,70.0,19.3,19.3,19.3,
노량진1동,동작구,행정동,37.51058298892508,126.94527377077218,단독다가구,전세,15,보통,해당지역,,,,16000.0,15000.0,22750.0,,49.1,44.1,49.9,320.856
노량진1동,동작구,행정동,37.51058298892508,126.94527377077218,아파트,전세,388,높음,해당지역,,,,55000.0,44775.0,70000.0,,60.0,59.6,84.9,754.077
노량진1동,동작구,행정동,37.51058298892508,126.94527377077218,연립다세대,전세,89,높음,해당지역,,,,26900.0,20000.0,29000.0,,28.9,26.8,52.9,901.202
노량진1동,동작구,행정동,37.51058298892508,126.94527377077218,오피스텔,전세,38,높음,법정동,,,,21400.0,19075.0,22687.5,,24.1,21.4,24.1,950.062
노량진2동,동작구,행정동,37.51307552397383,126.93825480897033,단독다가구,매매,43,높음,법정동,278000.0,243500.0,305000.0,,,,,177.4,143.2,214.1,1532.826
노량진2동,동작구,행정동,37.51307552397383,126.93825480897033,아파트,매매,30,높음,해당지역,34425.0,34050.0,35262.5,,,,,18.0,18.0,18.0,1911.438
노량진2동,동작구,행정동,37.51307552397383,126.93825480897033,연립다세대,매매,50,높음,법정동,66000.0,51000.0,191000.0,,,,,41.0,29.4,61.9,1940.144
노량진2동,동작구,행정동,37.51307552397383,126.93825480897033,오피스텔,매매,13,보통,법정동,19900.0,17000.0,21000.0,,,,,24.1,19.3,24.1,828.744
노량진2동,동작구,행정동,37.51307552397383,126.93825480897033,단독다가구,월세,686,높음,법정동,,,,500.0,,,45.0,17.0,15.0,20.0,
노량진2동,동작구,행정동,37.51307552397383,126.93825480897033,아파트,월세,91,높음,해당지역,,,,5318.0,,,47.0,14.2,14.2,16.2,
노량진2동,동작구,행정동,37.51307552397383,126.93825480897033,연립다세대,월세,75,높음,법정동,,,,1000.0,,,55.0,14.8,14.0,36.6,
노량진2동,동작구,행정동,37.51307552397383,126.93825480897033,오피스텔,월세,99,높음,해당지역,,,,1000.0,,,78.0,24.1,22.4,24.1,
노량진2동,동작구,행정동,37.51307552397383,126.93825480897033,단독다가구,전세,90,높음,법정동,,,,30000.0,10000.0,80000.0,,64.6,26.2,164.3,467.322
노량진2동,동작구,행정동,37.51307552397383,126.93825480897033,아파트,전세,234,높음,법정동,,,,55300.0,33228.0,70000.0,,59.8,45.0,84.9,752.257
노량진2동,동작구,행정동,37.51307552397383,126.93825480897033,연립다세대,전세,87,높음,법정동,,,,27000.0,24550.0,29000.0,,29.9,27.2,58.7,902.151
노량진2동,동작구,행정동,37.51307552397383,126.93825480897033,오피스텔,전세,37,높음,해당지역,,,,21500.0,19300.0,22750.0,,24.1,22.4,24.1,957.315
대방동,동작구,행정동,37.50516752913756,126.92677427637722,단독다가구,매매,163,높음,자치구,156000.0,110350.0,262500.0,,,,,174.3,119.7,224.3,1003.344
대방동,동작구,행정동,37.50516752913756,126.92677427637722,아파트,매매,156,높음,해당지역,139000.0,120000.0,150375.0,,,,,84.3,59.8,84.7,1762.008
대방동,동작구,행정동,37.50516752913756,126.92677427637722,연립다세대,매매,109,높음,해당지역,44000.0,37000.0,56000.0,,,,,45.5,30.0,58.6,1035.354
대방동,동작구,행정동,37.50516752913756,126.92677427637722,오피스텔,매매,52,높음,자치구,24900.0,19550.0,40750.0,,,,,37.0,22.2,61.4,721.222
대방동,동작구,행정동,37.50516752913756,126.92677427637722,단독다가구,월세,236,높음,해당지역,,,,1000.0,,,50.0,20.0,18.0,34.2,
대방동,동작구,행정동,37.50516752913756,126.92677427637722,아파트,월세,167,높음,해당지역,,,,12564.0,,,90.0,59.8,24.2,84.3,
대방동,동작구,행정동,37.50516752913756,126.92677427637722,연립다세대,월세,213,높음,해당지역,,,,6000.0,,,45.0,25.2,17.0,30.0,
대방동,동작구,행정동,37.50516752913756,126.92677427637722,오피스텔,월세,53,높음,해당지역,,,,3000.0,,,51.0,21.2,18.8,25.2,
대방동,동작구,행정동,37.50516752913756,126.92677427637722,단독다가구,전세,52,높음,해당지역,,,,14000.0,10450.0,19000.0,,29.8,20.0,49.9,429.22
대방동,동작구,행정동,37.50516752913756,126.92677427637722,아파트,전세,178,높음,해당지역,,,,55000.0,48000.0,71400.0,,60.0,59.5,84.8,869.669
대방동,동작구,행정동,37.50516752913756,126.92677427637722,연립다세대,전세,73,높음,해당지역,,,,26000.0,20000.0,30300.0,,39.3,29.4,55.4,630.347
대방동,동작구,행정동,37.50516752913756,126.92677427637722,오피스텔,전세,100,높음,자치구,,,,22500.0,18860.0,26287.5,,24.1,22.4,41.5,726.227
사당1동,동작구,행정동,37.479945264790516,126.9772659233196,단독다가구,매매,58,높음,법정동,157150.0,118734.0,241500.0,,,,,163.1,112.4,229.4,919.825
사당1동,동작구,행정동,37.479945264790516,126.9772659233196,아파트,매매,28,보통,해당지역,70500.0,41100.0,81500.0,,,,,59.4,18.1,84.8,1476.665
사당1동,동작구,행정동,37.479945264790516,126.9772659233196,연립다세대,매매,219,높음,해당지역,53500.0,39675.0,65250.0,,,,,31.2,21.3,50.1,1534.494
사당1동,동작구,행정동,37.479945264790516,126.9772659233196,오피스텔,매매,52,높음,자치구,24900.0,19550.0,40750.0,,,,,37.0,22.2,61.4,721.222
사당1동,동작구,행정동,37.479945264790516,126.9772659233196,단독다가구,월세,1344,높음,법정동,,,,2000.0,,,50.0,24.0,19.0,38.0,
사당1동,동작구,행정동,37.479945264790516,126.9772659233196,아파트,월세,119,높음,해당지역,,,,10800.0,,,55.0,19.5,18.1,36.1,
사당1동,동작구,행정동,37.479945264790516,126.9772659233196,연립다세대,월세,300,높음,해당지역,,,,8200.0,,,52.0,29.9,21.5,44.7,
사당1동,동작구,행정동,37.479945264790516,126.9772659233196,오피스텔,월세,29,보통,해당지역,,,,14000.0,,,30.0,23.0,18.5,26.6,
사당1동,동작구,행정동,37.479945264790516,126.9772659233196,단독다가구,전세,278,높음,법정동,,,,15000.0,12000.0,20975.0,,35.0,21.0,50.0,470.311
사당1동,동작구,행정동,37.479945264790516,126.9772659233196,아파트,전세,12,보통,해당지역,,,,32383.5,28675.0,57000.0,,49.1,31.7,84.8,821.351
사당1동,동작구,행정동,37.479945264790516,126.9772659233196,연립다세대,전세,193,높음,해당지역,,,,29200.0,21400.0,32500.0,,36.1,28.4,50.0,744.725
사당1동,동작구,행정동,37.479945264790516,126.9772659233196,오피스텔,전세,12,보통,해당지역,,,,21650.0,16100.0,30900.0,,26.4,23.9,35.3,726.019
사당2동,동작구,행정동,37.49092868930692,126.97746364748002,단독다가구,매매,58,높음,법정동,157150.0,118734.0,241500.0,,,,,163.1,112.4,229.4,919.825
사당2동,동작구,행정동,37.49092868930692,126.97746364748002,아파트,매매,161,높음,해당지역,158000.0,139000.0,170000.0,,,,,84.3,59.7,85.0,2208.835
사당2동,동작구,행정동,37.49092868930692,126.97746364748002,연립다세대,매매,63,높음,해당지역,63000.0,49850.0,85500.0,,,,,48.5,36.2,55.6,1374.759
사당2동,동작구,행정동,37.49092868930692,126.97746364748002,오피스텔,매매,52,높음,자치구,24900.0,19550.0,40750.0,,,,,37.0,22.2,61.4,721.222
사당2동,동작구,행정동,37.49092868930692,126.97746364748002,단독다가구,월세,1344,높음,법정동,,,,2000.0,,,50.0,24.0,19.0,38.0,
사당2동,동작구,행정동,37.49092868930692,126.97746364748002,아파트,월세,220,높음,해당지역,,,,30000.0,,,129.5,60.0,59.2,85.0,
사당2동,동작구,행정동,37.49092868930692,126.97746364748002,연립다세대,월세,68,높음,해당지역,,,,4000.0,,,55.0,35.8,22.7,53.4,
사당2동,동작구,행정동,37.49092868930692,126.97746364748002,오피스텔,월세,68,높음,법정동,,,,5000.0,,,45.0,18.7,17.1,25.0,
사당2동,동작구,행정동,37.49092868930692,126.97746364748002,단독다가구,전세,278,높음,법정동,,,,15000.0,12000.0,20975.0,,35.0,21.0,50.0,470.311
사당2동,동작구,행정동,37.49092868930692,126.97746364748002,아파트,전세,301,높음,해당지역,,,,61000.0,50000.0,77000.0,,76.0,59.2,85.0,868.258
사당2동,동작구,행정동,37.49092868930692,126.97746364748002,연립다세대,전세,42,높음,해당지역,,,,33768.0,26826.5,40000.0,,44.8,30.0,57.6,751.186
사당2동,동작구,행정동,37.49092868930692,126.97746364748002,오피스텔,전세,16,보통,법정동,,,,21650.0,16100.0,30000.0,,26.4,23.9,43.2,673.358
사당3동,동작구,행정동,37.48809078485333,126.97171387602769,단독다가구,매매,58,높음,법정동,157150.0,118734.0,241500.0,,,,,163.1,112.4,229.4,919.825
사당3동,동작구,행정동,37.48809078485333,126.97171387602769,아파트,매매,140,높음,해당지역,150750.0,124000.0,182750.0,,,,,85.0,82.9,85.0,1753.272
사당3동,동작구,행정동,37.48809078485333,126.97171387602769,연립다세대,매매,44,높음,해당지역,38150.0,28000.0,50000.0,,,,,43.4,38.6,57.8,836.672
사당3동,동작구,행정동,37.48809078485333,126.97171387602769,오피스텔,매매,52,높음,자치구,24900.0,19550.0,40750.0,,,,,37.0,22.2,61.4,721.222
사당3동,동작구,행정동,37.48809078485333,126.97171387602769,단독다가구,월세,1344,높음,법정동,,,,2000.0,,,50.0,24.0,19.0,38.0,
사당3동,동작구,행정동,37.48809078485333,126.97171387602769,아파트,월세,112,높음,해당지역,,,,30000.0,,,118.0,84.9,60.0,85.0,
사당3동,동작구,행정동,37.48809078485333,126.97171387602769,연립다세대,월세,94,높음,해당지역,,,,7500.0,,,50.0,33.4,20.9,45.6,
사당3동,동작구,행정동,37.48809078485333,126.97171387602769,오피스텔,월세,18,보통,해당지역,,,,3000.0,,,68.5,22.6,18.7,25.9,
사당3동,동작구,행정동,37.48809078485333,126.97171387602769,단독다가구,전세,278,높음,법정동,,,,15000.0,12000.0,20975.0,,35.0,21.0,50.0,470.311
사당3동,동작구,행정동,37.48809078485333,126.97171387602769,아파트,전세,238,높음,해당지역,,,,74000.0,58000.0,90000.0,,84.9,60.7,85.0,871.578
사당3동,동작구,행정동,37.48809078485333,126.97171387602769,연립다세대,전세,42,높음,해당지역,,,,21750.0,16250.0,25800.0,,50.6,39.8,59.8,435.538
사당3동,동작구,행정동,37.48809078485333,126.97171387602769,오피스텔,전세,16,보통,법정동,,,,21650.0,16100.0,30000.0,,26.4,23.9,43.2,673.358
사당4동,동작구,행정동,37.480435632956755,126.97169081825271,단독다가구,매매,58,높음,법정동,157150.0,118734.0,241500.0,,,,,163.1,112.4,229.4,919.825
사당4동,동작구,행정동,37.480435632956755,126.97169081825271,아파트,매매,25,보통,해당지역,104000.0,86500.0,118000.0,,,,,84.7,60.0,85.0,1398.56
사당4동,동작구,행정동,37.480435632956755,126.97169081825271,연립다세대,매매,71,높음,해당지역,44000.0,37650.0,56350.0,,,,,45.1,39.3,51.9,969.697
사당4동,동작구,행정동,37.480435632956755,126.97169081825271,오피스텔,매매,52,높음,자치구,24900.0,19550.0,40750.0,,,,,37.0,22.2,61.4,721.222
사당4동,동작구,행정동,37.480435632956755,126.97169081825271,단독다가구,월세,1344,높음,법정동,,,,2000.0,,,50.0,24.0,19.0,38.0,
사당4동,동작구,행정동,37.480435632956755,126.97169081825271,아파트,월세,24,보통,해당지역,,,,34000.0,,,110.0,84.7,84.7,84.9,
사당4동,동작구,행정동,37.480435632956755,126.97169081825271,연립다세대,월세,117,높음,해당지역,,,,5000.0,,,55.0,35.8,28.0,47.7,
사당4동,동작구,행정동,37.480435632956755,126.97169081825271,오피스텔,월세,68,높음,법정동,,,,5000.0,,,45.0,18.7,17.1,25.0,
사당4동,동작구,행정동,37.480435632956755,126.97169081825271,단독다가구,전세,278,높음,법정동,,,,15000.0,12000.0,20975.0,,35.0,21.0,50.0,470.311
사당4동,동작구,행정동,37.480435632956755,126.97169081825271,아파트,전세,31,높음,해당지역,,,,59850.0,54325.0,64500.0,,84.7,84.7,84.7,696.33
사당4동,동작구,행정동,37.480435632956755,126.97169081825271,연립다세대,전세,87,높음,해당지역,,,,26000.0,20100.0,29000.0,,47.9,34.0,57.9,553.583
사당4동,동작구,행정동,37.480435632956755,126.97169081825271,오피스텔,전세,16,보통,법정동,,,,21650.0,16100.0,30000.0,,26.4,23.9,43.2,673.358
사당5동,동작구,행정동,37.488594136910976,126.9645920593093,단독다가구,매매,58,높음,법정동,157150.0,118734.0,241500.0,,,,,163.1,112.4,229.4,919.825
사당5동,동작구,행정동,37.488594136910976,126.9645920593093,아파트,매매,99,높음,해당지역,122300.0,112000.0,150500.0,,,,,60.0,60.0,84.5,1965.198
사당5동,동작구,행정동,37.488594136910976,126.9645920593093,연립다세대,매매,30,높음,해당지역,42000.0,35875.0,54750.0,,,,,43.9,37.9,55.7,987.439
사당5동,동작구,행정동,37.488594136910976,126.9645920593093,오피스텔,매매,52,높음,자치구,24900.0,19550.0,40750.0,,,,,37.0,22.2,61.4,721.222
사당5동,동작구,행정동,37.488594136910976,126.9645920593093,단독다가구,월세,1344,높음,법정동,,,,2000.0,,,50.0,24.0,19.0,38.0,
사당5동,동작구,행정동,37.488594136910976,126.9645920593093,아파트,월세,97,높음,해당지역,,,,21100.0,,,80.0,60.0,59.9,85.0,
사당5동,동작구,행정동,37.488594136910976,126.9645920593093,연립다세대,월세,91,높음,해당지역,,,,5000.0,,,38.0,35.2,27.1,42.6,
사당5동,동작구,행정동,37.488594136910976,126.9645920593093,오피스텔,월세,14,보통,해당지역,,,,1000.0,,,45.0,15.5,15.3,15.5,
사당5동,동작구,행정동,37.488594136910976,126.9645920593093,단독다가구,전세,278,높음,법정동,,,,15000.0,12000.0,20975.0,,35.0,21.0,50.0,470.311
사당5동,동작구,행정동,37.488594136910976,126.9645920593093,아파트,전세,170,높음,해당지역,,,,65550.0,51504.2,73500.0,,60.0,60.0,85.0,909.196
사당5동,동작구,행정동,37.488594136910976,126.9645920593093,연립다세대,전세,39,높음,해당지역,,,,25000.0,21900.0,30000.0,,46.2,36.9,59.3,528.867
사당5동,동작구,행정동,37.488594136910976,126.9645920593093,오피스텔,전세,16,보통,법정동,,,,21650.0,16100.0,30000.0,,26.4,23.9,43.2,673.358
상도1동,동작구,행정동,37.499612695764625,126.95233334443984,단독다가구,매매,27,보통,법정동,110000.0,90000.0,127000.0,,,,,180.0,77.0,214.6,624.22
상도1동,동작구,행정동,37.499612695764625,126.95233334443984,아파트,매매,171,높음,해당지역,147000.0,109000.0,175000.0,,,,,84.9,84.5,85.0,1691.924
상도1동,동작구,행정동,37.499612695764625,126.95233334443984,연립다세대,매매,148,높음,해당지역,35000.0,28000.0,47625.0,,,,,48.5,31.8,59.8,740.239
상도1동,동작구,행정동,37.499612695764625,126.95233334443984,오피스텔,매매,52,높음,자치구,24900.0,19550.0,40750.0,,,,,37.0,22.2,61.4,721.222
상도1동,동작구,행정동,37.499612695764625,126.95233334443984,단독다가구,월세,376,높음,해당지역,,,,1000.0,,,53.0,19.0,17.0,22.0,
상도1동,동작구,행정동,37.499612695764625,126.95233334443984,아파트,월세,237,높음,해당지역,,,,20000.0,,,105.0,84.8,32.4,85.0,
상도1동,동작구,행정동,37.499612695764625,126.95233334443984,연립다세대,월세,385,높음,해당지역,,,,3000.0,,,60.0,27.7,17.3,41.6,
상도1동,동작구,행정동,37.499612695764625,126.95233334443984,오피스텔,월세,18,보통,해당지역,,,,1500.0,,,67.5,18.5,12.9,18.5,
상도1동,동작구,행정동,37.499612695764625,126.95233334443984,단독다가구,전세,11,보통,해당지역,,,,11000.0,7500.0,14000.0,,20.0,20.0,32.9,388.889
상도1동,동작구,행정동,37.499612695764625,126.95233334443984,아파트,전세,229,높음,해당지역,,,,75000.0,65000.0,85000.0,,84.9,84.6,85.0,886.431
상도1동,동작구,행정동,37.499612695764625,126.95233334443984,연립다세대,전세,88,높음,해당지역,,,,23950.0,16425.0,28455.0,,41.5,29.9,58.4,566.281
상도1동,동작구,행정동,37.499612695764625,126.95233334443984,오피스텔,전세,100,높음,자치구,,,,22500.0,18860.0,26287.5,,24.1,22.4,41.5,726.227
상도2동,동작구,행정동,37.504013159807194,126.94272063941635,단독다가구,매매,27,보통,법정동,110000.0,90000.0,127000.0,,,,,180.0,77.0,214.6,624.22
상도2동,동작구,행정동,37.504013159807194,126.94272063941635,아파트,매매,129,높음,해당지역,169000.0,147000.0,192000.0,,,,,84.9,59.9,85.0,2176.599
상도2동,동작구,행정동,37.504013159807194,126.94272063941635,연립다세대,매매,34,높음,해당지역,50100.0,37375.0,59500.0,,,,,49.9,40.1,64.6,1024.704
상도2동,동작구,행정동,37.504013159807194,126.94272063941635,오피스텔,매매,52,높음,자치구,24900.0,19550.0,40750.0,,,,,37.0,22.2,61.4,721.222
상도2동,동작구,행정동,37.504013159807194,126.94272063941635,단독다가구,월세,1740,높음,법정동,,,,1000.0,,,50.0,19.5,18.0,30.0,
상도2동,동작구,행정동,37.504013159807194,126.94272063941635,아파트,월세,192,높음,해당지역,,,,30000.0,,,87.5,60.0,32.8,85.0,
상도2동,동작구,행정동,37.504013159807194,126.94272063941635,연립다세대,월세,132,높음,해당지역,,,,2000.0,,,55.0,19.5,14.7,30.2,
상도2동,동작구,행정동,37.504013159807194,126.94272063941635,오피스텔,월세,366,높음,자치구,,,,1000.0,,,65.0,21.3,18.8,24.1,
상도2동,동작구,행정동,37.504013159807194,126.94272063941635,단독다가구,전세,242,높음,법정동,,,,12000.0,9000.0,16000.0,,30.5,19.8,43.0,415.011
상도2동,동작구,행정동,37.504013159807194,126.94272063941635,아파트,전세,308,높음,해당지역,,,,73500.0,63000.0,84000.0,,84.9,60.0,85.0,943.307
상도2동,동작구,행정동,37.504013159807194,126.94272063941635,연립다세대,전세,52,높음,해당지역,,,,27150.0,20000.0,31050.0,,38.8,29.8,49.4,640.452
상도2동,동작구,행정동,37.504013159807194,126.94272063941635,오피스텔,전세,100,높음,자치구,,,,22500.0,18860.0,26287.5,,24.1,22.4,41.5,726.227
상도3동,동작구,행정동,37.49696169060932,126.93263418556057,단독다가구,매매,27,보통,법정동,110000.0,90000.0,127000.0,,,,,180.0,77.0,214.6,624.22
상도3동,동작구,행정동,37.49696169060932,126.93263418556057,아파트,매매,19,보통,해당지역,76500.0,70500.0,114750.0,,,,,84.3,65.8,85.0,1296.232
상도3동,동작구,행정동,37.49696169060932,126.93263418556057,연립다세대,매매,279,높음,해당지역,50000.0,32000.0,69000.0,,,,,50.7,37.9,62.3,1028.997
상도3동,동작구,행정동,37.49696169060932,126.93263418556057,오피스텔,매매,52,높음,자치구,24900.0,19550.0,40750.0,,,,,37.0,22.2,61.4,721.222
상도3동,동작구,행정동,37.49696169060932,126.93263418556057,단독다가구,월세,1740,높음,법정동,,,,1000.0,,,50.0,19.5,18.0,30.0,
상도3동,동작구,행정동,37.49696169060932,126.93263418556057,아파트,월세,464,높음,법정동,,,,20000.0,,,100.0,84.5,41.7,85.0,
상도3동,동작구,행정동,37.49696169060932,126.93263418556057,연립다세대,월세,226,높음,해당지역,,,,5090.0,,,43.0,36.0,29.0,49.5,
상도3동,동작구,행정동,37.49696169060932,126.93263418556057,오피스텔,월세,366,높음,자치구,,,,1000.0,,,65.0,21.3,18.8,24.1,
상도3동,동작구,행정동,37.49696169060932,126.93263418556057,단독다가구,전세,242,높음,법정동,,,,12000.0,9000.0,16000.0,,30.5,19.8,43.0,415.011
상도3동,동작구,행정동,37.49696169060932,126.93263418556057,아파트,전세,15,보통,해당지역,,,,52500.0,42500.0,61250.0,,84.7,60.4,84.9,765.12
상도3동,동작구,행정동,37.49696169060932,126.93263418556057,연립다세대,전세,127,높음,해당지역,,,,24500.0,20000.0,29750.0,,45.1,31.0,57.4,558.376
상도3동,동작구,행정동,37.49696169060932,126.93263418556057,오피스텔,전세,100,높음,자치구,,,,22500.0,18860.0,26287.5,,24.1,22.4,41.5,726.227
상도4동,동작구,행정동,37.497790440191004,126.94024943436932,단독다가구,매매,27,보통,법정동,110000.0,90000.0,127000.0,,,,,180.0,77.0,214.6,624.22
상도4동,동작구,행정동,37.497790440191004,126.94024943436932,아파트,매매,24,보통,해당지역,105500.0,81000.0,131375.0,,,,,84.8,83.1,88.9,1056.059
상도4동,동작구,행정동,37.497790440191004,126.94024943436932,연립다세대,매매,232,높음,해당지역,54250.0,37500.0,65000.0,,,,,44.1,36.7,55.3,1181.57
상도4동,동작구,행정동,37.497790440191004,126.94024943436932,오피스텔,매매,52,높음,자치구,24900.0,19550.0,40750.0,,,,,37.0,22.2,61.4,721.222
상도4동,동작구,행정동,37.497790440191004,126.94024943436932,단독다가구,월세,1740,높음,법정동,,,,1000.0,,,50.0,19.5,18.0,30.0,
상도4동,동작구,행정동,37.497790440191004,126.94024943436932,아파트,월세,35,높음,해당지역,,,,30000.0,,,160.0,75.0,67.4,84.9,
상도4동,동작구,행정동,37.497790440191004,126.94024943436932,연립다세대,월세,158,높음,해당지역,,,,11500.0,,,35.0,38.4,28.8,54.2,
상도4동,동작구,행정동,37.497790440191004,126.94024943436932,오피스텔,월세,366,높음,자치구,,,,1000.0,,,65.0,21.3,18.8,24.1,
상도4동,동작구,행정동,37.497790440191004,126.94024943436932,단독다가구,전세,242,높음,법정동,,,,12000.0,9000.0,16000.0,,30.5,19.8,43.0,415.011
상도4동,동작구,행정동,37.497790440191004,126.94024943436932,아파트,전세,126,높음,해당지역,,,,63000.0,58800.0,69750.0,,59.9,59.8,84.1,965.461
상도4동,동작구,행정동,37.497790440191004,126.94024943436932,연립다세대,전세,227,높음,해당지역,,,,23000.0,17900.0,28000.0,,41.3,33.1,51.6,554.693
상도4동,동작구,행정동,37.497790440191004,126.94024943436932,오피스텔,전세,100,높음,자치구,,,,22500.0,18860.0,26287.5,,24.1,22.4,41.5,726.227
신대방1동,동작구,행정동,37.49006710609728,126.90958916866553,단독다가구,매매,11,보통,법정동,100000.0,78250.0,123500.0,,,,,192.0,122.4,241.4,506.244
신대방1동,동작구,행정동,37.49006710609728,126.90958916866553,아파트,매매,150,높음,해당지역,121500.0,112000.0,130000.0,,,,,84.6,66.7,85.0,1472.153
신대방1동,동작구,행정동,37.49006710609728,126.90958916866553,연립다세대,매매,51,높음,해당지역,35500.0,13550.0,48000.0,,,,,19.1,15.4,43.4,1027.9
신대방1동,동작구,행정동,37.49006710609728,126.90958916866553,오피스텔,매매,22,보통,해당지역,43350.0,26850.0,52475.0,,,,,61.4,41.5,86.4,635.789
신대방1동,동작구,행정동,37.49006710609728,126.90958916866553,단독다가구,월세,652,높음,법정동,,,,1000.0,,,45.0,20.0,18.0,30.0,
신대방1동,동작구,행정동,37.49006710609728,126.90958916866553,아파트,월세,82,높음,해당지역,,,,31500.0,,,80.0,84.6,78.7,85.0,
신대방1동,동작구,행정동,37.49006710609728,126.90958916866553,연립다세대,월세,59,높음,해당지역,,,,3000.0,,,53.0,41.3,22.3,49.8,
신대방1동,동작구,행정동,37.49006710609728,126.90958916866553,오피스텔,월세,62,높음,해당지역,,,,1000.0,,,67.0,24.1,20.3,41.5,
신대방1동,동작구,행정동,37.49006710609728,126.90958916866553,단독다가구,전세,98,높음,법정동,,,,11000.0,7350.0,15000.0,,30.3,20.0,45.4,331.502
신대방1동,동작구,행정동,37.49006710609728,126.90958916866553,아파트,전세,172,높음,해당지역,,,,62000.0,50700.0,70000.0,,84.6,75.0,85.0,733.12
신대방1동,동작구,행정동,37.49006710609728,126.90958916866553,연립다세대,전세,42,높음,해당지역,,,,19500.0,11550.0,24800.0,,38.0,28.7,48.2,563.062
신대방1동,동작구,행정동,37.49006710609728,126.90958916866553,오피스텔,전세,34,높음,해당지역,,,,27000.0,23500.0,38000.0,,51.4,38.1,62.4,590.854
신대방2동,동작구,행정동,37.49615387135251,126.92433343693187,단독다가구,매매,11,보통,법정동,100000.0,78250.0,123500.0,,,,,192.0,122.4,241.4,506.244
신대방2동,동작구,행정동,37.49615387135251,126.92433343693187,아파트,매매,107,높음,해당지역,130000.0,80000.0,149950.0,,,,,76.9,59.9,99.0,1260.469
신대방2동,동작구,행정동,37.49615387135251,126.92433343693187,연립다세대,매매,74,높음,해당지역,37250.0,27625.0,44400.0,,,,,45.2,27.9,63.2,829.662
신대방2동,동작구,행정동,37.49615387135251,126.92433343693187,오피스텔,매매,24,보통,법정동,41500.0,26350.0,52425.0,,,,,61.4,41.5,86.4,635.789
신대방2동,동작구,행정동,37.49615387135251,126.92433343693187,단독다가구,월세,652,높음,법정동,,,,1000.0,,,45.0,20.0,18.0,30.0,
신대방2동,동작구,행정동,37.49615387135251,126.92433343693187,아파트,월세,60,높음,해당지역,,,,30000.0,,,105.0,60.0,59.9,84.9,
신대방2동,동작구,행정동,37.49615387135251,126.92433343693187,연립다세대,월세,116,높음,해당지역,,,,10000.0,,,44.0,30.0,19.0,58.3,
신대방2동,동작구,행정동,37.49615387135251,126.92433343693187,오피스텔,월세,64,높음,법정동,,,,1000.0,,,67.0,24.1,20.3,41.5,
신대방2동,동작구,행정동,37.49615387135251,126.92433343693187,단독다가구,전세,98,높음,법정동,,,,11000.0,7350.0,15000.0,,30.3,20.0,45.4,331.502
신대방2동,동작구,행정동,37.49615387135251,126.92433343693187,아파트,전세,123,높음,해당지역,,,,70000.0,60000.0,80000.0,,59.9,59.9,84.9,918.657
신대방2동,동작구,행정동,37.49615387135251,126.92433343693187,연립다세대,전세,46,높음,해당지역,,,,23000.0,16458.8,29437.5,,45.2,29.7,61.1,491.566
신대방2동,동작구,행정동,37.49615387135251,126.92433343693187,오피스텔,전세,34,높음,법정동,,,,27000.0,23500.0,38000.0,,51.4,38.1,62.4,590.854
흑석동,동작구,행정동,37.505222319216664,126.9625445894138,단독다가구,매매,11,보통,해당지역,144500.0,119550.0,180000.0,,,,,139.1,110.5,188.3,870.383
흑석동,동작구,행정동,37.505222319216664,126.9625445894138,아파트,매매,132,높음,해당지역,214500.0,150750.0,237000.0,,,,,84.2,59.9,85.0,2707.794
흑석동,동작구,행정동,37.505222319216664,126.9625445894138,연립다세대,매매,39,높음,해당지역,65000.0,45000.0,90500.0,,,,,51.6,30.0,59.2,1293.706
흑석동,동작구,행정동,37.505222319216664,126.9625445894138,오피스텔,매매,52,높음,자치구,24900.0,19550.0,40750.0,,,,,37.0,22.2,61.4,721.222
흑석동,동작구,행정동,37.505222319216664,126.9625445894138,단독다가구,월세,402,높음,해당지역,,,,500.0,,,55.0,19.0,16.7,21.0,
흑석동,동작구,행정동,37.505222319216664,126.9625445894138,아파트,월세,290,높음,해당지역,,,,15000.0,,,120.0,84.8,59.9,85.0,
흑석동,동작구,행정동,37.505222319216664,126.9625445894138,연립다세대,월세,35,높음,해당지역,,,,5000.0,,,60.0,42.2,32.8,57.4,
흑석동,동작구,행정동,37.505222319216664,126.9625445894138,오피스텔,월세,366,높음,자치구,,,,1000.0,,,65.0,21.3,18.8,24.1,
흑석동,동작구,행정동,37.505222319216664,126.9625445894138,단독다가구,전세,38,높음,해당지역,,,,12000.0,6625.0,15000.0,,20.0,17.4,38.8,469.589
흑석동,동작구,행정동,37.505222319216664,126.9625445894138,아파트,전세,308,높음,해당지역,,,,85000.0,69000.0,100000.0,,84.9,83.5,85.0,1000.025
흑석동,동작구,행정동,37.505222319216664,126.9625445894138,연립다세대,전세,34,높음,해당지역,,,,29650.0,26625.0,35840.0,,50.1,29.9,56.5,669.346
흑석동,동작구,행정동,37.505222319216664,126.9625445894138,오피스텔,전세,100,높음,자치구,,,,22500.0,18860.0,26287.5,,24.1,22.4,41.5,726.227
공덕동,마포구,행정동,37.54897404956681,126.95753804849511,단독다가구,매매,100,높음,자치구,172192.5,116750.0,233662.2,,,,,134.4,68.6,223.3,1255.227
공덕동,마포구,행정동,37.54897404956681,126.95753804849511,아파트,매매,95,높음,해당지역,180000.0,137000.0,210000.0,,,,,84.7,59.6,85.0,2325.171
공덕동,마포구,행정동,37.54897404956681,126.95753804849511,연립다세대,매매,46,높음,해당지역,63500.0,51125.0,71375.0,,,,,46.7,36.6,55.7,1365.516
공덕동,마포구,행정동,37.54897404956681,126.95753804849511,오피스텔,매매,72,높음,해당지역,21900.0,14975.0,28500.0,,,,,30.9,18.8,35.0,789.858
공덕동,마포구,행정동,37.54897404956681,126.95753804849511,단독다가구,월세,29,보통,해당지역,,,,2000.0,,,55.0,24.8,19.8,39.8,
공덕동,마포구,행정동,37.54897404956681,126.95753804849511,아파트,월세,276,높음,해당지역,,,,20000.0,,,149.0,60.0,49.5,85.0,
공덕동,마포구,행정동,37.54897404956681,126.95753804849511,연립다세대,월세,74,높음,해당지역,,,,3000.0,,,50.0,47.1,32.5,58.9,
공덕동,마포구,행정동,37.54897404956681,126.95753804849511,오피스텔,월세,511,높음,해당지역,,,,1000.0,,,70.0,21.9,18.2,31.1,
공덕동,마포구,행정동,37.54897404956681,126.95753804849511,단독다가구,전세,480,높음,자치구,,,,16500.0,12000.0,23000.0,,40.0,30.0,54.2,416.82
공덕동,마포구,행정동,37.54897404956681,126.95753804849511,아파트,전세,250,높음,해당지역,,,,78375.0,68000.0,90000.0,,84.9,60.0,85.0,1035.416
공덕동,마포구,행정동,37.54897404956681,126.95753804849511,연립다세대,전세,135,높음,해당지역,,,,23000.0,15750.0,28500.0,,38.6,29.5,53.9,584.174
공덕동,마포구,행정동,37.54897404956681,126.95753804849511,오피스텔,전세,144,높음,해당지역,,,,28732.5,19300.0,33417.5,,29.2,23.0,38.1,902.386
대흥동,마포구,행정동,37.55431394239574,126.94203713643458,단독다가구,매매,100,높음,자치구,172192.5,116750.0,233662.2,,,,,134.4,68.6,223.3,1255.227
대흥동,마포구,행정동,37.55431394239574,126.94203713643458,아파트,매매,32,높음,해당지역,117400.0,26650.0,223500.0,,,,,51.3,32.3,60.0,1804.055
대흥동,마포구,행정동,37.55431394239574,126.94203713643458,연립다세대,매매,33,높음,해당지역,51700.0,49000.0,72000.0,,,,,18.8,16.5,25.7,2752.294
대흥동,마포구,행정동,37.55431394239574,126.94203713643458,오피스텔,매매,20,보통,해당지역,25100.0,13187.5,25650.0,,,,,28.8,19.6,29.1,861.359
대흥동,마포구,행정동,37.55431394239574,126.94203713643458,단독다가구,월세,174,높음,법정동,,,,1000.0,,,60.0,25.0,19.6,38.2,
대흥동,마포구,행정동,37.55431394239574,126.94203713643458,아파트,월세,271,높음,해당지역,,,,2000.0,,,105.0,34.6,29.6,60.9,
대흥동,마포구,행정동,37.55431394239574,126.94203713643458,연립다세대,월세,73,높음,해당지역,,,,2000.0,,,61.0,24.8,17.5,29.9,
대흥동,마포구,행정동,37.55431394239574,126.94203713643458,오피스텔,월세,106,높음,해당지역,,,,1000.0,,,75.0,28.8,26.1,30.6,
대흥동,마포구,행정동,37.55431394239574,126.94203713643458,단독다가구,전세,23,보통,법정동,,,,18000.0,12275.0,25000.0,,35.9,26.0,48.1,537.634
대흥동,마포구,행정동,37.55431394239574,126.94203713643458,아파트,전세,156,높음,해당지역,,,,86550.0,75130.0,100462.5,,60.0,60.0,85.0,1294.422
대흥동,마포구,행정동,37.55431394239574,126.94203713643458,연립다세대,전세,108,높음,해당지역,,,,18750.0,15700.0,27000.0,,22.8,17.3,29.1,933.231
대흥동,마포구,행정동,37.55431394239574,126.94203713643458,오피스텔,전세,15,보통,해당지역,,,,20000.0,13000.0,26697.5,,28.8,26.1,36.4,694.444
도화동,마포구,행정동,37.53895112239767,126.94949625289776,단독다가구,매매,100,높음,자치구,172192.5,116750.0,233662.2,,,,,134.4,68.6,223.3,1255.227
도화동,마포구,행정동,37.53895112239767,126.94949625289776,아파트,매매,100,높음,해당지역,166125.0,152875.0,187125.0,,,,,79.9,68.2,112.1,2286.549
도화동,마포구,행정동,37.53895112239767,126.94949625289776,연립다세대,매매,961,높음,자치구,44700.0,33150.0,55500.0,,,,,38.5,29.8,53.4,1029.703
도화동,마포구,행정동,37.53895112239767,126.94949625289776,오피스텔,매매,31,높음,해당지역,24500.0,17250.0,41450.0,,,,,26.1,23.4,43.6,914.286
도화동,마포구,행정동,37.53895112239767,126.94949625289776,단독다가구,월세,25,보통,해당지역,,,,1000.0,,,55.0,19.8,19.3,22.0,
도화동,마포구,행정동,37.53895112239767,126.94949625289776,아파트,월세,148,높음,해당지역,,,,20000.0,,,145.0,76.0,59.3,85.0,
도화동,마포구,행정동,37.53895112239767,126.94949625289776,연립다세대,월세,82,높음,해당지역,,,,2500.0,,,56.5,30.1,24.3,46.6,
도화동,마포구,행정동,37.53895112239767,126.94949625289776,오피스텔,월세,126,높음,해당지역,,,,1000.0,,,75.0,23.0,20.2,26.2,
도화동,마포구,행정동,37.53895112239767,126.94949625289776,단독다가구,전세,25,보통,법정동,,,,15000.0,12000.0,18000.0,,35.0,32.5,49.7,361.75
도화동,마포구,행정동,37.53895112239767,126.94949625289776,아파트,전세,238,높음,해당지역,,,,59000.0,51775.0,68000.0,,79.8,59.9,85.0,775.971
도화동,마포구,행정동,37.53895112239767,126.94949625289776,연립다세대,전세,92,높음,해당지역,,,,23000.0,20000.0,28125.0,,22.9,19.3,28.5,1069.762
도화동,마포구,행정동,37.53895112239767,126.94949625289776,오피스텔,전세,30,높음,해당지역,,,,14500.0,13500.0,19512.0,,20.2,20.2,26.1,666.667
망원1동,마포구,행정동,37.554816014054936,126.90481036245588,단독다가구,매매,11,보통,법정동,210000.0,162000.0,229000.0,,,,,238.9,193.3,296.9,790.259
망원1동,마포구,행정동,37.554816014054936,126.90481036245588,아파트,매매,36,높음,해당지역,111750.0,77375.0,135625.0,,,,,84.8,59.9,85.0,1315.249
망원1동,마포구,행정동,37.554816014054936,126.90481036245588,연립다세대,매매,135,높음,해당지역,40000.0,31250.0,49900.0,,,,,36.9,30.5,48.6,952.154
망원1동,마포구,행정동,37.554816014054936,126.90481036245588,오피스텔,매매,449,높음,자치구,22100.0,14700.0,31000.0,,,,,28.8,20.4,36.7,759.69
망원1동,마포구,행정동,37.554816014054936,126.90481036245588,단독다가구,월세,417,높음,법정동,,,,1500.0,,,65.0,35.0,23.1,45.1,
망원1동,마포구,행정동,37.554816014054936,126.90481036245588,아파트,월세,18,보통,해당지역,,,,28000.0,,,150.0,84.7,62.3,88.4,
망원1동,마포구,행정동,37.554816014054936,126.90481036245588,연립다세대,월세,304,높음,해당지역,,,,5000.0,,,56.0,30.6,24.9,44.0,
망원1동,마포구,행정동,37.554816014054936,126.90481036245588,오피스텔,월세,3043,높음,자치구,,,,1000.0,,,73.0,20.3,18.0,25.5,
망원1동,마포구,행정동,37.554816014054936,126.90481036245588,단독다가구,전세,41,높음,법정동,,,,20000.0,13000.0,25000.0,,55.0,38.9,67.2,390.957
망원1동,마포구,행정동,37.554816014054936,126.90481036245588,아파트,전세,47,높음,해당지역,,,,65000.0,52250.0,78000.0,,84.2,59.9,85.0,769.971
망원1동,마포구,행정동,37.554816014054936,126.90481036245588,연립다세대,전세,202,높음,해당지역,,,,24000.0,19612.5,29600.0,,36.9,29.2,48.9,601.055
망원1동,마포구,행정동,37.554816014054936,126.90481036245588,오피스텔,전세,471,높음,자치구,,,,26000.0,17850.0,33000.0,,27.1,20.4,35.6,856.299
망원2동,마포구,행정동,37.559580129257185,126.90143042227263,단독다가구,매매,11,보통,법정동,210000.0,162000.0,229000.0,,,,,238.9,193.3,296.9,790.259
망원2동,마포구,행정동,37.559580129257185,126.90143042227263,아파트,매매,84,높음,해당지역,78000.0,64550.0,89625.0,,,,,59.9,49.7,84.3,1148.848
망원2동,마포구,행정동,37.559580129257185,126.90143042227263,연립다세대,매매,101,높음,해당지역,39500.0,32200.0,47900.0,,,,,39.3,30.0,50.6,879.622
망원2동,마포구,행정동,37.559580129257185,126.90143042227263,오피스텔,매매,449,높음,자치구,22100.0,14700.0,31000.0,,,,,28.8,20.4,36.7,759.69
망원2동,마포구,행정동,37.559580129257185,126.90143042227263,단독다가구,월세,417,높음,법정동,,,,1500.0,,,65.0,35.0,23.1,45.1,
망원2동,마포구,행정동,37.559580129257185,126.90143042227263,아파트,월세,62,높음,해당지역,,,,13500.0,,,125.0,60.0,48.7,82.7,
망원2동,마포구,행정동,37.559580129257185,126.90143042227263,연립다세대,월세,140,높음,해당지역,,,,4000.0,,,55.0,33.6,26.0,43.6,
망원2동,마포구,행정동,37.559580129257185,126.90143042227263,오피스텔,월세,3043,높음,자치구,,,,1000.0,,,73.0,20.3,18.0,25.5,
망원2동,마포구,행정동,37.559580129257185,126.90143042227263,단독다가구,전세,41,높음,법정동,,,,20000.0,13000.0,25000.0,,55.0,38.9,67.2,390.957
망원2동,마포구,행정동,37.559580129257185,126.90143042227263,아파트,전세,72,높음,해당지역,,,,48000.0,42000.0,55737.5,,59.9,49.7,84.6,749.573
망원2동,마포구,행정동,37.559580129257185,126.90143042227263,연립다세대,전세,124,높음,해당지역,,,,23050.0,16000.0,30000.0,,36.8,29.6,49.6,608.386
망원2동,마포구,행정동,37.559580129257185,126.90143042227263,오피스텔,전세,471,높음,자치구,,,,26000.0,17850.0,33000.0,,27.1,20.4,35.6,856.299
상암동,마포구,행정동,37.58152554021732,126.88559519219243,단독다가구,매매,100,높음,자치구,172192.5,116750.0,233662.2,,,,,134.4,68.6,223.3,1255.227
상암동,마포구,행정동,37.58152554021732,126.88559519219243,아파트,매매,126,높음,해당지역,127500.0,109000.0,143875.0,,,,,84.9,84.4,84.9,1565.594
상암동,마포구,행정동,37.58152554021732,126.88559519219243,연립다세대,매매,10,보통,해당지역,12500.0,11025.0,20625.0,,,,,17.0,15.1,26.9,768.565
상암동,마포구,행정동,37.58152554021732,126.88559519219243,오피스텔,매매,65,높음,해당지역,13770.0,10700.0,15500.0,,,,,24.2,19.9,24.2,561.254
상암동,마포구,행정동,37.58152554021732,126.88559519219243,단독다가구,월세,65,높음,해당지역,,,,2000.0,,,70.0,39.6,23.1,74.6,
상암동,마포구,행정동,37.58152554021732,126.88559519219243,아파트,월세,570,높음,해당지역,,,,5000.0,,,36.0,49.9,49.6,59.9,
상암동,마포구,행정동,37.58152554021732,126.88559519219243,연립다세대,월세,74,높음,해당지역,,,,1000.0,,,52.0,17.6,15.1,21.0,
상암동,마포구,행정동,37.58152554021732,126.88559519219243,오피스텔,월세,571,높음,해당지역,,,,1000.0,,,70.0,20.7,19.9,24.2,
상암동,마포구,행정동,37.58152554021732,126.88559519219243,단독다가구,전세,17,보통,해당지역,,,,15000.0,12000.0,23000.0,,52.0,26.4,70.0,386.1
상암동,마포구,행정동,37.58152554021732,126.88559519219243,아파트,전세,303,높음,해당지역,,,,60200.0,53000.0,70000.0,,84.8,84.7,84.9,768.958
상암동,마포구,행정동,37.58152554021732,126.88559519219243,연립다세대,전세,32,높음,해당지역,,,,12750.0,10323.2,18500.0,,18.5,15.8,27.5,656.984
상암동,마포구,행정동,37.58152554021732,126.88559519219243,오피스텔,전세,39,높음,해당지역,,,,17300.0,14540.0,22750.0,,20.7,19.8,24.4,775.816
서강동,마포구,행정동,37.54841063981322,126.92754726215284,단독다가구,매매,10,보통,해당지역,234000.0,97250.0,284750.0,,,,,214.3,107.2,322.2,1227.499
서강동,마포구,행정동,37.54841063981322,126.92754726215284,아파트,매매,89,높음,해당지역,165000.0,145500.0,195000.0,,,,,84.9,74.8,85.0,1991.038
서강동,마포구,행정동,37.54841063981322,126.92754726215284,연립다세대,매매,65,높음,해당지역,48000.0,35000.0,58900.0,,,,,36.8,25.7,49.5,1275.276
서강동,마포구,행정동,37.54841063981322,126.92754726215284,오피스텔,매매,12,보통,해당지역,20250.0,18075.0,22150.0,,,,,29.5,27.2,30.4,686.441
서강동,마포구,행정동,37.54841063981322,126.92754726215284,단독다가구,월세,254,높음,해당지역,,,,1000.0,,,59.5,25.0,20.0,33.0,
서강동,마포구,행정동,37.54841063981322,126.92754726215284,아파트,월세,241,높음,해당지역,,,,9600.0,,,59.0,59.2,17.3,84.9,
서강동,마포구,행정동,37.54841063981322,126.92754726215284,연립다세대,월세,175,높음,해당지역,,,,2500.0,,,60.0,28.8,21.3,39.3,
서강동,마포구,행정동,37.54841063981322,126.92754726215284,오피스텔,월세,44,높음,해당지역,,,,2500.0,,,53.0,16.7,16.6,21.8,
서강동,마포구,행정동,37.54841063981322,126.92754726215284,단독다가구,전세,36,높음,해당지역,,,,15000.0,11000.0,19250.0,,36.2,24.6,43.5,466.756
서강동,마포구,행정동,37.54841063981322,126.92754726215284,아파트,전세,173,높음,해당지역,,,,80000.0,70000.0,92400.0,,84.9,83.8,85.0,976.744
서강동,마포구,행정동,37.54841063981322,126.92754726215284,연립다세대,전세,98,높음,해당지역,,,,22435.0,17000.0,27000.0,,36.7,28.9,50.9,585.638
서강동,마포구,행정동,37.54841063981322,126.92754726215284,오피스텔,전세,471,높음,자치구,,,,26000.0,17850.0,33000.0,,27.1,20.4,35.6,856.299
서교동,마포구,행정동,37.55343136273355,126.91919057709012,단독다가구,매매,14,보통,해당지역,210350.0,124000.0,373750.0,,,,,57.5,35.9,143.0,3190.646
서교동,마포구,행정동,37.55343136273355,126.91919057709012,아파트,매매,40,높음,해당지역,100750.0,58875.0,234750.0,,,,,92.4,57.4,142.0,1095.996
서교동,마포구,행정동,37.55343136273355,126.91919057709012,연립다세대,매매,88,높음,해당지역,33750.0,27500.0,48400.0,,,,,43.7,29.9,56.0,787.096
서교동,마포구,행정동,37.55343136273355,126.91919057709012,오피스텔,매매,52,높음,해당지역,22900.0,20225.0,24350.0,,,,,32.2,29.1,37.3,684.476
서교동,마포구,행정동,37.55343136273355,126.91919057709012,단독다가구,월세,482,높음,해당지역,,,,1000.0,,,65.0,28.0,21.1,40.0,
서교동,마포구,행정동,37.55343136273355,126.91919057709012,아파트,월세,573,높음,해당지역,,,,7808.0,,,75.0,37.2,17.9,37.2,
서교동,마포구,행정동,37.55343136273355,126.91919057709012,연립다세대,월세,445,높음,해당지역,,,,2000.0,,,65.0,27.8,18.4,39.8,
서교동,마포구,행정동,37.55343136273355,126.91919057709012,오피스텔,월세,247,높음,해당지역,,,,1000.0,,,89.0,20.6,17.7,28.3,
서교동,마포구,행정동,37.55343136273355,126.91919057709012,단독다가구,전세,58,높음,해당지역,,,,18185.0,10922.5,21000.0,,41.6,29.8,51.5,419.615
서교동,마포구,행정동,37.55343136273355,126.91919057709012,아파트,전세,42,높음,해당지역,,,,79000.0,31250.0,177625.0,,107.7,61.1,142.0,1118.275
서교동,마포구,행정동,37.55343136273355,126.91919057709012,연립다세대,전세,128,높음,해당지역,,,,26000.0,17000.0,33150.0,,36.1,27.0,50.3,605.778
서교동,마포구,행정동,37.55343136273355,126.91919057709012,오피스텔,전세,39,높음,해당지역,,,,21000.0,17850.0,23750.0,,22.7,18.0,32.8,849.171
성산1동,마포구,행정동,37.56193837922532,126.91147362799362,단독다가구,매매,100,높음,자치구,172192.5,116750.0,233662.2,,,,,134.4,68.6,223.3,1255.227
성산1동,마포구,행정동,37.56193837922532,126.91147362799362,아파트,매매,15,보통,해당지역,78000.0,76500.0,80500.0,,,,,59.7,53.6,83.4,1155.973
성산1동,마포구,행정동,37.56193837922532,126.91147362799362,연립다세대,매매,133,높음,해당지역,47500.0,39300.0,55000.0,,,,,49.4,34.4,65.9,883.234
성산1동,마포구,행정동,37.56193837922532,126.91147362799362,오피스텔,매매,82,높음,법정동,15150.0,14225.0,19650.0,,,,,19.8,16.9,23.7,777.457
성산1동,마포구,행정동,37.56193837922532,126.91147362799362,단독다가구,월세,345,높음,법정동,,,,1500.0,,,60.0,34.9,23.5,45.1,
성산1동,마포구,행정동,37.56193837922532,126.91147362799362,아파트,월세,51,높음,해당지역,,,,19000.0,,,50.0,31.7,30.9,32.8,
성산1동,마포구,행정동,37.56193837922532,126.91147362799362,연립다세대,월세,299,높음,해당지역,,,,5000.0,,,40.0,32.1,24.4,49.4,
성산1동,마포구,행정동,37.56193837922532,126.91147362799362,오피스텔,월세,23,보통,해당지역,,,,7000.0,,,25.0,23.4,20.8,23.9,
성산1동,마포구,행정동,37.56193837922532,126.91147362799362,단독다가구,전세,42,높음,법정동,,,,14250.0,12150.0,20000.0,,37.5,31.9,45.0,395.382
성산1동,마포구,행정동,37.56193837922532,126.91147362799362,아파트,전세,14,보통,해당지역,,,,51475.0,49250.0,52500.0,,56.6,53.6,83.6,821.377
성산1동,마포구,행정동,37.56193837922532,126.91147362799362,연립다세대,전세,178,높음,해당지역,,,,25000.0,19000.0,30000.0,,34.5,28.5,50.9,685.311
성산1동,마포구,행정동,37.56193837922532,126.91147362799362,오피스텔,전세,33,높음,해당지역,,,,37300.0,36000.0,38200.0,,34.5,33.9,34.7,1074.928
성산2동,마포구,행정동,37.56737991189872,126.90422161211548,단독다가구,매매,100,높음,자치구,172192.5,116750.0,233662.2,,,,,134.4,68.6,223.3,1255.227
성산2동,마포구,행정동,37.56737991189872,126.90422161211548,아파트,매매,129,높음,해당지역,111500.0,94500.0,129000.0,,,,,84.5,59.9,84.9,1401.649
성산2동,마포구,행정동,37.56737991189872,126.90422161211548,연립다세대,매매,80,높음,해당지역,39900.0,30900.0,47625.0,,,,,40.5,34.7,54.7,928.238
성산2동,마포구,행정동,37.56737991189872,126.90422161211548,오피스텔,매매,78,높음,해당지역,15150.0,14325.0,18350.0,,,,,19.5,16.9,23.2,777.457
성산2동,마포구,행정동,37.56737991189872,126.90422161211548,단독다가구,월세,37,높음,해당지역,,,,3700.0,,,45.0,36.2,23.1,46.4,
성산2동,마포구,행정동,37.56737991189872,126.90422161211548,아파트,월세,232,높음,해당지역,,,,9500.0,,,100.0,50.5,50.0,59.7,
성산2동,마포구,행정동,37.56737991189872,126.90422161211548,연립다세대,월세,104,높음,해당지역,,,,4500.0,,,45.0,32.1,24.8,41.2,
성산2동,마포구,행정동,37.56737991189872,126.90422161211548,오피스텔,월세,1112,높음,해당지역,,,,1000.0,,,75.0,18.6,16.8,20.4,
성산2동,마포구,행정동,37.56737991189872,126.90422161211548,단독다가구,전세,42,높음,법정동,,,,14250.0,12150.0,20000.0,,37.5,31.9,45.0,395.382
성산2동,마포구,행정동,37.56737991189872,126.90422161211548,아파트,전세,412,높음,해당지역,,,,34000.0,30000.0,41000.0,,50.5,50.0,59.4,639.408
성산2동,마포구,행정동,37.56737991189872,126.90422161211548,연립다세대,전세,113,높음,해당지역,,,,25000.0,19500.0,30380.0,,39.3,29.8,47.8,678.426
성산2동,마포구,행정동,37.56737991189872,126.90422161211548,오피스텔,전세,83,높음,해당지역,,,,23500.0,18700.0,29900.0,,22.2,20.0,27.5,1012.589
신수동,마포구,행정동,37.54642907536209,126.93515378080147,단독다가구,매매,100,높음,자치구,172192.5,116750.0,233662.2,,,,,134.4,68.6,223.3,1255.227
신수동,마포구,행정동,37.54642907536209,126.93515378080147,아파트,매매,92,높음,해당지역,165250.0,142500.0,203320.8,,,,,84.8,59.8,85.0,2214.119
신수동,마포구,행정동,37.54642907536209,126.93515378080147,연립다세대,매매,30,높음,해당지역,61000.0,50000.0,78000.0,,,,,30.7,26.3,48.3,1984.979
신수동,마포구,행정동,37.54642907536209,126.93515378080147,오피스텔,매매,449,높음,자치구,22100.0,14700.0,31000.0,,,,,28.8,20.4,36.7,759.69
신수동,마포구,행정동,37.54642907536209,126.93515378080147,단독다가구,월세,21,보통,해당지역,,,,1000.0,,,57.0,41.0,30.7,53.0,
신수동,마포구,행정동,37.54642907536209,126.93515378080147,아파트,월세,147,높음,해당지역,,,,25000.0,,,140.0,84.7,59.8,85.0,
신수동,마포구,행정동,37.54642907536209,126.93515378080147,연립다세대,월세,108,높음,해당지역,,,,5000.0,,,50.0,29.8,20.2,45.6,
신수동,마포구,행정동,37.54642907536209,126.93515378080147,오피스텔,월세,20,보통,해당지역,,,,10435.0,,,22.5,24.4,22.7,25.2,
신수동,마포구,행정동,37.54642907536209,126.93515378080147,단독다가구,전세,26,보통,법정동,,,,19900.0,11000.0,23500.0,,38.5,28.4,52.2,457.524
신수동,마포구,행정동,37.54642907536209,126.93515378080147,아파트,전세,236,높음,해당지역,,,,76825.0,60000.0,100000.0,,84.8,60.0,85.0,965.438
신수동,마포구,행정동,37.54642907536209,126.93515378080147,연립다세대,전세,126,높음,해당지역,,,,29250.0,23000.0,33000.0,,30.8,26.3,43.1,902.795
신수동,마포구,행정동,37.54642907536209,126.93515378080147,오피스텔,전세,471,높음,자치구,,,,26000.0,17850.0,33000.0,,27.1,20.4,35.6,856.299
아현동,마포구,행정동,37.55222845584711,126.9524497327336,단독다가구,매매,100,높음,자치구,172192.5,116750.0,233662.2,,,,,134.4,68.6,223.3,1255.227
아현동,마포구,행정동,37.55222845584711,126.9524497327336,아파트,매매,161,높음,해당지역,205000.0,158000.0,225000.0,,,,,60.0,59.9,84.9,2941.869
아현동,마포구,행정동,37.55222845584711,126.9524497327336,연립다세대,매매,33,높음,법정동,65200.0,55000.0,71500.0,,,,,46.6,37.1,53.8,1385.59
아현동,마포구,행정동,37.55222845584711,126.9524497327336,오피스텔,매매,47,높음,해당지역,23500.0,20900.0,37800.0,,,,,31.4,31.1,44.3,733.068
아현동,마포구,행정동,37.55222845584711,126.9524497327336,단독다가구,월세,31,높음,법정동,,,,2000.0,,,60.0,46.3,29.9,75.0,
아현동,마포구,행정동,37.55222845584711,126.9524497327336,아파트,월세,415,높음,해당지역,,,,25000.0,,,160.0,60.0,59.7,84.9,
아현동,마포구,행정동,37.55222845584711,126.9524497327336,연립다세대,월세,59,높음,법정동,,,,3000.0,,,50.0,42.8,29.9,55.3,
아현동,마포구,행정동,37.55222845584711,126.9524497327336,오피스텔,월세,56,높음,해당지역,,,,4500.0,,,83.5,31.4,30.1,33.1,
아현동,마포구,행정동,37.55222845584711,126.9524497327336,단독다가구,전세,480,높음,자치구,,,,16500.0,12000.0,23000.0,,40.0,30.0,54.2,416.82
아현동,마포구,행정동,37.55222845584711,126.9524497327336,아파트,전세,431,높음,해당지역,,,,80000.0,69000.0,97100.0,,60.0,59.9,84.9,1215.709
아현동,마포구,행정동,37.55222845584711,126.9524497327336,연립다세대,전세,21,보통,해당지역,,,,30000.0,23550.0,31500.0,,29.3,22.7,32.3,1001.001
아현동,마포구,행정동,37.55222845584711,126.9524497327336,오피스텔,전세,33,높음,해당지역,,,,26700.0,23000.0,35300.0,,33.0,31.4,37.6,830.588
연남동,마포구,행정동,37.56283691798695,126.92129875931369,단독다가구,매매,100,높음,자치구,172192.5,116750.0,233662.2,,,,,134.4,68.6,223.3,1255.227
연남동,마포구,행정동,37.56283691798695,126.92129875931369,아파트,매매,27,보통,해당지역,107000.0,78750.0,126000.0,,,,,84.9,59.9,85.0,1330.413
연남동,마포구,행정동,37.56283691798695,126.92129875931369,연립다세대,매매,59,높음,해당지역,36000.0,27778.0,52000.0,,,,,42.5,29.9,56.2,810.664
연남동,마포구,행정동,37.56283691798695,126.92129875931369,오피스텔,매매,449,높음,자치구,22100.0,14700.0,31000.0,,,,,28.8,20.4,36.7,759.69
연남동,마포구,행정동,37.56283691798695,126.92129875931369,단독다가구,월세,355,높음,해당지역,,,,1000.0,,,70.0,31.2,21.0,40.0,
연남동,마포구,행정동,37.56283691798695,126.92129875931369,아파트,월세,23,보통,해당지역,,,,7000.0,,,200.0,80.2,59.9,85.0,
연남동,마포구,행정동,37.56283691798695,126.92129875931369,연립다세대,월세,331,높음,해당지역,,,,2000.0,,,60.0,29.0,17.8,41.3,
연남동,마포구,행정동,37.56283691798695,126.92129875931369,오피스텔,월세,3043,높음,자치구,,,,1000.0,,,73.0,20.3,18.0,25.5,
연남동,마포구,행정동,37.56283691798695,126.92129875931369,단독다가구,전세,54,높음,해당지역,,,,19515.0,11452.5,26250.0,,43.0,30.0,57.5,431.335
연남동,마포구,행정동,37.56283691798695,126.92129875931369,아파트,전세,16,보통,해당지역,,,,63000.0,50750.0,70350.0,,84.9,84.3,113.2,654.936
연남동,마포구,행정동,37.56283691798695,126.92129875931369,연립다세대,전세,79,높음,해당지역,,,,24000.0,15000.0,31900.0,,37.4,23.4,55.9,619.835
연남동,마포구,행정동,37.56283691798695,126.92129875931369,오피스텔,전세,471,높음,자치구,,,,26000.0,17850.0,33000.0,,27.1,20.4,35.6,856.299
염리동,마포구,행정동,37.55029192700964,126.94737263013411,단독다가구,매매,100,높음,자치구,172192.5,116750.0,233662.2,,,,,134.4,68.6,223.3,1255.227
염리동,마포구,행정동,37.55029192700964,126.94737263013411,아파트,매매,44,높음,해당지역,166000.0,131125.0,240000.0,,,,,59.9,58.7,84.9,2764.937
염리동,마포구,행정동,37.55029192700964,126.94737263013411,연립다세대,매매,25,보통,해당지역,94500.0,64000.0,110000.0,,,,,27.6,20.4,29.9,3918.285
염리동,마포구,행정동,37.55029192700964,126.94737263013411,오피스텔,매매,449,높음,자치구,22100.0,14700.0,31000.0,,,,,28.8,20.4,36.7,759.69
염리동,마포구,행정동,37.55029192700964,126.94737263013411,단독다가구,월세,129,높음,법정동,,,,1000.0,,,55.0,26.0,19.0,38.0,
염리동,마포구,행정동,37.55029192700964,126.94737263013411,아파트,월세,129,높음,해당지역,,,,15418.0,,,170.0,59.9,49.8,84.9,
염리동,마포구,행정동,37.55029192700964,126.94737263013411,연립다세대,월세,67,높음,해당지역,,,,3000.0,,,55.0,23.2,17.2,29.7,
염리동,마포구,행정동,37.55029192700964,126.94737263013411,오피스텔,월세,38,높음,해당지역,,,,1000.0,,,100.0,32.5,32.5,32.5,
염리동,마포구,행정동,37.55029192700964,126.94737263013411,단독다가구,전세,24,보통,법정동,,,,13000.0,12000.0,20000.0,,39.6,23.1,47.8,396.217
염리동,마포구,행정동,37.55029192700964,126.94737263013411,아파트,전세,169,높음,해당지역,,,,87800.0,63000.0,108000.0,,60.0,59.8,84.9,1276.346
염리동,마포구,행정동,37.55029192700964,126.94737263013411,연립다세대,전세,113,높음,해당지역,,,,18522.0,16000.0,23000.0,,21.8,18.2,27.1,857.955
염리동,마포구,행정동,37.55029192700964,126.94737263013411,오피스텔,전세,471,높음,자치구,,,,26000.0,17850.0,33000.0,,27.1,20.4,35.6,856.299
용강동,마포구,행정동,37.542152921089944,126.9433147130413,단독다가구,매매,100,높음,자치구,172192.5,116750.0,233662.2,,,,,134.4,68.6,223.3,1255.227
용강동,마포구,행정동,37.542152921089944,126.9433147130413,아파트,매매,133,높음,해당지역,147500.0,83000.0,205000.0,,,,,75.7,59.0,85.0,1770.145
용강동,마포구,행정동,37.542152921089944,126.9433147130413,연립다세대,매매,43,높음,해당지역,43800.0,40000.0,60000.0,,,,,31.1,26.7,47.5,1465.201
용강동,마포구,행정동,37.542152921089944,126.9433147130413,오피스텔,매매,45,높음,해당지역,46000.0,31700.0,101000.0,,,,,55.9,33.9,80.3,1155.255
용강동,마포구,행정동,37.542152921089944,126.9433147130413,단독다가구,월세,22,보통,해당지역,,,,2000.0,,,80.0,51.2,30.4,52.9,
용강동,마포구,행정동,37.542152921089944,126.9433147130413,아파트,월세,220,높음,해당지역,,,,27000.0,,,160.0,75.7,59.4,85.0,
용강동,마포구,행정동,37.542152921089944,126.9433147130413,연립다세대,월세,70,높음,해당지역,,,,10000.0,,,50.0,28.2,21.2,51.4,
용강동,마포구,행정동,37.542152921089944,126.9433147130413,오피스텔,월세,100,높음,해당지역,,,,2000.0,,,107.5,38.5,27.8,70.6,
용강동,마포구,행정동,37.542152921089944,126.9433147130413,단독다가구,전세,25,보통,법정동,,,,15000.0,12000.0,18000.0,,35.0,32.5,49.7,361.75
용강동,마포구,행정동,37.542152921089944,126.9433147130413,아파트,전세,187,높음,해당지역,,,,70000.0,60900.0,100000.0,,84.2,59.8,85.0,1034.157
용강동,마포구,행정동,37.542152921089944,126.9433147130413,연립다세대,전세,71,높음,해당지역,,,,26500.0,23000.0,30000.0,,30.0,26.4,45.3,876.488
용강동,마포구,행정동,37.542152921089944,126.9433147130413,오피스텔,전세,30,높음,해당지역,,,,50450.0,27800.0,67400.0,,64.8,33.9,80.3,838.216
합정동,마포구,행정동,37.549790778041704,126.91023911022836,단독다가구,매매,14,보통,해당지역,206001.0,187928.5,304528.8,,,,,163.6,124.7,195.2,1482.337
합정동,마포구,행정동,37.549790778041704,126.91023911022836,아파트,매매,21,보통,해당지역,140000.0,114000.0,209000.0,,,,,85.0,83.4,137.0,1482.326
합정동,마포구,행정동,37.549790778041704,126.91023911022836,연립다세대,매매,103,높음,해당지역,49800.0,37650.0,56000.0,,,,,35.6,30.0,50.2,1221.404
합정동,마포구,행정동,37.549790778041704,126.91023911022836,오피스텔,매매,19,보통,해당지역,29800.0,28650.0,35450.0,,,,,23.4,23.1,25.6,1255.955
합정동,마포구,행정동,37.549790778041704,126.91023911022836,단독다가구,월세,161,높음,해당지역,,,,2000.0,,,65.0,39.0,30.0,45.0,
합정동,마포구,행정동,37.549790778041704,126.91023911022836,아파트,월세,17,보통,해당지역,,,,35000.0,,,150.0,83.4,83.4,84.8,
합정동,마포구,행정동,37.549790778041704,126.91023911022836,연립다세대,월세,277,높음,해당지역,,,,6480.0,,,60.0,32.7,27.1,45.8,
합정동,마포구,행정동,37.549790778041704,126.91023911022836,오피스텔,월세,89,높음,해당지역,,,,1000.0,,,95.0,23.1,23.1,23.6,
합정동,마포구,행정동,37.549790778041704,126.91023911022836,단독다가구,전세,40,높음,해당지역,,,,21150.0,14000.0,25000.0,,44.8,33.4,53.0,428.75
합정동,마포구,행정동,37.549790778041704,126.91023911022836,아파트,전세,29,보통,해당지역,,,,63000.0,53000.0,98000.0,,83.9,74.0,84.9,770.325
합정동,마포구,행정동,37.549790778041704,126.91023911022836,연립다세대,전세,285,높음,해당지역,,,,24000.0,19000.0,30000.0,,36.6,29.6,50.7,603.379
합정동,마포구,행정동,37.549790778041704,126.91023911022836,오피스텔,전세,11,보통,해당지역,,,,28170.0,26500.0,30800.0,,23.4,21.2,24.6,1241.245
남가좌1동,서대문구,행정동,37.57167542704085,126.91698081315815,단독다가구,매매,106,높음,자치구,119000.0,85125.0,163467.5,,,,,149.7,83.9,202.2,877.109
남가좌1동,서대문구,행정동,37.57167542704085,126.91698081315815,아파트,매매,123,높음,해당지역,142000.0,128250.0,160000.0,,,,,84.9,60.0,85.0,1859.524
남가좌1동,서대문구,행정동,37.57167542704085,126.91698081315815,연립다세대,매매,32,높음,법정동,24500.0,18750.0,35000.0,,,,,45.0,29.9,54.1,524.947
남가좌1동,서대문구,행정동,37.57167542704085,126.91698081315815,오피스텔,매매,18,보통,법정동,33758.0,33315.2,34322.5,,,,,29.6,29.6,29.6,1138.488
남가좌1동,서대문구,행정동,37.57167542704085,126.91698081315815,단독다가구,월세,363,높음,법정동,,,,500.0,,,47.0,19.8,16.5,33.0,
남가좌1동,서대문구,행정동,37.57167542704085,126.91698081315815,아파트,월세,183,높음,해당지역,,,,23000.0,,,100.0,60.0,31.0,85.0,
남가좌1동,서대문구,행정동,37.57167542704085,126.91698081315815,연립다세대,월세,140,높음,법정동,,,,1000.0,,,45.0,26.8,15.4,41.7,
남가좌1동,서대문구,행정동,37.57167542704085,126.91698081315815,오피스텔,월세,1035,높음,자치구,,,,1000.0,,,80.0,19.2,16.6,25.4,
남가좌1동,서대문구,행정동,37.57167542704085,126.91698081315815,단독다가구,전세,51,높음,법정동,,,,12000.0,8750.0,15500.0,,40.5,29.5,60.1,310.773
남가좌1동,서대문구,행정동,37.57167542704085,126.91698081315815,아파트,전세,194,높음,해당지역,,,,73000.0,65000.0,79750.0,,85.0,60.0,85.0,926.82
남가좌1동,서대문구,행정동,37.57167542704085,126.91698081315815,연립다세대,전세,35,높음,법정동,,,,19700.0,13750.0,22650.0,,44.2,33.0,55.9,397.351
남가좌1동,서대문구,행정동,37.57167542704085,126.91698081315815,오피스텔,전세,160,높음,자치구,,,,20000.0,17000.0,23025.0,,22.2,17.6,28.8,815.535
남가좌2동,서대문구,행정동,37.57770463306909,126.91996934343894,단독다가구,매매,106,높음,자치구,119000.0,85125.0,163467.5,,,,,149.7,83.9,202.2,877.109
남가좌2동,서대문구,행정동,37.57770463306909,126.91996934343894,아파트,매매,191,높음,해당지역,120000.0,101500.0,134650.0,,,,,73.6,59.8,85.0,1595.056
남가좌2동,서대문구,행정동,37.57770463306909,126.91996934343894,연립다세대,매매,26,보통,해당지역,23500.0,16650.0,32750.0,,,,,45.0,30.0,52.7,508.547
남가좌2동,서대문구,행정동,37.57770463306909,126.91996934343894,오피스텔,매매,17,보통,해당지역,33758.0,33275.0,34081.0,,,,,29.6,29.6,29.6,1139.703
남가좌2동,서대문구,행정동,37.57770463306909,126.91996934343894,단독다가구,월세,363,높음,법정동,,,,500.0,,,47.0,19.8,16.5,33.0,
남가좌2동,서대문구,행정동,37.57770463306909,126.91996934343894,아파트,월세,213,높음,해당지역,,,,12189.0,,,74.0,59.9,43.3,84.8,
남가좌2동,서대문구,행정동,37.57770463306909,126.91996934343894,연립다세대,월세,138,높음,해당지역,,,,1000.0,,,45.0,26.6,15.2,41.6,
남가좌2동,서대문구,행정동,37.57770463306909,126.91996934343894,오피스텔,월세,1035,높음,자치구,,,,1000.0,,,80.0,19.2,16.6,25.4,
남가좌2동,서대문구,행정동,37.57770463306909,126.91996934343894,단독다가구,전세,51,높음,법정동,,,,12000.0,8750.0,15500.0,,40.5,29.5,60.1,310.773
남가좌2동,서대문구,행정동,37.57770463306909,126.91996934343894,아파트,전세,236,높음,해당지역,,,,65000.0,55000.0,72250.0,,84.8,59.8,85.0,875.604
남가좌2동,서대문구,행정동,37.57770463306909,126.91996934343894,연립다세대,전세,32,높음,해당지역,,,,19600.0,12500.0,22075.0,,44.5,33.3,57.4,375.003
남가좌2동,서대문구,행정동,37.57770463306909,126.91996934343894,오피스텔,전세,160,높음,자치구,,,,20000.0,17000.0,23025.0,,22.2,17.6,28.8,815.535
북가좌1동,서대문구,행정동,37.57444203966484,126.90898210476527,단독다가구,매매,15,보통,법정동,89500.0,77500.0,111000.0,,,,,130.2,100.1,220.2,608.181
북가좌1동,서대문구,행정동,37.57444203966484,126.90898210476527,아파트,매매,150,높음,해당지역,111000.0,85050.0,151250.0,,,,,84.9,65.3,85.0,1335.447
북가좌1동,서대문구,행정동,37.57444203966484,126.90898210476527,연립다세대,매매,36,높음,해당지역,89000.0,80000.0,98250.0,,,,,49.1,42.1,61.5,1744.447
북가좌1동,서대문구,행정동,37.57444203966484,126.90898210476527,오피스텔,매매,169,높음,자치구,22000.0,18000.0,30000.0,,,,,26.7,18.9,29.6,857.505
북가좌1동,서대문구,행정동,37.57444203966484,126.90898210476527,단독다가구,월세,264,높음,법정동,,,,1000.0,,,50.0,38.1,23.3,50.1,
북가좌1동,서대문구,행정동,37.57444203966484,126.90898210476527,아파트,월세,80,높음,해당지역,,,,20000.0,,,129.0,84.9,60.0,85.0,
북가좌1동,서대문구,행정동,37.57444203966484,126.90898210476527,연립다세대,월세,21,보통,해당지역,,,,3000.0,,,45.0,51.6,44.7,69.3,
북가좌1동,서대문구,행정동,37.57444203966484,126.90898210476527,오피스텔,월세,14,보통,법정동,,,,1000.0,,,60.0,22.0,21.8,27.3,
북가좌1동,서대문구,행정동,37.57444203966484,126.90898210476527,단독다가구,전세,48,높음,법정동,,,,13000.0,9750.0,16500.0,,48.7,39.9,65.6,276.474
북가좌1동,서대문구,행정동,37.57444203966484,126.90898210476527,아파트,전세,154,높음,해당지역,,,,65749.0,51625.0,79875.0,,84.9,60.0,85.0,838.19
북가좌1동,서대문구,행정동,37.57444203966484,126.90898210476527,연립다세대,전세,52,높음,해당지역,,,,17000.0,14750.0,22000.0,,57.5,46.9,63.1,320.049
북가좌1동,서대문구,행정동,37.57444203966484,126.90898210476527,오피스텔,전세,160,높음,자치구,,,,20000.0,17000.0,23025.0,,22.2,17.6,28.8,815.535
북가좌2동,서대문구,행정동,37.581673781000696,126.91403668736264,단독다가구,매매,15,보통,법정동,89500.0,77500.0,111000.0,,,,,130.2,100.1,220.2,608.181
북가좌2동,서대문구,행정동,37.581673781000696,126.91403668736264,아파트,매매,57,높음,해당지역,89500.0,84000.0,97800.0,,,,,84.9,84.6,114.0,1053.398
북가좌2동,서대문구,행정동,37.581673781000696,126.91403668736264,연립다세대,매매,183,높음,해당지역,31000.0,25250.0,39250.0,,,,,48.4,40.3,59.8,607.341
북가좌2동,서대문구,행정동,37.581673781000696,126.91403668736264,오피스텔,매매,169,높음,자치구,22000.0,18000.0,30000.0,,,,,26.7,18.9,29.6,857.505
북가좌2동,서대문구,행정동,37.581673781000696,126.91403668736264,단독다가구,월세,264,높음,법정동,,,,1000.0,,,50.0,38.1,23.3,50.1,
북가좌2동,서대문구,행정동,37.581673781000696,126.91403668736264,아파트,월세,25,보통,해당지역,,,,10000.0,,,120.0,84.6,33.6,85.0,
북가좌2동,서대문구,행정동,37.581673781000696,126.91403668736264,연립다세대,월세,328,높음,해당지역,,,,3000.0,,,38.5,36.9,27.6,47.9,
북가좌2동,서대문구,행정동,37.581673781000696,126.91403668736264,오피스텔,월세,13,보통,해당지역,,,,1000.0,,,60.0,21.8,21.8,24.8,
북가좌2동,서대문구,행정동,37.581673781000696,126.91403668736264,단독다가구,전세,48,높음,법정동,,,,13000.0,9750.0,16500.0,,48.7,39.9,65.6,276.474
북가좌2동,서대문구,행정동,37.581673781000696,126.91403668736264,아파트,전세,26,보통,해당지역,,,,52250.0,46250.0,58000.0,,84.6,63.9,85.0,616.399
북가좌2동,서대문구,행정동,37.581673781000696,126.91403668736264,연립다세대,전세,112,높음,해당지역,,,,18432.5,14525.0,22000.0,,47.6,37.0,59.1,374.207
북가좌2동,서대문구,행정동,37.581673781000696,126.91403668736264,오피스텔,전세,160,높음,자치구,,,,20000.0,17000.0,23025.0,,22.2,17.6,28.8,815.535
북아현동,서대문구,행정동,37.558985133015746,126.95159496336187,단독다가구,매매,24,보통,법정동,149500.0,119675.0,164280.0,,,,,109.8,44.7,143.2,1271.793
북아현동,서대문구,행정동,37.558985133015746,126.95159496336187,아파트,매매,79,높음,해당지역,187000.0,136750.0,205500.0,,,,,60.0,60.0,85.0,2335.844
북아현동,서대문구,행정동,37.558985133015746,126.95159496336187,연립다세대,매매,16,보통,해당지역,128550.0,121937.5,153050.0,,,,,58.0,34.8,72.2,2220.331
북아현동,서대문구,행정동,37.558985133015746,126.95159496336187,오피스텔,매매,11,보통,해당지역,32000.0,30250.0,34150.0,,,,,27.4,24.1,27.4,1141.553
북아현동,서대문구,행정동,37.558985133015746,126.95159496336187,단독다가구,월세,149,높음,법정동,,,,1000.0,,,55.0,36.4,25.3,45.1,
북아현동,서대문구,행정동,37.558985133015746,126.95159496336187,아파트,월세,151,높음,해당지역,,,,15481.0,,,140.0,60.0,59.8,84.9,
북아현동,서대문구,행정동,37.558985133015746,126.95159496336187,연립다세대,월세,53,높음,법정동,,,,3000.0,,,67.0,44.9,26.2,59.1,
북아현동,서대문구,행정동,37.558985133015746,126.95159496336187,오피스텔,월세,32,높음,해당지역,,,,1250.0,,,125.0,27.2,21.0,27.4,
북아현동,서대문구,행정동,37.558985133015746,126.95159496336187,단독다가구,전세,78,높음,법정동,,,,16000.0,11000.0,20000.0,,49.5,37.4,63.5,299.255
북아현동,서대문구,행정동,37.558985133015746,126.95159496336187,아파트,전세,214,높음,해당지역,,,,78000.0,55000.0,87875.0,,60.0,59.9,85.0,1059.384
북아현동,서대문구,행정동,37.558985133015746,126.95159496336187,연립다세대,전세,16,보통,해당지역,,,,15050.0,10000.0,20000.0,,64.0,54.7,78.5,236.282
북아현동,서대문구,행정동,37.558985133015746,126.95159496336187,오피스텔,전세,17,보통,해당지역,,,,30000.0,28000.0,45000.0,,27.2,21.0,42.5,1153.484
신촌동,서대문구,행정동,37.558729566027026,126.94042023289376,단독다가구,매매,106,높음,자치구,119000.0,85125.0,163467.5,,,,,149.7,83.9,202.2,877.109
신촌동,서대문구,행정동,37.558729566027026,126.94042023289376,아파트,매매,46,높음,해당지역,125000.0,70125.0,138500.0,,,,,80.4,59.7,83.4,1559.127
신촌동,서대문구,행정동,37.558729566027026,126.94042023289376,연립다세대,매매,18,보통,해당지역,37000.0,32000.0,46750.0,,,,,31.0,28.1,50.0,901.159
신촌동,서대문구,행정동,37.558729566027026,126.94042023289376,오피스텔,매매,83,높음,해당지역,21000.0,18150.0,23800.0,,,,,19.8,17.8,26.8,1000.0
신촌동,서대문구,행정동,37.558729566027026,126.94042023289376,단독다가구,월세,1139,높음,해당지역,,,,1000.0,,,60.0,19.8,17.1,23.1,
신촌동,서대문구,행정동,37.558729566027026,126.94042023289376,아파트,월세,107,높음,해당지역,,,,2000.0,,,110.0,24.1,16.6,59.7,
신촌동,서대문구,행정동,37.558729566027026,126.94042023289376,연립다세대,월세,334,높음,해당지역,,,,1000.0,,,62.0,22.4,14.0,34.4,
신촌동,서대문구,행정동,37.558729566027026,126.94042023289376,오피스텔,월세,659,높음,해당지역,,,,1000.0,,,90.0,17.8,15.6,20.3,
신촌동,서대문구,행정동,37.558729566027026,126.94042023289376,단독다가구,전세,73,높음,해당지역,,,,12000.0,8500.0,14000.0,,22.0,19.0,27.0,489.827
신촌동,서대문구,행정동,37.558729566027026,126.94042023289376,아파트,전세,50,높음,해당지역,,,,48000.0,42250.0,65000.0,,59.7,59.7,83.4,776.001
신촌동,서대문구,행정동,37.558729566027026,126.94042023289376,연립다세대,전세,74,높음,해당지역,,,,27400.0,20212.5,29000.0,,27.9,24.5,46.0,734.396
신촌동,서대문구,행정동,37.558729566027026,126.94042023289376,오피스텔,전세,73,높음,해당지역,,,,19600.0,16800.0,20000.0,,17.6,15.9,20.3,1064.789
연희동,서대문구,행정동,37.56877561771312,126.93122507384693,단독다가구,매매,22,보통,해당지역,207500.0,144125.0,297500.0,,,,,193.5,148.3,231.9,1244.624
연희동,서대문구,행정동,37.56877561771312,126.93122507384693,아파트,매매,112,높음,해당지역,90750.0,71187.5,109500.0,,,,,81.0,59.6,85.0,1181.296
연희동,서대문구,행정동,37.56877561771312,126.93122507384693,연립다세대,매매,90,높음,해당지역,35250.0,22307.8,46000.0,,,,,55.5,41.7,65.1,650.219
연희동,서대문구,행정동,37.56877561771312,126.93122507384693,오피스텔,매매,23,보통,해당지역,11500.0,9700.0,34500.0,,,,,19.2,16.8,55.5,617.284
연희동,서대문구,행정동,37.56877561771312,126.93122507384693,단독다가구,월세,782,높음,해당지역,,,,1000.0,,,58.0,21.0,18.0,33.0,
연희동,서대문구,행정동,37.56877561771312,126.93122507384693,아파트,월세,111,높음,해당지역,,,,3000.0,,,80.0,39.3,13.6,60.0,
연희동,서대문구,행정동,37.56877561771312,126.93122507384693,연립다세대,월세,332,높음,해당지역,,,,2000.0,,,58.0,38.2,21.3,57.2,
연희동,서대문구,행정동,37.56877561771312,126.93122507384693,오피스텔,월세,183,높음,해당지역,,,,1000.0,,,60.0,19.4,16.8,22.9,
연희동,서대문구,행정동,37.56877561771312,126.93122507384693,단독다가구,전세,70,높음,해당지역,,,,12000.0,9125.0,22750.0,,39.2,23.9,74.3,391.601
연희동,서대문구,행정동,37.56877561771312,126.93122507384693,아파트,전세,50,높음,해당지역,,,,55000.0,49770.0,67250.0,,84.8,62.0,85.0,651.265
연희동,서대문구,행정동,37.56877561771312,126.93122507384693,연립다세대,전세,83,높음,해당지역,,,,21000.0,15000.0,32500.0,,51.8,38.6,66.8,447.732
연희동,서대문구,행정동,37.56877561771312,126.93122507384693,오피스텔,전세,31,높음,해당지역,,,,11500.0,9700.0,24900.0,,26.0,19.0,34.0,539.523
천연동,서대문구,행정동,37.56955821388856,126.95832690865844,단독다가구,매매,106,높음,자치구,119000.0,85125.0,163467.5,,,,,149.7,83.9,202.2,877.109
천연동,서대문구,행정동,37.56955821388856,126.95832690865844,아파트,매매,128,높음,해당지역,120900.0,101625.0,136625.0,,,,,59.9,59.4,84.9,1641.853
천연동,서대문구,행정동,37.56955821388856,126.95832690865844,연립다세대,매매,675,높음,자치구,34000.0,25000.0,49000.0,,,,,48.7,36.9,61.5,709.96
천연동,서대문구,행정동,37.56955821388856,126.95832690865844,오피스텔,매매,169,높음,자치구,22000.0,18000.0,30000.0,,,,,26.7,18.9,29.6,857.505
천연동,서대문구,행정동,37.56955821388856,126.95832690865844,단독다가구,월세,88,높음,해당지역,,,,1000.0,,,56.0,32.7,22.9,46.0,
천연동,서대문구,행정동,37.56955821388856,126.95832690865844,아파트,월세,109,높음,해당지역,,,,20000.0,,,150.0,60.0,59.4,84.9,
천연동,서대문구,행정동,37.56955821388856,126.95832690865844,연립다세대,월세,28,보통,해당지역,,,,2000.0,,,70.0,26.6,23.0,35.6,
천연동,서대문구,행정동,37.56955821388856,126.95832690865844,오피스텔,월세,1035,높음,자치구,,,,1000.0,,,80.0,19.2,16.6,25.4,
천연동,서대문구,행정동,37.56955821388856,126.95832690865844,단독다가구,전세,21,보통,해당지역,,,,17000.0,9000.0,24000.0,,35.0,25.0,58.3,388.937
천연동,서대문구,행정동,37.56955821388856,126.95832690865844,아파트,전세,152,높음,해당지역,,,,60000.0,50850.0,68250.0,,75.7,57.8,84.9,819.114
천연동,서대문구,행정동,37.56955821388856,126.95832690865844,연립다세대,전세,695,높음,자치구,,,,19500.0,14300.0,25450.0,,48.0,31.8,60.0,396.376
천연동,서대문구,행정동,37.56955821388856,126.95832690865844,오피스텔,전세,160,높음,자치구,,,,20000.0,17000.0,23025.0,,22.2,17.6,28.8,815.535
충현동,서대문구,행정동,37.562407055012095,126.95982692182679,단독다가구,매매,10,보통,해당지역,132800.0,125875.0,138350.0,,,,,132.7,77.8,164.9,938.778
충현동,서대문구,행정동,37.562407055012095,126.95982692182679,아파트,매매,48,높음,해당지역,133000.0,65250.0,179500.0,,,,,78.4,56.0,84.7,1575.854
충현동,서대문구,행정동,37.562407055012095,126.95982692182679,연립다세대,매매,84,높음,해당지역,68500.0,30280.8,122400.0,,,,,50.4,26.1,70.0,1245.868
충현동,서대문구,행정동,37.562407055012095,126.95982692182679,오피스텔,매매,27,보통,해당지역,24400.0,18950.0,27750.0,,,,,34.6,29.3,41.6,692.551
충현동,서대문구,행정동,37.562407055012095,126.95982692182679,단독다가구,월세,57,높음,해당지역,,,,1000.0,,,57.0,35.0,19.8,46.4,
충현동,서대문구,행정동,37.562407055012095,126.95982692182679,아파트,월세,396,높음,해당지역,,,,5914.0,,,43.0,26.5,17.7,45.8,
충현동,서대문구,행정동,37.562407055012095,126.95982692182679,연립다세대,월세,68,높음,해당지역,,,,3000.0,,,60.5,43.1,21.6,59.5,
충현동,서대문구,행정동,37.562407055012095,126.95982692182679,오피스텔,월세,96,높음,해당지역,,,,1750.0,,,80.0,29.2,25.4,34.2,
충현동,서대문구,행정동,37.562407055012095,126.95982692182679,단독다가구,전세,16,보통,해당지역,,,,13500.0,11000.0,18250.0,,51.5,26.4,76.2,319.136
충현동,서대문구,행정동,37.562407055012095,126.95982692182679,아파트,전세,104,높음,해당지역,,,,66000.0,49900.0,75150.0,,83.6,59.8,84.9,958.562
충현동,서대문구,행정동,37.562407055012095,126.95982692182679,연립다세대,전세,94,높음,해당지역,,,,20000.0,15000.0,31375.0,,53.6,41.8,72.6,379.72
충현동,서대문구,행정동,37.562407055012095,126.95982692182679,오피스텔,전세,160,높음,자치구,,,,20000.0,17000.0,23025.0,,22.2,17.6,28.8,815.535
홍은1동,서대문구,행정동,37.59829605459367,126.94572195546671,단독다가구,매매,13,보통,법정동,76000.0,60000.0,90000.0,,,,,176.5,152.6,198.5,410.269
홍은1동,서대문구,행정동,37.59829605459367,126.94572195546671,아파트,매매,193,높음,해당지역,74000.0,60000.0,88000.0,,,,,84.8,59.8,85.0,994.586
홍은1동,서대문구,행정동,37.59829605459367,126.94572195546671,연립다세대,매매,35,높음,해당지역,25700.0,22750.0,28000.0,,,,,34.6,23.7,54.0,733.668
홍은1동,서대문구,행정동,37.59829605459367,126.94572195546671,오피스텔,매매,169,높음,자치구,22000.0,18000.0,30000.0,,,,,26.7,18.9,29.6,857.505
홍은1동,서대문구,행정동,37.59829605459367,126.94572195546671,단독다가구,월세,335,높음,법정동,,,,1000.0,,,47.0,29.8,18.0,42.0,
홍은1동,서대문구,행정동,37.59829605459367,126.94572195546671,아파트,월세,88,높음,해당지역,,,,10503.5,,,69.5,59.8,53.5,84.8,
홍은1동,서대문구,행정동,37.59829605459367,126.94572195546671,연립다세대,월세,24,보통,해당지역,,,,4000.0,,,32.5,30.4,22.8,43.1,
홍은1동,서대문구,행정동,37.59829605459367,126.94572195546671,오피스텔,월세,28,보통,법정동,,,,1000.0,,,43.5,28.3,21.4,29.7,
홍은1동,서대문구,행정동,37.59829605459367,126.94572195546671,단독다가구,전세,64,높음,법정동,,,,10000.0,7000.0,16325.0,,45.8,33.2,64.5,246.622
홍은1동,서대문구,행정동,37.59829605459367,126.94572195546671,아파트,전세,171,높음,해당지역,,,,48000.0,36000.0,58800.0,,84.8,59.9,85.0,594.114
홍은1동,서대문구,행정동,37.59829605459367,126.94572195546671,연립다세대,전세,28,보통,해당지역,,,,16000.0,13750.0,18000.0,,30.6,27.0,44.4,505.936
홍은1동,서대문구,행정동,37.59829605459367,126.94572195546671,오피스텔,전세,160,높음,자치구,,,,20000.0,17000.0,23025.0,,22.2,17.6,28.8,815.535
홍은2동,서대문구,행정동,37.585751543721486,126.93135868216099,단독다가구,매매,13,보통,법정동,76000.0,60000.0,90000.0,,,,,176.5,152.6,198.5,410.269
홍은2동,서대문구,행정동,37.585751543721486,126.93135868216099,아파트,매매,145,높음,해당지역,74000.0,60000.0,99000.0,,,,,72.8,60.0,84.8,1038.004
홍은2동,서대문구,행정동,37.585751543721486,126.93135868216099,연립다세대,매매,81,높음,해당지역,26500.0,18000.0,35500.0,,,,,56.5,40.9,66.4,471.698
홍은2동,서대문구,행정동,37.585751543721486,126.93135868216099,오피스텔,매매,169,높음,자치구,22000.0,18000.0,30000.0,,,,,26.7,18.9,29.6,857.505
홍은2동,서대문구,행정동,37.585751543721486,126.93135868216099,단독다가구,월세,335,높음,법정동,,,,1000.0,,,47.0,29.8,18.0,42.0,
홍은2동,서대문구,행정동,37.585751543721486,126.93135868216099,아파트,월세,33,높음,해당지역,,,,20000.0,,,150.0,77.5,60.0,85.0,
홍은2동,서대문구,행정동,37.585751543721486,126.93135868216099,연립다세대,월세,223,높음,해당지역,,,,2000.0,,,43.0,30.4,25.9,50.7,
홍은2동,서대문구,행정동,37.585751543721486,126.93135868216099,오피스텔,월세,28,보통,해당지역,,,,1000.0,,,43.5,28.3,21.4,29.7,
홍은2동,서대문구,행정동,37.585751543721486,126.93135868216099,단독다가구,전세,64,높음,법정동,,,,10000.0,7000.0,16325.0,,45.8,33.2,64.5,246.622
홍은2동,서대문구,행정동,37.585751543721486,126.93135868216099,아파트,전세,92,높음,해당지역,,,,50000.0,39837.5,59887.5,,77.5,60.0,84.8,640.43
홍은2동,서대문구,행정동,37.585751543721486,126.93135868216099,연립다세대,전세,79,높음,해당지역,,,,18000.0,12000.0,24000.0,,49.2,37.4,59.6,322.529
홍은2동,서대문구,행정동,37.585751543721486,126.93135868216099,오피스텔,전세,160,높음,자치구,,,,20000.0,17000.0,23025.0,,22.2,17.6,28.8,815.535
홍제1동,서대문구,행정동,37.5845751418108,126.94449966200474,단독다가구,매매,106,높음,자치구,119000.0,85125.0,163467.5,,,,,149.7,83.9,202.2,877.109
홍제1동,서대문구,행정동,37.5845751418108,126.94449966200474,아파트,매매,239,높음,해당지역,95500.0,74750.0,121500.0,,,,,76.0,60.0,84.8,1264.138
홍제1동,서대문구,행정동,37.5845751418108,126.94449966200474,연립다세대,매매,60,높음,해당지역,35400.0,29750.0,42125.0,,,,,48.2,35.1,57.8,789.856
홍제1동,서대문구,행정동,37.5845751418108,126.94449966200474,오피스텔,매매,169,높음,자치구,22000.0,18000.0,30000.0,,,,,26.7,18.9,29.6,857.505
홍제1동,서대문구,행정동,37.5845751418108,126.94449966200474,단독다가구,월세,263,높음,법정동,,,,1100.0,,,50.0,36.2,25.6,46.1,
홍제1동,서대문구,행정동,37.5845751418108,126.94449966200474,아파트,월세,126,높음,해당지역,,,,15000.0,,,88.0,60.1,55.0,84.8,
홍제1동,서대문구,행정동,37.5845751418108,126.94449966200474,연립다세대,월세,64,높음,해당지역,,,,5000.0,,,52.0,44.7,34.1,55.4,
홍제1동,서대문구,행정동,37.5845751418108,126.94449966200474,오피스텔,월세,23,보통,해당지역,,,,3000.0,,,90.0,23.9,22.6,24.3,
홍제1동,서대문구,행정동,37.5845751418108,126.94449966200474,단독다가구,전세,84,높음,법정동,,,,12000.0,9000.0,17000.0,,44.4,34.1,54.1,289.068
홍제1동,서대문구,행정동,37.5845751418108,126.94449966200474,아파트,전세,186,높음,해당지역,,,,48500.0,35000.0,61000.0,,60.1,59.9,84.8,669.967
홍제1동,서대문구,행정동,37.5845751418108,126.94449966200474,연립다세대,전세,70,높음,해당지역,,,,20000.0,14300.0,22400.0,,49.6,41.4,61.5,353.042
홍제1동,서대문구,행정동,37.5845751418108,126.94449966200474,오피스텔,전세,23,보통,해당지역,,,,21000.0,18050.0,21000.0,,27.2,22.2,27.3,790.441
홍제2동,서대문구,행정동,37.58475556083966,126.95056192609513,단독다가구,매매,106,높음,자치구,119000.0,85125.0,163467.5,,,,,149.7,83.9,202.2,877.109
홍제2동,서대문구,행정동,37.58475556083966,126.95056192609513,아파트,매매,109,높음,해당지역,105000.0,96000.0,116000.0,,,,,84.8,59.9,84.9,1313.131
홍제2동,서대문구,행정동,37.58475556083966,126.95056192609513,연립다세대,매매,14,보통,해당지역,48500.0,41925.0,52000.0,,,,,46.6,36.7,59.5,901.805
홍제2동,서대문구,행정동,37.58475556083966,126.95056192609513,오피스텔,매매,169,높음,자치구,22000.0,18000.0,30000.0,,,,,26.7,18.9,29.6,857.505
홍제2동,서대문구,행정동,37.58475556083966,126.95056192609513,단독다가구,월세,263,높음,법정동,,,,1100.0,,,50.0,36.2,25.6,46.1,
홍제2동,서대문구,행정동,37.58475556083966,126.95056192609513,아파트,월세,38,높음,해당지역,,,,20000.0,,,120.0,59.9,59.9,84.8,
홍제2동,서대문구,행정동,37.58475556083966,126.95056192609513,연립다세대,월세,16,보통,해당지역,,,,17500.0,,,20.0,29.5,26.8,38.9,
홍제2동,서대문구,행정동,37.58475556083966,126.95056192609513,오피스텔,월세,23,보통,법정동,,,,3000.0,,,90.0,23.9,22.6,24.3,
홍제2동,서대문구,행정동,37.58475556083966,126.95056192609513,단독다가구,전세,84,높음,법정동,,,,12000.0,9000.0,17000.0,,44.4,34.1,54.1,289.068
홍제2동,서대문구,행정동,37.58475556083966,126.95056192609513,아파트,전세,119,높음,해당지역,,,,52500.0,45575.0,57750.0,,84.8,59.9,84.9,673.401
홍제2동,서대문구,행정동,37.58475556083966,126.95056192609513,연립다세대,전세,17,보통,해당지역,,,,21400.0,19500.0,24000.0,,32.5,27.2,54.0,444.444
홍제2동,서대문구,행정동,37.58475556083966,126.95056192609513,오피스텔,전세,23,보통,법정동,,,,21000.0,18050.0,21000.0,,27.2,22.2,27.3,790.441
홍제3동,서대문구,행정동,37.59123786534512,126.94806943606353,단독다가구,매매,106,높음,자치구,119000.0,85125.0,163467.5,,,,,149.7,83.9,202.2,877.109
홍제3동,서대문구,행정동,37.59123786534512,126.94806943606353,아파트,매매,158,높음,해당지역,73500.0,62500.0,90000.0,,,,,69.8,59.9,85.0,1000.118
홍제3동,서대문구,행정동,37.59123786534512,126.94806943606353,연립다세대,매매,17,보통,해당지역,39500.0,27000.0,47000.0,,,,,48.3,39.1,59.4,607.354
홍제3동,서대문구,행정동,37.59123786534512,126.94806943606353,오피스텔,매매,169,높음,자치구,22000.0,18000.0,30000.0,,,,,26.7,18.9,29.6,857.505
홍제3동,서대문구,행정동,37.59123786534512,126.94806943606353,단독다가구,월세,263,높음,법정동,,,,1100.0,,,50.0,36.2,25.6,46.1,
홍제3동,서대문구,행정동,37.59123786534512,126.94806943606353,아파트,월세,131,높음,해당지역,,,,12855.0,,,60.0,59.9,39.4,83.5,
홍제3동,서대문구,행정동,37.59123786534512,126.94806943606353,연립다세대,월세,59,높음,해당지역,,,,6000.0,,,42.0,30.0,20.9,46.5,
홍제3동,서대문구,행정동,37.59123786534512,126.94806943606353,오피스텔,월세,23,보통,법정동,,,,3000.0,,,90.0,23.9,22.6,24.3,
홍제3동,서대문구,행정동,37.59123786534512,126.94806943606353,단독다가구,전세,84,높음,법정동,,,,12000.0,9000.0,17000.0,,44.4,34.1,54.1,289.068
홍제3동,서대문구,행정동,37.59123786534512,126.94806943606353,아파트,전세,140,높음,해당지역,,,,63000.0,44587.5,75000.0,,84.9,60.0,85.0,864.626
홍제3동,서대문구,행정동,37.59123786534512,126.94806943606353,연립다세대,전세,30,높음,해당지역,,,,17700.0,14550.0,22375.0,,45.6,28.3,55.6,444.267
홍제3동,서대문구,행정동,37.59123786534512,126.94806943606353,오피스텔,전세,23,보통,법정동,,,,21000.0,18050.0,21000.0,,27.2,22.2,27.3,790.441
내곡동,서초구,행정동,37.451397726918096,127.05876144157062,단독다가구,매매,35,높음,자치구,340000.0,290000.0,410000.0,,,,,247.9,212.3,350.3,1157.729
내곡동,서초구,행정동,37.451397726918096,127.05876144157062,아파트,매매,39,높음,해당지역,193000.0,181250.0,200000.0,,,,,101.3,84.4,114.7,2107.008
내곡동,서초구,행정동,37.451397726918096,127.05876144157062,연립다세대,매매,911,높음,자치구,64700.0,46000.0,85500.0,,,,,41.8,29.5,58.5,1539.162
내곡동,서초구,행정동,37.451397726918096,127.05876144157062,오피스텔,매매,14,보통,해당지역,21400.0,15925.0,27875.0,,,,,24.0,21.4,27.3,849.041
내곡동,서초구,행정동,37.451397726918096,127.05876144157062,단독다가구,월세,31,높음,해당지역,,,,5000.0,,,120.0,54.3,46.7,94.3,
내곡동,서초구,행정동,37.451397726918096,127.05876144157062,아파트,월세,106,높음,해당지역,,,,10000.0,,,43.5,50.0,49.3,84.4,
내곡동,서초구,행정동,37.451397726918096,127.05876144157062,연립다세대,월세,2397,높음,자치구,,,,5250.0,,,64.0,30.5,25.0,49.0,
내곡동,서초구,행정동,37.451397726918096,127.05876144157062,오피스텔,월세,102,높음,해당지역,,,,1000.0,,,69.0,21.7,21.3,26.7,
내곡동,서초구,행정동,37.451397726918096,127.05876144157062,단독다가구,전세,20,보통,해당지역,,,,40087.5,36500.0,60500.0,,74.9,53.5,103.6,649.634
내곡동,서초구,행정동,37.451397726918096,127.05876144157062,아파트,전세,282,높음,해당지역,,,,52500.0,42510.0,87787.5,,60.0,59.6,84.4,860.701
내곡동,서초구,행정동,37.451397726918096,127.05876144157062,연립다세대,전세,1797,높음,자치구,,,,33000.0,25200.0,43000.0,,41.2,29.4,56.7,782.56
내곡동,서초구,행정동,37.451397726918096,127.05876144157062,오피스텔,전세,17,보통,해당지역,,,,26000.0,20860.0,35700.0,,27.3,26.6,44.4,811.288
반포1동,서초구,행정동,37.505486283327926,127.01612743768705,단독다가구,매매,35,높음,자치구,340000.0,290000.0,410000.0,,,,,247.9,212.3,350.3,1157.729
반포1동,서초구,행정동,37.505486283327926,127.01612743768705,아파트,매매,93,높음,해당지역,428000.0,342000.0,520000.0,,,,,84.9,60.0,130.9,4681.4
반포1동,서초구,행정동,37.505486283327926,127.01612743768705,연립다세대,매매,94,높음,해당지역,66600.0,52000.0,80750.0,,,,,36.0,26.5,45.1,1750.487
반포1동,서초구,행정동,37.505486283327926,127.01612743768705,오피스텔,매매,469,높음,자치구,35000.0,23000.0,100362.0,,,,,39.6,27.9,50.4,1013.202
반포1동,서초구,행정동,37.505486283327926,127.01612743768705,단독다가구,월세,453,높음,법정동,,,,1000.0,,,65.0,30.0,24.0,39.7,
반포1동,서초구,행정동,37.505486283327926,127.01612743768705,아파트,월세,225,높음,해당지역,,,,70000.0,,,300.0,84.9,60.0,85.0,
반포1동,서초구,행정동,37.505486283327926,127.01612743768705,연립다세대,월세,203,높음,해당지역,,,,1271.0,,,75.0,29.6,24.2,43.8,
반포1동,서초구,행정동,37.505486283327926,127.01612743768705,오피스텔,월세,1349,높음,자치구,,,,1000.0,,,82.0,24.1,19.9,29.0,
반포1동,서초구,행정동,37.505486283327926,127.01612743768705,단독다가구,전세,33,높음,법정동,,,,18000.0,14000.0,30000.0,,43.3,27.0,54.9,423.077
반포1동,서초구,행정동,37.505486283327926,127.01612743768705,아파트,전세,227,높음,해당지역,,,,154000.0,116500.0,171500.0,,84.9,60.0,85.0,1853.552
반포1동,서초구,행정동,37.505486283327926,127.01612743768705,연립다세대,전세,171,높음,해당지역,,,,25000.0,18000.0,31985.0,,29.9,25.3,47.8,697.865
반포1동,서초구,행정동,37.505486283327926,127.01612743768705,오피스텔,전세,342,높음,자치구,,,,24000.0,18900.0,32000.0,,25.1,20.2,38.8,893.327
반포2동,서초구,행정동,37.504410098086176,126.99634514834794,단독다가구,매매,35,높음,자치구,340000.0,290000.0,410000.0,,,,,247.9,212.3,350.3,1157.729
반포2동,서초구,행정동,37.504410098086176,126.99634514834794,아파트,매매,89,높음,해당지역,563000.0,475000.0,730000.0,,,,,85.0,84.8,117.0,6589.786
반포2동,서초구,행정동,37.504410098086176,126.99634514834794,연립다세대,매매,143,높음,법정동,75000.0,57000.0,104500.0,,,,,43.4,28.7,68.7,1683.168
반포2동,서초구,행정동,37.504410098086176,126.99634514834794,오피스텔,매매,469,높음,자치구,35000.0,23000.0,100362.0,,,,,39.6,27.9,50.4,1013.202
반포2동,서초구,행정동,37.504410098086176,126.99634514834794,단독다가구,월세,453,높음,법정동,,,,1000.0,,,65.0,30.0,24.0,39.7,
반포2동,서초구,행정동,37.504410098086176,126.99634514834794,아파트,월세,275,높음,해당지역,,,,60000.0,,,427.0,84.9,60.0,102.0,
반포2동,서초구,행정동,37.504410098086176,126.99634514834794,연립다세대,월세,346,높음,법정동,,,,3000.0,,,82.0,41.4,26.7,65.0,
반포2동,서초구,행정동,37.504410098086176,126.99634514834794,오피스텔,월세,1349,높음,자치구,,,,1000.0,,,82.0,24.1,19.9,29.0,
반포2동,서초구,행정동,37.504410098086176,126.99634514834794,단독다가구,전세,33,높음,법정동,,,,18000.0,14000.0,30000.0,,43.3,27.0,54.9,423.077
반포2동,서초구,행정동,37.504410098086176,126.99634514834794,아파트,전세,318,높음,해당지역,,,,168000.0,121250.0,217500.0,,84.9,60.0,85.0,2121.393
반포2동,서초구,행정동,37.504410098086176,126.99634514834794,연립다세대,전세,249,높음,법정동,,,,30000.0,20000.0,43000.0,,37.4,27.6,58.2,724.474
반포2동,서초구,행정동,37.504410098086176,126.99634514834794,오피스텔,전세,342,높음,자치구,,,,24000.0,18900.0,32000.0,,25.1,20.2,38.8,893.327
반포3동,서초구,행정동,37.509781432539015,127.00544309926828,단독다가구,매매,35,높음,자치구,340000.0,290000.0,410000.0,,,,,247.9,212.3,350.3,1157.729
반포3동,서초구,행정동,37.509781432539015,127.00544309926828,아파트,매매,98,높음,해당지역,413000.0,318250.0,500000.0,,,,,84.8,62.2,100.1,4970.179
반포3동,서초구,행정동,37.509781432539015,127.00544309926828,연립다세대,매매,911,높음,자치구,64700.0,46000.0,85500.0,,,,,41.8,29.5,58.5,1539.162
반포3동,서초구,행정동,37.509781432539015,127.00544309926828,오피스텔,매매,15,보통,법정동,28000.0,26350.0,39200.0,,,,,31.4,26.5,31.4,886.282
반포3동,서초구,행정동,37.509781432539015,127.00544309926828,단독다가구,월세,98,높음,법정동,,,,1000.0,,,70.0,33.1,26.0,40.4,
반포3동,서초구,행정동,37.509781432539015,127.00544309926828,아파트,월세,324,높음,해당지역,,,,40000.0,,,170.0,84.9,68.9,98.4,
반포3동,서초구,행정동,37.509781432539015,127.00544309926828,연립다세대,월세,76,높음,법정동,,,,2000.0,,,87.0,34.0,23.0,44.6,
반포3동,서초구,행정동,37.509781432539015,127.00544309926828,오피스텔,월세,1349,높음,자치구,,,,1000.0,,,82.0,24.1,19.9,29.0,
반포3동,서초구,행정동,37.509781432539015,127.00544309926828,단독다가구,전세,12,보통,법정동,,,,20500.0,16125.0,32750.0,,39.0,26.3,92.2,472.477
반포3동,서초구,행정동,37.509781432539015,127.00544309926828,아파트,전세,353,높음,해당지역,,,,105000.0,77000.0,170000.0,,84.9,68.9,98.9,1401.484
반포3동,서초구,행정동,37.509781432539015,127.00544309926828,연립다세대,전세,22,보통,법정동,,,,23100.0,17000.0,33475.0,,28.5,24.6,37.9,762.732
반포3동,서초구,행정동,37.509781432539015,127.00544309926828,오피스텔,전세,342,높음,자치구,,,,24000.0,18900.0,32000.0,,25.1,20.2,38.8,893.327
반포4동,서초구,행정동,37.49853999886618,127.0018611348335,단독다가구,매매,35,높음,자치구,340000.0,290000.0,410000.0,,,,,247.9,212.3,350.3,1157.729
반포4동,서초구,행정동,37.49853999886618,127.0018611348335,아파트,매매,63,높음,해당지역,215000.0,186000.0,283000.0,,,,,83.4,64.5,129.9,2398.082
반포4동,서초구,행정동,37.49853999886618,127.0018611348335,연립다세대,매매,49,높음,해당지역,113000.0,83000.0,159000.0,,,,,83.4,65.2,118.8,1503.993
반포4동,서초구,행정동,37.49853999886618,127.0018611348335,오피스텔,매매,469,높음,자치구,35000.0,23000.0,100362.0,,,,,39.6,27.9,50.4,1013.202
반포4동,서초구,행정동,37.49853999886618,127.0018611348335,단독다가구,월세,453,높음,법정동,,,,1000.0,,,65.0,30.0,24.0,39.7,
반포4동,서초구,행정동,37.49853999886618,127.0018611348335,아파트,월세,126,높음,해당지역,,,,30000.0,,,160.0,85.0,71.5,131.9,
반포4동,서초구,행정동,37.49853999886618,127.0018611348335,연립다세대,월세,143,높음,해당지역,,,,14000.0,,,138.0,65.3,46.3,129.8,
반포4동,서초구,행정동,37.49853999886618,127.0018611348335,오피스텔,월세,1349,높음,자치구,,,,1000.0,,,82.0,24.1,19.9,29.0,
반포4동,서초구,행정동,37.49853999886618,127.0018611348335,단독다가구,전세,33,높음,법정동,,,,18000.0,14000.0,30000.0,,43.3,27.0,54.9,423.077
반포4동,서초구,행정동,37.49853999886618,127.0018611348335,아파트,전세,124,높음,해당지역,,,,73500.0,63750.0,88500.0,,85.0,70.4,85.0,928.084
반포4동,서초구,행정동,37.49853999886618,127.0018611348335,연립다세대,전세,78,높음,해당지역,,,,50000.0,40125.0,66500.0,,62.3,36.8,84.6,800.572
반포4동,서초구,행정동,37.49853999886618,127.0018611348335,오피스텔,전세,342,높음,자치구,,,,24000.0,18900.0,32000.0,,25.1,20.2,38.8,893.327
반포본동,서초구,행정동,,,단독다가구,매매,35,높음,자치구,340000.0,290000.0,410000.0,,,,,247.9,212.3,350.3,1157.729
반포본동,서초구,행정동,,,아파트,매매,245,높음,법정동,428000.0,290000.0,575000.0,,,,,85.0,64.5,129.9,4707.71
반포본동,서초구,행정동,,,연립다세대,매매,143,높음,법정동,75000.0,57000.0,104500.0,,,,,43.4,28.7,68.7,1683.168
반포본동,서초구,행정동,,,오피스텔,매매,469,높음,자치구,35000.0,23000.0,100362.0,,,,,39.6,27.9,50.4,1013.202
반포본동,서초구,행정동,,,단독다가구,월세,453,높음,법정동,,,,1000.0,,,65.0,30.0,24.0,39.7,
반포본동,서초구,행정동,,,아파트,월세,627,높음,법정동,,,,50000.0,,,320.0,84.9,60.0,102.0,
반포본동,서초구,행정동,,,연립다세대,월세,346,높음,법정동,,,,3000.0,,,82.0,41.4,26.7,65.0,
반포본동,서초구,행정동,,,오피스텔,월세,1349,높음,자치구,,,,1000.0,,,82.0,24.1,19.9,29.0,
반포본동,서초구,행정동,,,단독다가구,전세,33,높음,법정동,,,,18000.0,14000.0,30000.0,,43.3,27.0,54.9,423.077
반포본동,서초구,행정동,,,아파트,전세,669,높음,법정동,,,,145000.0,83000.0,180000.0,,84.9,60.0,85.0,1847.776
반포본동,서초구,행정동,,,연립다세대,전세,249,높음,법정동,,,,30000.0,20000.0,43000.0,,37.4,27.6,58.2,724.474
반포본동,서초구,행정동,,,오피스텔,전세,342,높음,자치구,,,,24000.0,18900.0,32000.0,,25.1,20.2,38.8,893.327
방배1동,서초구,행정동,37.484672156014106,126.99458291356636,단독다가구,매매,18,보통,법정동,297500.0,265500.0,373000.0,,,,,247.2,213.9,317.7,1152.216
방배1동,서초구,행정동,37.484672156014106,126.99458291356636,아파트,매매,40,높음,해당지역,255500.0,122875.0,302000.0,,,,,85.0,60.1,164.2,1825.79
방배1동,서초구,행정동,37.484672156014106,126.99458291356636,연립다세대,매매,114,높음,해당지역,61500.0,47500.0,79400.0,,,,,35.4,28.3,53.4,1621.901
방배1동,서초구,행정동,37.484672156014106,126.99458291356636,오피스텔,매매,30,높음,법정동,42350.0,34625.0,104375.0,,,,,39.6,30.8,49.9,1157.955
방배1동,서초구,행정동,37.484672156014106,126.99458291356636,단독다가구,월세,564,높음,법정동,,,,3000.0,,,60.0,40.3,26.4,52.4,
방배1동,서초구,행정동,37.484672156014106,126.99458291356636,아파트,월세,53,높음,해당지역,,,,30000.0,,,140.0,60.0,32.4,85.0,
방배1동,서초구,행정동,37.484672156014106,126.99458291356636,연립다세대,월세,288,높음,해당지역,,,,5800.0,,,60.0,28.6,21.8,42.1,
방배1동,서초구,행정동,37.484672156014106,126.99458291356636,오피스텔,월세,52,높음,법정동,,,,3000.0,,,97.5,28.6,24.9,30.0,
방배1동,서초구,행정동,37.484672156014106,126.99458291356636,단독다가구,전세,160,높음,법정동,,,,26500.0,17000.0,35500.0,,51.5,43.0,70.5,508.893
방배1동,서초구,행정동,37.484672156014106,126.99458291356636,아파트,전세,92,높음,해당지역,,,,88750.0,65000.0,110000.0,,84.9,48.2,88.2,1212.323
방배1동,서초구,행정동,37.484672156014106,126.99458291356636,연립다세대,전세,197,높음,해당지역,,,,32000.0,26000.0,43000.0,,39.3,29.3,52.8,841.908
방배1동,서초구,행정동,37.484672156014106,126.99458291356636,오피스텔,전세,26,보통,법정동,,,,36750.0,30000.0,41500.0,,28.3,25.2,37.7,1190.953
방배2동,서초구,행정동,37.48048364888718,126.9853532687457,단독다가구,매매,18,보통,법정동,297500.0,265500.0,373000.0,,,,,247.2,213.9,317.7,1152.216
방배2동,서초구,행정동,37.48048364888718,126.9853532687457,아파트,매매,36,높음,해당지역,221250.0,182000.0,273750.0,,,,,85.0,84.9,118.3,2440.129
방배2동,서초구,행정동,37.48048364888718,126.9853532687457,연립다세대,매매,46,높음,해당지역,70500.0,57125.0,93750.0,,,,,41.7,37.1,57.8,1822.216
방배2동,서초구,행정동,37.48048364888718,126.9853532687457,오피스텔,매매,10,보통,해당지역,120500.0,66500.0,126687.5,,,,,50.4,39.0,50.8,2378.896
방배2동,서초구,행정동,37.48048364888718,126.9853532687457,단독다가구,월세,564,높음,법정동,,,,3000.0,,,60.0,40.3,26.4,52.4,
방배2동,서초구,행정동,37.48048364888718,126.9853532687457,아파트,월세,49,높음,해당지역,,,,50000.0,,,160.0,84.9,80.2,85.0,
방배2동,서초구,행정동,37.48048364888718,126.9853532687457,연립다세대,월세,143,높음,해당지역,,,,7000.0,,,57.0,35.2,23.3,51.0,
방배2동,서초구,행정동,37.48048364888718,126.9853532687457,오피스텔,월세,52,높음,법정동,,,,3000.0,,,97.5,28.6,24.9,30.0,
방배2동,서초구,행정동,37.48048364888718,126.9853532687457,단독다가구,전세,160,높음,법정동,,,,26500.0,17000.0,35500.0,,51.5,43.0,70.5,508.893
방배2동,서초구,행정동,37.48048364888718,126.9853532687457,아파트,전세,89,높음,해당지역,,,,88500.0,63000.0,122800.0,,84.9,60.0,104.8,1014.015
방배2동,서초구,행정동,37.48048364888718,126.9853532687457,연립다세대,전세,124,높음,해당지역,,,,36000.0,28750.0,41756.2,,51.1,38.7,61.7,699.147
방배2동,서초구,행정동,37.48048364888718,126.9853532687457,오피스텔,전세,26,보통,법정동,,,,36750.0,30000.0,41500.0,,28.3,25.2,37.7,1190.953
방배3동,서초구,행정동,37.47724658625477,126.99827603120038,단독다가구,매매,18,보통,법정동,297500.0,265500.0,373000.0,,,,,247.2,213.9,317.7,1152.216
방배3동,서초구,행정동,37.47724658625477,126.99827603120038,아파트,매매,74,높음,해당지역,241500.0,195875.0,278250.0,,,,,85.0,84.7,128.2,2147.481
방배3동,서초구,행정동,37.47724658625477,126.99827603120038,연립다세대,매매,24,보통,해당지역,55500.0,41125.0,87750.0,,,,,47.4,34.5,60.9,1405.084
방배3동,서초구,행정동,37.47724658625477,126.99827603120038,오피스텔,매매,30,높음,법정동,42350.0,34625.0,104375.0,,,,,39.6,30.8,49.9,1157.955
방배3동,서초구,행정동,37.47724658625477,126.99827603120038,단독다가구,월세,564,높음,법정동,,,,3000.0,,,60.0,40.3,26.4,52.4,
방배3동,서초구,행정동,37.47724658625477,126.99827603120038,아파트,월세,108,높음,해당지역,,,,50000.0,,,135.0,85.0,67.5,127.3,
방배3동,서초구,행정동,37.47724658625477,126.99827603120038,연립다세대,월세,39,높음,해당지역,,,,17000.0,,,51.0,39.2,25.0,54.0,
방배3동,서초구,행정동,37.47724658625477,126.99827603120038,오피스텔,월세,14,보통,해당지역,,,,1000.0,,,64.0,28.8,26.7,28.8,
방배3동,서초구,행정동,37.47724658625477,126.99827603120038,단독다가구,전세,160,높음,법정동,,,,26500.0,17000.0,35500.0,,51.5,43.0,70.5,508.893
방배3동,서초구,행정동,37.47724658625477,126.99827603120038,아파트,전세,128,높음,해당지역,,,,110000.0,80000.0,130000.0,,85.0,84.6,126.6,975.419
방배3동,서초구,행정동,37.47724658625477,126.99827603120038,연립다세대,전세,33,높음,해당지역,,,,35000.0,29400.0,50000.0,,46.8,38.7,59.8,795.983
방배3동,서초구,행정동,37.47724658625477,126.99827603120038,오피스텔,전세,26,보통,법정동,,,,36750.0,30000.0,41500.0,,28.3,25.2,37.7,1190.953
방배4동,서초구,행정동,37.48928684132775,126.98940796578619,단독다가구,매매,18,보통,법정동,297500.0,265500.0,373000.0,,,,,247.2,213.9,317.7,1152.216
방배4동,서초구,행정동,37.48928684132775,126.98940796578619,아파트,매매,91,높음,해당지역,166000.0,73500.0,221500.0,,,,,75.3,41.6,118.2,1696.353
방배4동,서초구,행정동,37.48928684132775,126.98940796578619,연립다세대,매매,110,높음,해당지역,69750.0,51000.0,90750.0,,,,,45.1,29.9,58.3,1570.448
방배4동,서초구,행정동,37.48928684132775,126.98940796578619,오피스텔,매매,30,높음,법정동,42350.0,34625.0,104375.0,,,,,39.6,30.8,49.9,1157.955
방배4동,서초구,행정동,37.48928684132775,126.98940796578619,단독다가구,월세,564,높음,법정동,,,,3000.0,,,60.0,40.3,26.4,52.4,
방배4동,서초구,행정동,37.48928684132775,126.98940796578619,아파트,월세,127,높음,해당지역,,,,20000.0,,,200.0,84.4,59.9,139.0,
방배4동,서초구,행정동,37.48928684132775,126.98940796578619,연립다세대,월세,277,높음,해당지역,,,,5000.0,,,65.0,33.3,22.2,50.8,
방배4동,서초구,행정동,37.48928684132775,126.98940796578619,오피스텔,월세,52,높음,법정동,,,,3000.0,,,97.5,28.6,24.9,30.0,
방배4동,서초구,행정동,37.48928684132775,126.98940796578619,단독다가구,전세,160,높음,법정동,,,,26500.0,17000.0,35500.0,,51.5,43.0,70.5,508.893
방배4동,서초구,행정동,37.48928684132775,126.98940796578619,아파트,전세,76,높음,해당지역,,,,100000.0,74500.0,110000.0,,84.7,59.9,111.5,1182.582
방배4동,서초구,행정동,37.48928684132775,126.98940796578619,연립다세대,전세,199,높음,해당지역,,,,38580.0,29000.0,50000.0,,45.4,30.0,58.3,851.763
방배4동,서초구,행정동,37.48928684132775,126.98940796578619,오피스텔,전세,26,보통,법정동,,,,36750.0,30000.0,41500.0,,28.3,25.2,37.7,1190.953
방배본동,서초구,행정동,37.49485764832187,126.98640181888892,단독다가구,매매,18,보통,법정동,297500.0,265500.0,373000.0,,,,,247.2,213.9,317.7,1152.216
방배본동,서초구,행정동,37.49485764832187,126.98640181888892,아파트,매매,48,높음,해당지역,267750.0,241500.0,297000.0,,,,,129.7,104.7,165.9,2113.189
방배본동,서초구,행정동,37.49485764832187,126.98640181888892,연립다세대,매매,54,높음,해당지역,70500.0,42970.0,92125.0,,,,,39.8,27.5,56.6,1750.455
방배본동,서초구,행정동,37.49485764832187,126.98640181888892,오피스텔,매매,30,높음,법정동,42350.0,34625.0,104375.0,,,,,39.6,30.8,49.9,1157.955
방배본동,서초구,행정동,37.49485764832187,126.98640181888892,단독다가구,월세,564,높음,법정동,,,,3000.0,,,60.0,40.3,26.4,52.4,
방배본동,서초구,행정동,37.49485764832187,126.98640181888892,아파트,월세,69,높음,해당지역,,,,40000.0,,,150.0,117.0,81.4,149.2,
방배본동,서초구,행정동,37.49485764832187,126.98640181888892,연립다세대,월세,125,높음,해당지역,,,,10000.0,,,60.0,42.9,29.1,52.0,
방배본동,서초구,행정동,37.49485764832187,126.98640181888892,오피스텔,월세,23,보통,해당지역,,,,3600.0,,,110.0,25.4,24.0,30.6,
방배본동,서초구,행정동,37.49485764832187,126.98640181888892,단독다가구,전세,160,높음,법정동,,,,26500.0,17000.0,35500.0,,51.5,43.0,70.5,508.893
방배본동,서초구,행정동,37.49485764832187,126.98640181888892,아파트,전세,92,높음,해당지역,,,,110125.0,80000.0,136875.0,,125.1,84.9,160.5,813.439
방배본동,서초구,행정동,37.49485764832187,126.98640181888892,연립다세대,전세,124,높음,해당지역,,,,32750.0,24875.0,39800.0,,39.9,29.4,52.9,768.822
방배본동,서초구,행정동,37.49485764832187,126.98640181888892,오피스텔,전세,16,보통,해당지역,,,,32750.0,30000.0,43500.0,,30.6,24.8,43.5,1184.609
서초1동,서초구,행정동,37.48898265932384,127.018920680406,단독다가구,매매,35,높음,자치구,340000.0,290000.0,410000.0,,,,,247.9,212.3,350.3,1157.729
서초1동,서초구,행정동,37.48898265932384,127.018920680406,아파트,매매,107,높음,해당지역,82000.0,52500.0,177500.0,,,,,53.0,45.3,85.0,1494.514
서초1동,서초구,행정동,37.48898265932384,127.018920680406,연립다세대,매매,49,높음,해당지역,39900.0,34200.0,62000.0,,,,,29.9,28.8,43.1,1235.805
서초1동,서초구,행정동,37.48898265932384,127.018920680406,오피스텔,매매,26,보통,해당지역,38000.0,28750.0,44346.5,,,,,38.9,25.5,48.1,996.576
서초1동,서초구,행정동,37.48898265932384,127.018920680406,단독다가구,월세,348,높음,법정동,,,,2000.0,,,62.5,33.0,24.5,45.6,
서초1동,서초구,행정동,37.48898265932384,127.018920680406,아파트,월세,183,높음,해당지역,,,,10000.0,,,140.0,49.7,35.3,84.2,
서초1동,서초구,행정동,37.48898265932384,127.018920680406,연립다세대,월세,139,높음,해당지역,,,,9000.0,,,60.0,29.4,25.4,37.6,
서초1동,서초구,행정동,37.48898265932384,127.018920680406,오피스텔,월세,78,높음,해당지역,,,,1000.0,,,96.5,24.2,18.6,38.9,
서초1동,서초구,행정동,37.48898265932384,127.018920680406,단독다가구,전세,58,높음,법정동,,,,23550.0,16500.0,35000.0,,44.2,29.8,59.8,575.653
서초1동,서초구,행정동,37.48898265932384,127.018920680406,아파트,전세,142,높음,해당지역,,,,57750.0,37575.0,91262.5,,59.6,33.7,85.0,993.12
서초1동,서초구,행정동,37.48898265932384,127.018920680406,연립다세대,전세,101,높음,해당지역,,,,32000.0,27200.0,36000.0,,29.6,28.2,41.3,978.115
서초1동,서초구,행정동,37.48898265932384,127.018920680406,오피스텔,전세,35,높음,해당지역,,,,52000.0,30450.0,55750.0,,42.1,37.6,44.0,1247.031
서초2동,서초구,행정동,37.49039878752257,127.02876319694334,단독다가구,매매,35,높음,자치구,340000.0,290000.0,410000.0,,,,,247.9,212.3,350.3,1157.729
서초2동,서초구,행정동,37.49039878752257,127.02876319694334,아파트,매매,139,높음,해당지역,245000.0,125500.0,330000.0,,,,,74.9,59.9,84.9,2904.909
서초2동,서초구,행정동,37.49039878752257,127.02876319694334,연립다세대,매매,10,보통,해당지역,53750.0,37225.0,73000.0,,,,,38.5,29.8,51.4,1438.051
서초2동,서초구,행정동,37.49039878752257,127.02876319694334,오피스텔,매매,204,높음,해당지역,102035.0,32775.0,124895.0,,,,,50.4,39.6,64.0,1978.084
서초2동,서초구,행정동,37.49039878752257,127.02876319694334,단독다가구,월세,348,높음,법정동,,,,2000.0,,,62.5,33.0,24.5,45.6,
서초2동,서초구,행정동,37.49039878752257,127.02876319694334,아파트,월세,412,높음,해당지역,,,,19152.0,,,120.0,59.9,27.5,84.5,
서초2동,서초구,행정동,37.49039878752257,127.02876319694334,연립다세대,월세,40,높음,해당지역,,,,5000.0,,,70.5,29.9,23.6,40.2,
서초2동,서초구,행정동,37.49039878752257,127.02876319694334,오피스텔,월세,477,높음,해당지역,,,,1600.0,,,93.0,26.1,20.7,31.5,
서초2동,서초구,행정동,37.49039878752257,127.02876319694334,단독다가구,전세,58,높음,법정동,,,,23550.0,16500.0,35000.0,,44.2,29.8,59.8,575.653
서초2동,서초구,행정동,37.49039878752257,127.02876319694334,아파트,전세,235,높음,해당지역,,,,120750.0,65000.0,157500.0,,83.6,60.0,85.0,1403.538
서초2동,서초구,행정동,37.49039878752257,127.02876319694334,연립다세대,전세,30,높음,해당지역,,,,25500.0,16121.2,31000.0,,32.8,24.3,43.3,777.964
서초2동,서초구,행정동,37.49039878752257,127.02876319694334,오피스텔,전세,102,높음,해당지역,,,,20950.0,19725.0,26000.0,,23.8,19.4,33.0,929.29
서초3동,서초구,행정동,37.486041477356295,127.01039520443408,단독다가구,매매,35,높음,자치구,340000.0,290000.0,410000.0,,,,,247.9,212.3,350.3,1157.729
서초3동,서초구,행정동,37.486041477356295,127.01039520443408,아파트,매매,104,높음,해당지역,199000.0,100000.0,229625.0,,,,,84.6,58.5,133.9,1720.489
서초3동,서초구,행정동,37.486041477356295,127.01039520443408,연립다세대,매매,128,높음,해당지역,66750.0,43750.0,89250.0,,,,,40.4,29.4,60.0,1504.187
서초3동,서초구,행정동,37.486041477356295,127.01039520443408,오피스텔,매매,75,높음,해당지역,30500.0,17500.0,36000.0,,,,,31.0,24.6,50.6,816.616
서초3동,서초구,행정동,37.486041477356295,127.01039520443408,단독다가구,월세,348,높음,법정동,,,,2000.0,,,62.5,33.0,24.5,45.6,
서초3동,서초구,행정동,37.486041477356295,127.01039520443408,아파트,월세,209,높음,해당지역,,,,10000.0,,,120.0,43.2,22.5,85.0,
서초3동,서초구,행정동,37.486041477356295,127.01039520443408,연립다세대,월세,245,높음,해당지역,,,,7933.0,,,72.0,30.0,24.8,51.4,
서초3동,서초구,행정동,37.486041477356295,127.01039520443408,오피스텔,월세,306,높음,해당지역,,,,1000.0,,,81.0,24.8,19.3,27.7,
서초3동,서초구,행정동,37.486041477356295,127.01039520443408,단독다가구,전세,58,높음,법정동,,,,23550.0,16500.0,35000.0,,44.2,29.8,59.8,575.653
서초3동,서초구,행정동,37.486041477356295,127.01039520443408,아파트,전세,180,높음,해당지역,,,,90000.0,34400.0,110125.0,,80.5,36.7,108.5,1081.628
서초3동,서초구,행정동,37.486041477356295,127.01039520443408,연립다세대,전세,175,높음,해당지역,,,,37400.0,28000.0,49750.0,,39.2,29.8,54.6,1013.746
서초3동,서초구,행정동,37.486041477356295,127.01039520443408,오피스텔,전세,85,높음,해당지역,,,,24500.0,13650.0,31000.0,,24.2,20.5,37.1,850.051
서초4동,서초구,행정동,37.499656520496,127.01980947369198,단독다가구,매매,35,높음,자치구,340000.0,290000.0,410000.0,,,,,247.9,212.3,350.3,1157.729
서초4동,서초구,행정동,37.499656520496,127.01980947369198,아파트,매매,112,높음,해당지역,317000.0,275000.0,352500.0,,,,,104.2,84.8,131.7,3065.315
서초4동,서초구,행정동,37.499656520496,127.01980947369198,연립다세대,매매,187,높음,법정동,59500.0,39950.0,79000.0,,,,,36.9,29.2,58.1,1425.055
서초4동,서초구,행정동,37.499656520496,127.01980947369198,오피스텔,매매,57,높음,해당지역,27500.0,21800.0,33000.0,,,,,32.6,28.3,34.2,931.79
서초4동,서초구,행정동,37.499656520496,127.01980947369198,단독다가구,월세,348,높음,법정동,,,,2000.0,,,62.5,33.0,24.5,45.6,
서초4동,서초구,행정동,37.499656520496,127.01980947369198,아파트,월세,327,높음,해당지역,,,,45000.0,,,240.0,85.0,79.5,111.3,
서초4동,서초구,행정동,37.499656520496,127.01980947369198,연립다세대,월세,426,높음,법정동,,,,7587.5,,,70.0,29.7,24.9,44.2,
서초4동,서초구,행정동,37.499656520496,127.01980947369198,오피스텔,월세,126,높음,해당지역,,,,1000.0,,,93.0,28.2,18.0,32.6,
서초4동,서초구,행정동,37.499656520496,127.01980947369198,단독다가구,전세,58,높음,법정동,,,,23550.0,16500.0,35000.0,,44.2,29.8,59.8,575.653
서초4동,서초구,행정동,37.499656520496,127.01980947369198,아파트,전세,352,높음,해당지역,,,,108075.0,85000.0,130000.0,,85.0,79.5,120.2,1135.796
서초4동,서초구,행정동,37.499656520496,127.01980947369198,연립다세대,전세,302,높음,법정동,,,,33800.0,26000.0,44000.0,,34.3,28.5,50.7,965.745
서초4동,서초구,행정동,37.499656520496,127.01980947369198,오피스텔,전세,30,높음,해당지역,,,,22450.0,19800.0,27087.5,,29.2,18.0,33.0,924.167
양재1동,서초구,행정동,37.468473849093336,127.0281842161038,단독다가구,매매,35,높음,자치구,340000.0,290000.0,410000.0,,,,,247.9,212.3,350.3,1157.729
양재1동,서초구,행정동,37.468473849093336,127.0281842161038,아파트,매매,139,높음,해당지역,158500.0,83000.0,195000.0,,,,,73.2,51.9,84.8,2171.377
양재1동,서초구,행정동,37.468473849093336,127.0281842161038,연립다세대,매매,63,높음,해당지역,66000.0,53500.0,81500.0,,,,,46.8,37.4,62.2,1344.25
양재1동,서초구,행정동,37.468473849093336,127.0281842161038,오피스텔,매매,11,보통,해당지역,15900.0,15000.0,26000.0,,,,,21.8,19.1,21.8,728.689
양재1동,서초구,행정동,37.468473849093336,127.0281842161038,단독다가구,월세,33,높음,해당지역,,,,5000.0,,,75.0,53.0,39.7,56.8,
양재1동,서초구,행정동,37.468473849093336,127.0281842161038,아파트,월세,546,높음,해당지역,,,,10500.0,,,56.5,51.8,49.9,75.0,
양재1동,서초구,행정동,37.468473849093336,127.0281842161038,연립다세대,월세,273,높음,해당지역,,,,7000.0,,,57.0,32.8,26.5,48.0,
양재1동,서초구,행정동,37.468473849093336,127.0281842161038,오피스텔,월세,109,높음,해당지역,,,,1000.0,,,65.0,21.5,19.1,21.8,
양재1동,서초구,행정동,37.468473849093336,127.0281842161038,단독다가구,전세,373,높음,자치구,,,,24300.0,16000.0,35000.0,,47.4,37.0,64.9,511.628
양재1동,서초구,행정동,37.468473849093336,127.0281842161038,아파트,전세,640,높음,해당지역,,,,51825.0,33832.5,71400.0,,77.1,60.0,85.0,632.904
양재1동,서초구,행정동,37.468473849093336,127.0281842161038,연립다세대,전세,142,높음,해당지역,,,,35000.0,27250.0,43975.0,,47.8,29.2,67.4,688.998
양재1동,서초구,행정동,37.468473849093336,127.0281842161038,오피스텔,전세,28,보통,해당지역,,,,14350.0,13700.0,21750.0,,19.2,18.5,20.1,734.177
양재2동,서초구,행정동,37.4711250671022,127.04346382989348,단독다가구,매매,35,높음,자치구,340000.0,290000.0,410000.0,,,,,247.9,212.3,350.3,1157.729
양재2동,서초구,행정동,37.4711250671022,127.04346382989348,아파트,매매,11,보통,해당지역,129700.0,118000.0,139500.0,,,,,84.2,76.1,116.8,1481.481
양재2동,서초구,행정동,37.4711250671022,127.04346382989348,연립다세대,매매,161,높음,해당지역,59000.0,43300.0,76000.0,,,,,42.5,29.7,57.7,1450.877
양재2동,서초구,행정동,37.4711250671022,127.04346382989348,오피스텔,매매,37,높음,해당지역,15000.0,13500.0,18300.0,,,,,28.6,24.1,39.8,540.091
양재2동,서초구,행정동,37.4711250671022,127.04346382989348,단독다가구,월세,357,높음,법정동,,,,2000.0,,,60.0,33.0,25.1,43.0,
양재2동,서초구,행정동,37.4711250671022,127.04346382989348,아파트,월세,163,높음,법정동,,,,30000.0,,,70.0,51.8,46.3,73.2,
양재2동,서초구,행정동,37.4711250671022,127.04346382989348,연립다세대,월세,399,높음,해당지역,,,,6000.0,,,55.0,30.0,26.2,44.0,
양재2동,서초구,행정동,37.4711250671022,127.04346382989348,오피스텔,월세,93,높음,해당지역,,,,1000.0,,,60.0,24.1,24.1,24.1,
양재2동,서초구,행정동,37.4711250671022,127.04346382989348,단독다가구,전세,82,높음,법정동,,,,21000.0,14000.0,30000.0,,41.0,30.1,49.9,507.86
양재2동,서초구,행정동,37.4711250671022,127.04346382989348,아파트,전세,70,높음,해당지역,,,,48185.5,40057.0,60581.2,,72.4,59.8,85.0,665.702
양재2동,서초구,행정동,37.4711250671022,127.04346382989348,연립다세대,전세,395,높음,해당지역,,,,30975.0,24650.0,39400.0,,41.4,29.8,55.1,736.954
양재2동,서초구,행정동,37.4711250671022,127.04346382989348,오피스텔,전세,11,보통,해당지역,,,,17000.0,13500.0,19250.0,,24.1,24.1,28.9,696.379
잠원동,서초구,행정동,37.515206089561595,127.01361085354824,단독다가구,매매,35,높음,자치구,340000.0,290000.0,410000.0,,,,,247.9,212.3,350.3,1157.729
잠원동,서초구,행정동,37.515206089561595,127.01361085354824,아파트,매매,140,높음,해당지역,340000.0,244625.0,430000.0,,,,,84.5,59.2,84.8,3956.185
잠원동,서초구,행정동,37.515206089561595,127.01361085354824,연립다세대,매매,911,높음,자치구,64700.0,46000.0,85500.0,,,,,41.8,29.5,58.5,1539.162
잠원동,서초구,행정동,37.515206089561595,127.01361085354824,오피스텔,매매,11,보통,해당지역,27200.0,25850.0,28000.0,,,,,31.4,30.7,31.4,865.801
잠원동,서초구,행정동,37.515206089561595,127.01361085354824,단독다가구,월세,98,높음,법정동,,,,1000.0,,,70.0,33.1,26.0,40.4,
잠원동,서초구,행정동,37.515206089561595,127.01361085354824,아파트,월세,276,높음,해당지역,,,,39000.0,,,200.0,84.5,60.0,84.9,
잠원동,서초구,행정동,37.515206089561595,127.01361085354824,연립다세대,월세,76,높음,해당지역,,,,2000.0,,,87.0,34.0,23.0,44.6,
잠원동,서초구,행정동,37.515206089561595,127.01361085354824,오피스텔,월세,1349,높음,자치구,,,,1000.0,,,82.0,24.1,19.9,29.0,
잠원동,서초구,행정동,37.515206089561595,127.01361085354824,단독다가구,전세,12,보통,법정동,,,,20500.0,16125.0,32750.0,,39.0,26.3,92.2,472.477
잠원동,서초구,행정동,37.515206089561595,127.01361085354824,아파트,전세,302,높음,해당지역,,,,93750.0,80475.0,140000.0,,84.5,59.6,84.9,1319.121
잠원동,서초구,행정동,37.515206089561595,127.01361085354824,연립다세대,전세,22,보통,해당지역,,,,23100.0,17000.0,33475.0,,28.5,24.6,37.9,762.732
잠원동,서초구,행정동,37.515206089561595,127.01361085354824,오피스텔,전세,342,높음,자치구,,,,24000.0,18900.0,32000.0,,25.1,20.2,38.8,893.327
금호1가동,성동구,행정동,37.553546731672,127.02416475771999,단독다가구,매매,116,높음,자치구,184600.0,116500.0,306875.0,,,,,148.4,102.5,204.0,1619.983
금호1가동,성동구,행정동,37.553546731672,127.02416475771999,아파트,매매,95,높음,해당지역,178000.0,165000.0,199000.0,,,,,84.4,60.0,84.9,2643.87
금호1가동,성동구,행정동,37.553546731672,127.02416475771999,연립다세대,매매,51,높음,해당지역,40000.0,30000.0,46500.0,,,,,35.4,33.5,43.0,1044.238
금호1가동,성동구,행정동,37.553546731672,127.02416475771999,오피스텔,매매,174,높음,자치구,24000.0,15000.0,37138.5,,,,,27.6,21.9,34.8,818.331
금호1가동,성동구,행정동,37.553546731672,127.02416475771999,단독다가구,월세,2237,높음,자치구,,,,1000.0,,,55.0,25.1,18.2,38.0,
금호1가동,성동구,행정동,37.553546731672,127.02416475771999,아파트,월세,179,높음,해당지역,,,,20000.0,,,153.0,60.0,59.9,84.9,
금호1가동,성동구,행정동,37.553546731672,127.02416475771999,연립다세대,월세,31,높음,해당지역,,,,2000.0,,,50.0,40.1,33.2,48.6,
금호1가동,성동구,행정동,37.553546731672,127.02416475771999,오피스텔,월세,992,높음,자치구,,,,2000.0,,,78.0,23.6,19.8,30.8,
금호1가동,성동구,행정동,37.553546731672,127.02416475771999,단독다가구,전세,519,높음,자치구,,,,14000.0,10000.0,20000.0,,38.1,28.0,51.6,384.025
금호1가동,성동구,행정동,37.553546731672,127.02416475771999,아파트,전세,243,높음,해당지역,,,,79800.0,60000.0,93025.0,,84.8,60.0,84.9,1124.098
금호1가동,성동구,행정동,37.553546731672,127.02416475771999,연립다세대,전세,22,보통,해당지역,,,,18000.0,13400.0,20000.0,,39.7,34.5,55.4,401.428
금호1가동,성동구,행정동,37.553546731672,127.02416475771999,오피스텔,전세,270,높음,자치구,,,,24000.0,19000.0,30000.0,,28.1,19.0,34.6,858.04
금호2.3가동,성동구,행정동,37.552046095896856,127.02051313914097,단독다가구,매매,18,보통,해당지역,114000.0,90750.0,169500.0,,,,,115.9,70.0,161.2,1085.201
금호2.3가동,성동구,행정동,37.552046095896856,127.02051313914097,아파트,매매,57,높음,해당지역,187000.0,163500.0,205000.0,,,,,60.0,60.0,85.0,2650.442
금호2.3가동,성동구,행정동,37.552046095896856,127.02051313914097,연립다세대,매매,39,높음,해당지역,125000.0,56000.0,148000.0,,,,,49.1,36.6,59.9,2308.707
금호2.3가동,성동구,행정동,37.552046095896856,127.02051313914097,오피스텔,매매,174,높음,자치구,24000.0,15000.0,37138.5,,,,,27.6,21.9,34.8,818.331
금호2.3가동,성동구,행정동,37.552046095896856,127.02051313914097,단독다가구,월세,80,높음,해당지역,,,,1000.0,,,50.0,33.8,28.4,43.2,
금호2.3가동,성동구,행정동,37.552046095896856,127.02051313914097,아파트,월세,181,높음,해당지역,,,,20000.0,,,185.0,60.0,60.0,85.0,
금호2.3가동,성동구,행정동,37.552046095896856,127.02051313914097,연립다세대,월세,31,높음,해당지역,,,,5000.0,,,54.0,48.1,42.7,51.9,
금호2.3가동,성동구,행정동,37.552046095896856,127.02051313914097,오피스텔,월세,992,높음,자치구,,,,2000.0,,,78.0,23.6,19.8,30.8,
금호2.3가동,성동구,행정동,37.552046095896856,127.02051313914097,단독다가구,전세,47,높음,해당지역,,,,15000.0,9950.0,20000.0,,40.0,30.0,52.5,350.877
금호2.3가동,성동구,행정동,37.552046095896856,127.02051313914097,아파트,전세,317,높음,해당지역,,,,74500.0,65520.0,80850.0,,79.1,60.0,85.0,1040.245
금호2.3가동,성동구,행정동,37.552046095896856,127.02051313914097,연립다세대,전세,65,높음,해당지역,,,,25000.0,18000.0,30000.0,,52.2,44.5,62.7,470.588
금호2.3가동,성동구,행정동,37.552046095896856,127.02051313914097,오피스텔,전세,270,높음,자치구,,,,24000.0,19000.0,30000.0,,28.1,19.0,34.6,858.04
금호4가동,성동구,행정동,37.54623318273007,127.02201104942013,단독다가구,매매,28,보통,해당지역,230190.0,137077.5,308397.0,,,,,115.8,47.6,172.7,1873.102
금호4가동,성동구,행정동,37.54623318273007,127.02201104942013,아파트,매매,58,높음,해당지역,189250.0,170125.0,209875.0,,,,,60.0,60.0,84.9,2491.283
금호4가동,성동구,행정동,37.54623318273007,127.02201104942013,연립다세대,매매,23,보통,해당지역,93000.0,79300.0,102800.0,,,,,54.6,43.8,63.7,1743.108
금호4가동,성동구,행정동,37.54623318273007,127.02201104942013,오피스텔,매매,174,높음,자치구,24000.0,15000.0,37138.5,,,,,27.6,21.9,34.8,818.331
금호4가동,성동구,행정동,37.54623318273007,127.02201104942013,단독다가구,월세,43,높음,해당지역,,,,1000.0,,,50.0,43.0,26.1,113.4,
금호4가동,성동구,행정동,37.54623318273007,127.02201104942013,아파트,월세,147,높음,해당지역,,,,21000.0,,,210.0,84.7,60.0,84.9,
금호4가동,성동구,행정동,37.54623318273007,127.02201104942013,연립다세대,월세,774,높음,자치구,,,,3000.0,,,60.0,29.1,19.6,44.4,
금호4가동,성동구,행정동,37.54623318273007,127.02201104942013,오피스텔,월세,992,높음,자치구,,,,2000.0,,,78.0,23.6,19.8,30.8,
금호4가동,성동구,행정동,37.54623318273007,127.02201104942013,단독다가구,전세,14,보통,해당지역,,,,18000.0,6625.0,19500.0,,126.7,47.0,179.5,157.197
금호4가동,성동구,행정동,37.54623318273007,127.02201104942013,아파트,전세,206,높음,해당지역,,,,80000.0,70000.0,95000.0,,84.7,60.0,84.9,1106.97
금호4가동,성동구,행정동,37.54623318273007,127.02201104942013,연립다세대,전세,10,보통,해당지역,,,,21000.0,15000.0,25000.0,,53.6,45.6,58.7,388.59
금호4가동,성동구,행정동,37.54623318273007,127.02201104942013,오피스텔,전세,270,높음,자치구,,,,24000.0,19000.0,30000.0,,28.1,19.0,34.6,858.04
마장동,성동구,행정동,37.565204986905215,127.04174662629504,단독다가구,매매,116,높음,자치구,184600.0,116500.0,306875.0,,,,,148.4,102.5,204.0,1619.983
마장동,성동구,행정동,37.565204986905215,127.04174662629504,아파트,매매,76,높음,해당지역,134350.0,118000.0,144787.5,,,,,62.1,59.9,84.9,1766.16
마장동,성동구,행정동,37.565204986905215,127.04174662629504,연립다세대,매매,19,보통,해당지역,38200.0,33000.0,66500.0,,,,,37.0,29.4,65.8,1033.458
마장동,성동구,행정동,37.565204986905215,127.04174662629504,오피스텔,매매,174,높음,자치구,24000.0,15000.0,37138.5,,,,,27.6,21.9,34.8,818.331
마장동,성동구,행정동,37.565204986905215,127.04174662629504,단독다가구,월세,338,높음,해당지역,,,,1000.0,,,55.0,19.0,18.0,24.0,
마장동,성동구,행정동,37.565204986905215,127.04174662629504,아파트,월세,265,높음,해당지역,,,,9600.0,,,51.0,20.3,18.8,50.0,
마장동,성동구,행정동,37.565204986905215,127.04174662629504,연립다세대,월세,77,높음,해당지역,,,,2000.0,,,60.0,21.1,14.8,28.5,
마장동,성동구,행정동,37.565204986905215,127.04174662629504,오피스텔,월세,20,보통,해당지역,,,,2000.0,,,63.5,27.0,20.1,31.4,
마장동,성동구,행정동,37.565204986905215,127.04174662629504,단독다가구,전세,47,높음,해당지역,,,,12000.0,10000.0,14000.0,,35.0,20.0,45.3,440.0
마장동,성동구,행정동,37.565204986905215,127.04174662629504,아파트,전세,133,높음,해당지역,,,,55000.0,45000.0,65000.0,,72.8,59.9,84.9,709.741
마장동,성동구,행정동,37.565204986905215,127.04174662629504,연립다세대,전세,27,보통,해당지역,,,,24150.0,13800.0,26900.0,,34.7,17.0,54.9,763.469
마장동,성동구,행정동,37.565204986905215,127.04174662629504,오피스텔,전세,270,높음,자치구,,,,24000.0,19000.0,30000.0,,28.1,19.0,34.6,858.04
사근동,성동구,행정동,37.56052619530459,127.0435557518068,단독다가구,매매,116,높음,자치구,184600.0,116500.0,306875.0,,,,,148.4,102.5,204.0,1619.983
사근동,성동구,행정동,37.56052619530459,127.0435557518068,아파트,매매,16,보통,해당지역,86750.0,82950.0,92475.0,,,,,71.8,71.8,84.8,1200.418
사근동,성동구,행정동,37.56052619530459,127.0435557518068,연립다세대,매매,24,보통,해당지역,28250.0,24750.0,43500.0,,,,,24.9,17.7,46.5,1215.752
사근동,성동구,행정동,37.56052619530459,127.0435557518068,오피스텔,매매,174,높음,자치구,24000.0,15000.0,37138.5,,,,,27.6,21.9,34.8,818.331
사근동,성동구,행정동,37.56052619530459,127.0435557518068,단독다가구,월세,166,높음,해당지역,,,,1000.0,,,50.0,18.0,16.0,22.0,
사근동,성동구,행정동,37.56052619530459,127.0435557518068,아파트,월세,66,높음,해당지역,,,,5000.0,,,80.0,32.0,18.4,84.2,
사근동,성동구,행정동,37.56052619530459,127.0435557518068,연립다세대,월세,138,높음,해당지역,,,,2000.0,,,56.5,29.0,16.7,55.3,
사근동,성동구,행정동,37.56052619530459,127.0435557518068,오피스텔,월세,992,높음,자치구,,,,2000.0,,,78.0,23.6,19.8,30.8,
사근동,성동구,행정동,37.56052619530459,127.0435557518068,단독다가구,전세,15,보통,해당지역,,,,9500.0,5800.0,11500.0,,19.8,16.2,31.9,411.765
사근동,성동구,행정동,37.56052619530459,127.0435557518068,아파트,전세,21,보통,해당지역,,,,105000.0,53000.0,107000.0,,84.2,71.8,92.1,1151.173
사근동,성동구,행정동,37.56052619530459,127.0435557518068,연립다세대,전세,650,높음,자치구,,,,25000.0,18000.0,28750.0,,29.9,24.9,50.8,761.825
사근동,성동구,행정동,37.56052619530459,127.0435557518068,오피스텔,전세,270,높음,자치구,,,,24000.0,19000.0,30000.0,,28.1,19.0,34.6,858.04
성수1가1동,성동구,행정동,37.5410363227534,127.04677839043858,단독다가구,매매,12,보통,법정동,456500.0,367500.0,635000.0,,,,,224.6,146.1,339.3,2465.855
성수1가1동,성동구,행정동,37.5410363227534,127.04677839043858,아파트,매매,33,높음,해당지역,207500.0,195000.0,290000.0,,,,,81.5,59.4,84.8,3434.343
성수1가1동,성동구,행정동,37.5410363227534,127.04677839043858,연립다세대,매매,22,보통,해당지역,86500.0,56125.0,114625.0,,,,,51.6,38.0,58.2,1849.342
성수1가1동,성동구,행정동,37.5410363227534,127.04677839043858,오피스텔,매매,20,보통,법정동,36500.0,23750.0,40025.0,,,,,31.8,26.9,39.2,1006.386
성수1가1동,성동구,행정동,37.5410363227534,127.04677839043858,단독다가구,월세,230,높음,법정동,,,,1200.0,,,60.0,32.8,23.0,40.0,
성수1가1동,성동구,행정동,37.5410363227534,127.04677839043858,아파트,월세,134,높음,해당지역,,,,30000.0,,,250.0,84.0,59.4,84.9,
성수1가1동,성동구,행정동,37.5410363227534,127.04677839043858,연립다세대,월세,43,높음,해당지역,,,,4000.0,,,85.0,36.4,18.4,52.0,
성수1가1동,성동구,행정동,37.5410363227534,127.04677839043858,오피스텔,월세,78,높음,해당지역,,,,1000.0,,,104.0,23.5,17.4,28.6,
성수1가1동,성동구,행정동,37.5410363227534,127.04677839043858,단독다가구,전세,63,높음,법정동,,,,15000.0,11500.0,22000.0,,35.9,28.9,49.9,420.168
성수1가1동,성동구,행정동,37.5410363227534,127.04677839043858,아파트,전세,159,높음,해당지역,,,,70000.0,60000.0,90000.0,,84.2,59.4,85.0,1000.247
성수1가1동,성동구,행정동,37.5410363227534,127.04677839043858,연립다세대,전세,65,높음,해당지역,,,,26000.0,20000.0,32410.0,,54.3,36.7,60.9,511.338
성수1가1동,성동구,행정동,37.5410363227534,127.04677839043858,오피스텔,전세,16,보통,해당지역,,,,26707.5,21500.0,31250.0,,36.5,31.6,44.2,678.243
성수1가2동,성동구,행정동,37.54905899652237,127.04614357472025,단독다가구,매매,12,보통,법정동,456500.0,367500.0,635000.0,,,,,224.6,146.1,339.3,2465.855
성수1가2동,성동구,행정동,37.54905899652237,127.04614357472025,아파트,매매,38,높음,해당지역,160000.0,146250.0,185750.0,,,,,73.8,59.8,84.8,2428.333
성수1가2동,성동구,행정동,37.54905899652237,127.04614357472025,연립다세대,매매,17,보통,해당지역,40000.0,31000.0,185000.0,,,,,30.5,26.4,68.5,1407.212
성수1가2동,성동구,행정동,37.54905899652237,127.04614357472025,오피스텔,매매,14,보통,해당지역,38000.0,31800.0,46175.0,,,,,35.6,27.0,39.2,1109.522
성수1가2동,성동구,행정동,37.54905899652237,127.04614357472025,단독다가구,월세,230,높음,법정동,,,,1200.0,,,60.0,32.8,23.0,40.0,
성수1가2동,성동구,행정동,37.54905899652237,127.04614357472025,아파트,월세,147,높음,해당지역,,,,30000.0,,,220.0,60.0,60.0,84.8,
성수1가2동,성동구,행정동,37.54905899652237,127.04614357472025,연립다세대,월세,52,높음,해당지역,,,,3000.0,,,60.0,24.3,15.6,36.4,
성수1가2동,성동구,행정동,37.54905899652237,127.04614357472025,오피스텔,월세,74,높음,해당지역,,,,2000.0,,,115.0,27.9,21.2,39.2,
성수1가2동,성동구,행정동,37.54905899652237,127.04614357472025,단독다가구,전세,63,높음,법정동,,,,15000.0,11500.0,22000.0,,35.9,28.9,49.9,420.168
성수1가2동,성동구,행정동,37.54905899652237,127.04614357472025,아파트,전세,177,높음,해당지역,,,,86000.0,65000.0,103000.0,,60.0,59.9,84.8,1121.151
성수1가2동,성동구,행정동,37.54905899652237,127.04614357472025,연립다세대,전세,39,높음,해당지역,,,,25000.0,16700.0,29485.0,,28.4,19.3,35.0,670.954
성수1가2동,성동구,행정동,37.54905899652237,127.04614357472025,오피스텔,전세,51,높음,해당지역,,,,30000.0,22685.0,35140.0,,34.6,28.2,39.2,760.392
성수2가1동,성동구,행정동,37.53825920181391,127.05521868688633,단독다가구,매매,20,보통,법정동,321500.0,292750.0,602500.0,,,,,178.5,128.7,243.9,2239.043
성수2가1동,성동구,행정동,37.53825920181391,127.05521868688633,아파트,매매,18,보통,해당지역,235500.0,129000.0,290000.0,,,,,82.9,59.7,84.9,3646.829
성수2가1동,성동구,행정동,37.53825920181391,127.05521868688633,연립다세대,매매,50,높음,해당지역,72600.0,71025.0,94000.0,,,,,29.8,28.7,30.0,2530.057
성수2가1동,성동구,행정동,37.53825920181391,127.05521868688633,오피스텔,매매,13,보통,해당지역,52635.0,52635.0,54900.0,,,,,29.5,29.0,29.8,1845.378
성수2가1동,성동구,행정동,37.53825920181391,127.05521868688633,단독다가구,월세,202,높음,법정동,,,,1000.0,,,55.0,32.9,23.0,42.2,
성수2가1동,성동구,행정동,37.53825920181391,127.05521868688633,아파트,월세,41,높음,해당지역,,,,25000.0,,,180.0,84.3,59.7,117.1,
성수2가1동,성동구,행정동,37.53825920181391,127.05521868688633,연립다세대,월세,37,높음,해당지역,,,,3000.0,,,50.0,37.2,20.2,51.8,
성수2가1동,성동구,행정동,37.53825920181391,127.05521868688633,오피스텔,월세,79,높음,법정동,,,,1000.0,,,75.0,19.0,15.0,28.1,
성수2가1동,성동구,행정동,37.53825920181391,127.05521868688633,단독다가구,전세,106,높음,법정동,,,,12350.0,10000.0,20000.0,,38.0,30.0,47.8,373.333
성수2가1동,성동구,행정동,37.53825920181391,127.05521868688633,아파트,전세,80,높음,해당지역,,,,58800.0,45112.5,70650.0,,84.3,59.9,85.0,738.938
성수2가1동,성동구,행정동,37.53825920181391,127.05521868688633,연립다세대,전세,44,높음,해당지역,,,,20000.0,15350.0,24350.0,,42.9,28.1,54.7,444.994
성수2가1동,성동구,행정동,37.53825920181391,127.05521868688633,오피스텔,전세,57,높음,법정동,,,,23500.0,14200.0,28077.0,,23.3,18.3,29.3,746.269
성수2가3동,성동구,행정동,37.54689161919048,127.05637994880001,단독다가구,매매,20,보통,법정동,321500.0,292750.0,602500.0,,,,,178.5,128.7,243.9,2239.043
성수2가3동,성동구,행정동,37.54689161919048,127.05637994880001,아파트,매매,36,높음,해당지역,189000.0,126375.0,205750.0,,,,,81.6,80.9,104.6,1885.338
성수2가3동,성동구,행정동,37.54689161919048,127.05637994880001,연립다세대,매매,27,보통,해당지역,26383.0,25246.0,38500.0,,,,,16.9,14.2,28.8,1776.633
성수2가3동,성동구,행정동,37.54689161919048,127.05637994880001,오피스텔,매매,29,보통,해당지역,15000.0,14800.0,16500.0,,,,,18.3,18.3,28.1,807.42
성수2가3동,성동구,행정동,37.54689161919048,127.05637994880001,단독다가구,월세,202,높음,법정동,,,,1000.0,,,55.0,32.9,23.0,42.2,
성수2가3동,성동구,행정동,37.54689161919048,127.05637994880001,아파트,월세,55,높음,해당지역,,,,30000.0,,,200.0,83.4,80.9,102.0,
성수2가3동,성동구,행정동,37.54689161919048,127.05637994880001,연립다세대,월세,48,높음,해당지역,,,,3500.0,,,62.0,29.1,20.7,29.9,
성수2가3동,성동구,행정동,37.54689161919048,127.05637994880001,오피스텔,월세,77,높음,해당지역,,,,1000.0,,,75.0,23.3,15.0,28.1,
성수2가3동,성동구,행정동,37.54689161919048,127.05637994880001,단독다가구,전세,106,높음,법정동,,,,12350.0,10000.0,20000.0,,38.0,30.0,47.8,373.333
성수2가3동,성동구,행정동,37.54689161919048,127.05637994880001,아파트,전세,76,높음,해당지역,,,,77000.0,60000.0,84000.0,,85.0,80.9,102.0,890.289
성수2가3동,성동구,행정동,37.54689161919048,127.05637994880001,연립다세대,전세,58,높음,해당지역,,,,25550.0,21640.0,26679.5,,29.8,23.9,30.0,872.7
성수2가3동,성동구,행정동,37.54689161919048,127.05637994880001,오피스텔,전세,55,높음,해당지역,,,,23500.0,14200.0,28508.5,,23.3,18.3,29.5,740.741
송정동,성동구,행정동,37.552136915062185,127.06618703832142,단독다가구,매매,15,보통,해당지역,135000.0,113500.0,165500.0,,,,,166.9,112.8,175.4,981.194
송정동,성동구,행정동,37.552136915062185,127.06618703832142,아파트,매매,27,보통,해당지역,113000.0,100250.0,136750.0,,,,,84.9,59.8,85.0,1531.754
송정동,성동구,행정동,37.552136915062185,127.06618703832142,연립다세대,매매,408,높음,자치구,53500.0,35000.0,72600.0,,,,,33.8,27.2,51.6,1422.198
송정동,성동구,행정동,37.552136915062185,127.06618703832142,오피스텔,매매,174,높음,자치구,24000.0,15000.0,37138.5,,,,,27.6,21.9,34.8,818.331
송정동,성동구,행정동,37.552136915062185,127.06618703832142,단독다가구,월세,272,높음,해당지역,,,,1000.0,,,50.0,27.0,21.0,36.2,
송정동,성동구,행정동,37.552136915062185,127.06618703832142,아파트,월세,16,보통,해당지역,,,,27000.0,,,80.0,79.5,59.2,84.9,
송정동,성동구,행정동,37.552136915062185,127.06618703832142,연립다세대,월세,34,높음,해당지역,,,,7500.0,,,40.5,26.4,20.5,34.0,
송정동,성동구,행정동,37.552136915062185,127.06618703832142,오피스텔,월세,13,보통,해당지역,,,,1000.0,,,105.0,31.2,30.9,31.2,
송정동,성동구,행정동,37.552136915062185,127.06618703832142,단독다가구,전세,51,높음,해당지역,,,,13000.0,10000.0,19500.0,,38.0,29.7,49.6,378.215
송정동,성동구,행정동,37.552136915062185,127.06618703832142,아파트,전세,18,보통,해당지역,,,,51250.0,42000.0,62725.0,,84.9,59.2,84.9,702.219
송정동,성동구,행정동,37.552136915062185,127.06618703832142,연립다세대,전세,26,보통,해당지역,,,,18820.0,14775.0,25000.0,,30.9,24.8,34.2,613.39
송정동,성동구,행정동,37.552136915062185,127.06618703832142,오피스텔,전세,270,높음,자치구,,,,24000.0,19000.0,30000.0,,28.1,19.0,34.6,858.04
옥수동,성동구,행정동,37.54413128699877,127.01400210993403,단독다가구,매매,116,높음,자치구,184600.0,116500.0,306875.0,,,,,148.4,102.5,204.0,1619.983
옥수동,성동구,행정동,37.54413128699877,127.01400210993403,아파트,매매,143,높음,해당지역,223000.0,185000.0,248500.0,,,,,84.5,59.7,86.3,2819.66
옥수동,성동구,행정동,37.54413128699877,127.01400210993403,연립다세대,매매,408,높음,자치구,53500.0,35000.0,72600.0,,,,,33.8,27.2,51.6,1422.198
옥수동,성동구,행정동,37.54413128699877,127.01400210993403,오피스텔,매매,174,높음,자치구,24000.0,15000.0,37138.5,,,,,27.6,21.9,34.8,818.331
옥수동,성동구,행정동,37.54413128699877,127.01400210993403,단독다가구,월세,27,보통,해당지역,,,,4500.0,,,55.0,43.0,31.5,49.5,
옥수동,성동구,행정동,37.54413128699877,127.01400210993403,아파트,월세,323,높음,해당지역,,,,24000.0,,,200.0,84.3,59.8,84.8,
옥수동,성동구,행정동,37.54413128699877,127.01400210993403,연립다세대,월세,774,높음,자치구,,,,3000.0,,,60.0,29.1,19.6,44.4,
옥수동,성동구,행정동,37.54413128699877,127.01400210993403,오피스텔,월세,21,보통,해당지역,,,,1000.0,,,95.0,27.0,27.0,29.5,
옥수동,성동구,행정동,37.54413128699877,127.01400210993403,단독다가구,전세,11,보통,해당지역,,,,16000.0,14000.0,18500.0,,68.0,36.8,86.8,367.377
옥수동,성동구,행정동,37.54413128699877,127.01400210993403,아파트,전세,433,높음,해당지역,,,,80000.0,65000.0,95000.0,,84.5,59.8,84.9,1055.276
옥수동,성동구,행정동,37.54413128699877,127.01400210993403,연립다세대,전세,650,높음,자치구,,,,25000.0,18000.0,28750.0,,29.9,24.9,50.8,761.825
옥수동,성동구,행정동,37.54413128699877,127.01400210993403,오피스텔,전세,270,높음,자치구,,,,24000.0,19000.0,30000.0,,28.1,19.0,34.6,858.04
왕십리2동,성동구,행정동,37.56153320020343,127.02723777463913,단독다가구,매매,116,높음,자치구,184600.0,116500.0,306875.0,,,,,148.4,102.5,204.0,1619.983
왕십리2동,성동구,행정동,37.56153320020343,127.02723777463913,아파트,매매,79,높음,해당지역,143000.0,130000.0,153100.0,,,,,84.3,59.9,84.9,1884.637
왕십리2동,성동구,행정동,37.56153320020343,127.02723777463913,연립다세대,매매,408,높음,자치구,53500.0,35000.0,72600.0,,,,,33.8,27.2,51.6,1422.198
왕십리2동,성동구,행정동,37.56153320020343,127.02723777463913,오피스텔,매매,10,보통,해당지역,15150.0,14550.0,18237.5,,,,,23.7,22.9,27.5,635.527
왕십리2동,성동구,행정동,37.56153320020343,127.02723777463913,단독다가구,월세,168,높음,법정동,,,,2000.0,,,55.0,33.0,25.0,40.0,
왕십리2동,성동구,행정동,37.56153320020343,127.02723777463913,아파트,월세,99,높음,해당지역,,,,15986.0,,,75.0,59.9,38.2,64.2,
왕십리2동,성동구,행정동,37.56153320020343,127.02723777463913,연립다세대,월세,28,보통,해당지역,,,,5000.0,,,66.5,30.9,26.5,44.0,
왕십리2동,성동구,행정동,37.56153320020343,127.02723777463913,오피스텔,월세,44,높음,해당지역,,,,1000.0,,,80.0,25.8,22.8,27.5,
왕십리2동,성동구,행정동,37.56153320020343,127.02723777463913,단독다가구,전세,32,높음,법정동,,,,13000.0,7750.0,17375.0,,29.6,22.8,52.2,363.197
왕십리2동,성동구,행정동,37.56153320020343,127.02723777463913,아파트,전세,125,높음,해당지역,,,,63000.0,56000.0,73500.0,,64.2,59.9,85.0,881.814
왕십리2동,성동구,행정동,37.56153320020343,127.02723777463913,연립다세대,전세,49,높음,해당지역,,,,30450.0,28000.0,34000.0,,26.9,24.1,33.0,1160.18
왕십리2동,성동구,행정동,37.56153320020343,127.02723777463913,오피스텔,전세,10,보통,법정동,,,,28000.0,27105.0,29750.0,,31.0,30.5,32.5,928.704
왕십리도선동,성동구,행정동,37.565833921369865,127.0305827303499,단독다가구,매매,116,높음,자치구,184600.0,116500.0,306875.0,,,,,148.4,102.5,204.0,1619.983
왕십리도선동,성동구,행정동,37.565833921369865,127.0305827303499,아파트,매매,100,높음,해당지역,198000.0,152500.0,223125.0,,,,,84.9,60.0,85.0,2483.964
왕십리도선동,성동구,행정동,37.565833921369865,127.0305827303499,연립다세대,매매,22,보통,해당지역,28400.0,22875.0,35000.0,,,,,27.0,16.7,28.5,1241.713
왕십리도선동,성동구,행정동,37.565833921369865,127.0305827303499,오피스텔,매매,25,보통,해당지역,24300.0,21500.0,28500.0,,,,,23.6,19.8,30.8,1102.629
왕십리도선동,성동구,행정동,37.565833921369865,127.0305827303499,단독다가구,월세,110,높음,해당지역,,,,2000.0,,,55.0,28.6,19.0,41.0,
왕십리도선동,성동구,행정동,37.565833921369865,127.0305827303499,아파트,월세,206,높음,해당지역,,,,27500.0,,,200.0,84.9,59.9,85.0,
왕십리도선동,성동구,행정동,37.565833921369865,127.0305827303499,연립다세대,월세,67,높음,해당지역,,,,2000.0,,,52.0,23.7,14.4,26.9,
왕십리도선동,성동구,행정동,37.565833921369865,127.0305827303499,오피스텔,월세,346,높음,해당지역,,,,5000.0,,,70.0,23.6,19.6,30.8,
왕십리도선동,성동구,행정동,37.565833921369865,127.0305827303499,단독다가구,전세,36,높음,해당지역,,,,17150.0,10000.0,20700.0,,40.7,33.7,50.4,368.766
왕십리도선동,성동구,행정동,37.565833921369865,127.0305827303499,아파트,전세,285,높음,해당지역,,,,87000.0,73500.0,99700.0,,84.9,60.0,85.0,1129.545
왕십리도선동,성동구,행정동,37.565833921369865,127.0305827303499,연립다세대,전세,14,보통,해당지역,,,,22250.0,15750.0,29500.0,,26.1,20.3,29.0,884.744
왕십리도선동,성동구,행정동,37.565833921369865,127.0305827303499,오피스텔,전세,66,높음,해당지역,,,,25000.0,21300.0,30375.0,,25.7,18.6,31.0,999.501
용답동,성동구,행정동,37.56165395858193,127.06050816736823,단독다가구,매매,116,높음,자치구,184600.0,116500.0,306875.0,,,,,148.4,102.5,204.0,1619.983
용답동,성동구,행정동,37.56165395858193,127.06050816736823,아파트,매매,1013,높음,자치구,171500.0,146500.0,205000.0,,,,,84.3,59.9,85.0,2301.971
용답동,성동구,행정동,37.56165395858193,127.06050816736823,연립다세대,매매,56,높음,해당지역,55000.0,53000.0,60000.0,,,,,23.8,19.7,29.4,2367.328
용답동,성동구,행정동,37.56165395858193,127.06050816736823,오피스텔,매매,53,높음,해당지역,36790.0,12400.0,37291.0,,,,,34.8,22.0,35.0,677.882
용답동,성동구,행정동,37.56165395858193,127.06050816736823,단독다가구,월세,221,높음,해당지역,,,,1000.0,,,50.0,30.0,25.0,39.0,
용답동,성동구,행정동,37.56165395858193,127.06050816736823,아파트,월세,54,높음,해당지역,,,,4900.0,,,63.5,20.0,19.7,28.3,
용답동,성동구,행정동,37.56165395858193,127.06050816736823,연립다세대,월세,99,높음,해당지역,,,,2000.0,,,90.0,28.2,24.0,30.0,
용답동,성동구,행정동,37.56165395858193,127.06050816736823,오피스텔,월세,232,높음,해당지역,,,,3000.0,,,65.0,21.9,20.2,27.6,
용답동,성동구,행정동,37.56165395858193,127.06050816736823,단독다가구,전세,44,높음,해당지역,,,,17000.0,12875.0,24500.0,,43.4,30.7,53.2,439.68
용답동,성동구,행정동,37.56165395858193,127.06050816736823,아파트,전세,23,보통,해당지역,,,,50310.0,34398.0,59155.0,,59.8,45.0,59.8,840.208
용답동,성동구,행정동,37.56165395858193,127.06050816736823,연립다세대,전세,139,높음,해당지역,,,,24000.0,20000.0,26000.0,,25.1,22.1,28.1,935.065
용답동,성동구,행정동,37.56165395858193,127.06050816736823,오피스텔,전세,53,높음,해당지역,,,,19425.0,17300.0,21000.0,,19.6,18.8,32.8,960.682
응봉동,성동구,행정동,37.55225075320495,127.0330508039453,단독다가구,매매,116,높음,자치구,184600.0,116500.0,306875.0,,,,,148.4,102.5,204.0,1619.983
응봉동,성동구,행정동,37.55225075320495,127.0330508039453,아파트,매매,63,높음,해당지역,161000.0,146750.0,183000.0,,,,,75.5,60.0,84.5,2215.115
응봉동,성동구,행정동,37.55225075320495,127.0330508039453,연립다세대,매매,31,높음,해당지역,40000.0,34450.0,45000.0,,,,,50.4,39.5,59.4,816.664
응봉동,성동구,행정동,37.55225075320495,127.0330508039453,오피스텔,매매,174,높음,자치구,24000.0,15000.0,37138.5,,,,,27.6,21.9,34.8,818.331
응봉동,성동구,행정동,37.55225075320495,127.0330508039453,단독다가구,월세,12,보통,해당지역,,,,2500.0,,,40.0,59.0,45.0,130.8,
응봉동,성동구,행정동,37.55225075320495,127.0330508039453,아파트,월세,126,높음,해당지역,,,,15000.0,,,160.0,75.5,59.9,84.5,
응봉동,성동구,행정동,37.55225075320495,127.0330508039453,연립다세대,월세,22,보통,해당지역,,,,5000.0,,,45.0,41.5,35.6,53.0,
응봉동,성동구,행정동,37.55225075320495,127.0330508039453,오피스텔,월세,992,높음,자치구,,,,2000.0,,,78.0,23.6,19.8,30.8,
응봉동,성동구,행정동,37.55225075320495,127.0330508039453,단독다가구,전세,519,높음,자치구,,,,14000.0,10000.0,20000.0,,38.1,28.0,51.6,384.025
응봉동,성동구,행정동,37.55225075320495,127.0330508039453,아파트,전세,174,높음,해당지역,,,,57875.0,47250.0,63750.0,,75.5,59.9,84.5,742.765
응봉동,성동구,행정동,37.55225075320495,127.0330508039453,연립다세대,전세,28,보통,해당지역,,,,16000.0,12750.0,20000.0,,53.8,40.5,59.6,309.098
응봉동,성동구,행정동,37.55225075320495,127.0330508039453,오피스텔,전세,270,높음,자치구,,,,24000.0,19000.0,30000.0,,28.1,19.0,34.6,858.04
행당1동,성동구,행정동,37.55871135379614,127.03619827724867,단독다가구,매매,116,높음,자치구,184600.0,116500.0,306875.0,,,,,148.4,102.5,204.0,1619.983
행당1동,성동구,행정동,37.55871135379614,127.03619827724867,아파트,매매,47,높음,해당지역,193000.0,173600.0,232000.0,,,,,85.0,60.0,85.0,2413.753
행당1동,성동구,행정동,37.55871135379614,127.03619827724867,연립다세대,매매,13,보통,법정동,54400.0,39000.0,64000.0,,,,,38.6,29.6,75.8,1036.001
행당1동,성동구,행정동,37.55871135379614,127.03619827724867,오피스텔,매매,11,보통,법정동,18000.0,15950.0,21900.0,,,,,24.8,23.4,28.5,832.484
행당1동,성동구,행정동,37.55871135379614,127.03619827724867,단독다가구,월세,361,높음,법정동,,,,1000.0,,,55.0,19.0,17.0,27.3,
행당1동,성동구,행정동,37.55871135379614,127.03619827724867,아파트,월세,129,높음,해당지역,,,,15000.0,,,160.0,84.1,36.2,85.0,
행당1동,성동구,행정동,37.55871135379614,127.03619827724867,연립다세대,월세,38,높음,해당지역,,,,10750.0,,,50.0,29.4,22.7,35.5,
행당1동,성동구,행정동,37.55871135379614,127.03619827724867,오피스텔,월세,74,높음,해당지역,,,,1000.0,,,80.0,25.4,21.9,28.4,
행당1동,성동구,행정동,37.55871135379614,127.03619827724867,단독다가구,전세,42,높음,법정동,,,,17500.0,10500.0,23750.0,,40.1,24.2,53.8,471.143
행당1동,성동구,행정동,37.55871135379614,127.03619827724867,아파트,전세,119,높음,해당지역,,,,80850.0,66000.0,100000.0,,84.9,60.0,85.0,1084.418
행당1동,성동구,행정동,37.55871135379614,127.03619827724867,연립다세대,전세,36,높음,해당지역,,,,35000.0,27725.0,38115.0,,29.3,28.7,41.8,1195.889
행당1동,성동구,행정동,37.55871135379614,127.03619827724867,오피스텔,전세,11,보통,해당지역,,,,30000.0,23500.0,35325.0,,29.0,26.9,40.2,952.446
행당2동,성동구,행정동,37.5567007752762,127.02923752317001,단독다가구,매매,116,높음,자치구,184600.0,116500.0,306875.0,,,,,148.4,102.5,204.0,1619.983
행당2동,성동구,행정동,37.5567007752762,127.02923752317001,아파트,매매,118,높음,해당지역,169000.0,160000.0,185000.0,,,,,60.0,60.0,84.9,2318.236
행당2동,성동구,행정동,37.5567007752762,127.02923752317001,연립다세대,매매,13,보통,법정동,54400.0,39000.0,64000.0,,,,,38.6,29.6,75.8,1036.001
행당2동,성동구,행정동,37.5567007752762,127.02923752317001,오피스텔,매매,11,보통,법정동,18000.0,15950.0,21900.0,,,,,24.8,23.4,28.5,832.484
행당2동,성동구,행정동,37.5567007752762,127.02923752317001,단독다가구,월세,361,높음,법정동,,,,1000.0,,,55.0,19.0,17.0,27.3,
행당2동,성동구,행정동,37.5567007752762,127.02923752317001,아파트,월세,199,높음,해당지역,,,,22000.0,,,150.0,70.8,60.0,84.9,
행당2동,성동구,행정동,37.5567007752762,127.02923752317001,연립다세대,월세,11,보통,해당지역,,,,17000.0,,,50.0,43.4,29.9,61.3,
행당2동,성동구,행정동,37.5567007752762,127.02923752317001,오피스텔,월세,79,높음,법정동,,,,1000.0,,,80.0,26.2,21.9,28.8,
행당2동,성동구,행정동,37.5567007752762,127.02923752317001,단독다가구,전세,42,높음,법정동,,,,17500.0,10500.0,23750.0,,40.1,24.2,53.8,471.143
행당2동,성동구,행정동,37.5567007752762,127.02923752317001,아파트,전세,257,높음,해당지역,,,,65000.0,57000.0,75000.0,,60.0,60.0,84.9,867.666
행당2동,성동구,행정동,37.5567007752762,127.02923752317001,연립다세대,전세,13,보통,해당지역,,,,26000.0,21000.0,29000.0,,35.2,28.7,37.8,786.749
행당2동,성동구,행정동,37.5567007752762,127.02923752317001,오피스텔,전세,12,보통,법정동,,,,31800.0,26750.0,36500.0,,32.7,27.9,42.8,953.677
길음1동,성북구,행정동,37.6078894442497,127.01988887813366,단독다가구,매매,187,높음,자치구,74250.0,53500.0,96750.0,,,,,110.8,56.6,165.7,735.583
길음1동,성북구,행정동,37.6078894442497,127.01988887813366,아파트,매매,345,높음,해당지역,118000.0,105000.0,131000.0,,,,,84.6,60.0,85.0,1455.58
길음1동,성북구,행정동,37.6078894442497,127.01988887813366,연립다세대,매매,1116,높음,자치구,37000.0,27000.0,51125.0,,,,,47.7,34.5,58.6,841.537
길음1동,성북구,행정동,37.6078894442497,127.01988887813366,오피스텔,매매,30,높음,자치구,23500.0,15000.0,32375.0,,,,,29.5,21.8,49.6,696.798
길음1동,성북구,행정동,37.6078894442497,127.01988887813366,단독다가구,월세,58,높음,법정동,,,,750.0,,,45.0,30.0,19.2,44.1,
길음1동,성북구,행정동,37.6078894442497,127.01988887813366,아파트,월세,240,높음,해당지역,,,,20000.0,,,150.0,60.0,59.9,85.0,
길음1동,성북구,행정동,37.6078894442497,127.01988887813366,연립다세대,월세,12,보통,해당지역,,,,6500.0,,,50.0,45.6,39.0,49.2,
길음1동,성북구,행정동,37.6078894442497,127.01988887813366,오피스텔,월세,329,높음,자치구,,,,2000.0,,,70.0,25.0,19.4,29.8,
길음1동,성북구,행정동,37.6078894442497,127.01988887813366,단독다가구,전세,20,보통,법정동,,,,12800.0,7000.0,17000.0,,40.3,29.2,54.0,267.683
길음1동,성북구,행정동,37.6078894442497,127.01988887813366,아파트,전세,433,높음,해당지역,,,,59850.0,49350.0,68000.0,,60.0,59.9,85.0,805.134
길음1동,성북구,행정동,37.6078894442497,127.01988887813366,연립다세대,전세,10,보통,법정동,,,,26175.0,12750.0,33500.0,,53.3,44.0,69.8,463.703
길음1동,성북구,행정동,37.6078894442497,127.01988887813366,오피스텔,전세,80,높음,자치구,,,,16400.0,14000.0,25243.8,,22.4,17.9,41.2,656.689
길음2동,성북구,행정동,37.60901670266276,127.02679500460012,단독다가구,매매,187,높음,자치구,74250.0,53500.0,96750.0,,,,,110.8,56.6,165.7,735.583
길음2동,성북구,행정동,37.60901670266276,127.02679500460012,아파트,매매,191,높음,해당지역,128000.0,100000.0,149250.0,,,,,84.7,60.0,85.0,1650.055
길음2동,성북구,행정동,37.60901670266276,127.02679500460012,연립다세대,매매,1116,높음,자치구,37000.0,27000.0,51125.0,,,,,47.7,34.5,58.6,841.537
길음2동,성북구,행정동,37.60901670266276,127.02679500460012,오피스텔,매매,30,높음,자치구,23500.0,15000.0,32375.0,,,,,29.5,21.8,49.6,696.798
길음2동,성북구,행정동,37.60901670266276,127.02679500460012,단독다가구,월세,58,높음,법정동,,,,750.0,,,45.0,30.0,19.2,44.1,
길음2동,성북구,행정동,37.60901670266276,127.02679500460012,아파트,월세,257,높음,해당지역,,,,9800.0,,,75.0,59.8,38.0,60.0,
길음2동,성북구,행정동,37.60901670266276,127.02679500460012,연립다세대,월세,11,보통,해당지역,,,,1000.0,,,51.0,15.6,14.2,32.2,
길음2동,성북구,행정동,37.60901670266276,127.02679500460012,오피스텔,월세,329,높음,자치구,,,,2000.0,,,70.0,25.0,19.4,29.8,
길음2동,성북구,행정동,37.60901670266276,127.02679500460012,단독다가구,전세,20,보통,법정동,,,,12800.0,7000.0,17000.0,,40.3,29.2,54.0,267.683
길음2동,성북구,행정동,37.60901670266276,127.02679500460012,아파트,전세,391,높음,해당지역,,,,60000.0,38634.0,74000.0,,60.0,59.9,84.8,801.336
길음2동,성북구,행정동,37.60901670266276,127.02679500460012,연립다세대,전세,10,보통,법정동,,,,26175.0,12750.0,33500.0,,53.3,44.0,69.8,463.703
길음2동,성북구,행정동,37.60901670266276,127.02679500460012,오피스텔,전세,80,높음,자치구,,,,16400.0,14000.0,25243.8,,22.4,17.9,41.2,656.689
돈암1동,성북구,행정동,37.60105830377859,127.02502163919063,단독다가구,매매,187,높음,자치구,74250.0,53500.0,96750.0,,,,,110.8,56.6,165.7,735.583
돈암1동,성북구,행정동,37.60105830377859,127.02502163919063,아파트,매매,140,높음,해당지역,84000.0,72500.0,96625.0,,,,,84.6,59.6,84.9,1168.828
돈암1동,성북구,행정동,37.60105830377859,127.02502163919063,연립다세대,매매,26,보통,법정동,25250.0,20125.0,40125.0,,,,,38.1,33.9,51.0,709.331
돈암1동,성북구,행정동,37.60105830377859,127.02502163919063,오피스텔,매매,30,높음,자치구,23500.0,15000.0,32375.0,,,,,29.5,21.8,49.6,696.798
돈암1동,성북구,행정동,37.60105830377859,127.02502163919063,단독다가구,월세,23,보통,법정동,,,,2000.0,,,50.0,30.0,24.0,53.6,
돈암1동,성북구,행정동,37.60105830377859,127.02502163919063,아파트,월세,82,높음,해당지역,,,,9000.0,,,115.0,59.8,59.4,84.7,
돈암1동,성북구,행정동,37.60105830377859,127.02502163919063,연립다세대,월세,21,보통,법정동,,,,14000.0,,,28.0,36.3,28.4,56.2,
돈암1동,성북구,행정동,37.60105830377859,127.02502163919063,오피스텔,월세,329,높음,자치구,,,,2000.0,,,70.0,25.0,19.4,29.8,
돈암1동,성북구,행정동,37.60105830377859,127.02502163919063,단독다가구,전세,587,높음,자치구,,,,12000.0,8000.0,17000.0,,43.0,29.1,57.6,300.0
돈암1동,성북구,행정동,37.60105830377859,127.02502163919063,아파트,전세,113,높음,해당지역,,,,49000.0,42000.0,57000.0,,84.4,59.8,84.9,612.197
돈암1동,성북구,행정동,37.60105830377859,127.02502163919063,연립다세대,전세,19,보통,법정동,,,,20000.0,15000.0,20950.0,,29.2,27.5,42.3,670.391
돈암1동,성북구,행정동,37.60105830377859,127.02502163919063,오피스텔,전세,80,높음,자치구,,,,16400.0,14000.0,25243.8,,22.4,17.9,41.2,656.689
돈암2동,성북구,행정동,37.59596742272456,127.01198639816259,단독다가구,매매,187,높음,자치구,74250.0,53500.0,96750.0,,,,,110.8,56.6,165.7,735.583
돈암2동,성북구,행정동,37.59596742272456,127.01198639816259,아파트,매매,267,높음,해당지역,89700.0,82000.0,99000.0,,,,,84.9,60.0,85.0,1142.924
돈암2동,성북구,행정동,37.59596742272456,127.01198639816259,연립다세대,매매,12,보통,해당지역,23650.0,19850.0,28625.0,,,,,38.1,28.0,51.8,634.651
돈암2동,성북구,행정동,37.59596742272456,127.01198639816259,오피스텔,매매,30,높음,자치구,23500.0,15000.0,32375.0,,,,,29.5,21.8,49.6,696.798
돈암2동,성북구,행정동,37.59596742272456,127.01198639816259,단독다가구,월세,23,보통,법정동,,,,2000.0,,,50.0,30.0,24.0,53.6,
돈암2동,성북구,행정동,37.59596742272456,127.01198639816259,아파트,월세,109,높음,해당지역,,,,20000.0,,,100.0,68.1,59.9,85.0,
돈암2동,성북구,행정동,37.59596742272456,127.01198639816259,연립다세대,월세,12,보통,해당지역,,,,18850.0,,,34.0,36.2,29.5,37.5,
돈암2동,성북구,행정동,37.59596742272456,127.01198639816259,오피스텔,월세,329,높음,자치구,,,,2000.0,,,70.0,25.0,19.4,29.8,
돈암2동,성북구,행정동,37.59596742272456,127.01198639816259,단독다가구,전세,587,높음,자치구,,,,12000.0,8000.0,17000.0,,43.0,29.1,57.6,300.0
돈암2동,성북구,행정동,37.59596742272456,127.01198639816259,아파트,전세,194,높음,해당지역,,,,52250.0,45000.0,67537.5,,84.8,60.0,113.7,648.959
돈암2동,성북구,행정동,37.59596742272456,127.01198639816259,연립다세대,전세,10,보통,해당지역,,,,20600.0,19550.0,20975.0,,28.4,26.4,28.4,727.302
돈암2동,성북구,행정동,37.59596742272456,127.01198639816259,오피스텔,전세,80,높음,자치구,,,,16400.0,14000.0,25243.8,,22.4,17.9,41.2,656.689
동선동,성북구,행정동,37.59381758535553,127.0175633733836,단독다가구,매매,187,높음,자치구,74250.0,53500.0,96750.0,,,,,110.8,56.6,165.7,735.583
동선동,성북구,행정동,37.59381758535553,127.0175633733836,아파트,매매,38,높음,해당지역,89100.0,81175.0,94775.0,,,,,70.0,59.9,85.0,1296.436
동선동,성북구,행정동,37.59381758535553,127.0175633733836,연립다세대,매매,33,높음,해당지역,30500.0,23000.0,38000.0,,,,,47.4,30.0,63.5,585.889
동선동,성북구,행정동,37.59381758535553,127.0175633733836,오피스텔,매매,30,높음,자치구,23500.0,15000.0,32375.0,,,,,29.5,21.8,49.6,696.798
동선동,성북구,행정동,37.59381758535553,127.0175633733836,단독다가구,월세,409,높음,해당지역,,,,1000.0,,,55.0,23.0,19.0,35.0,
동선동,성북구,행정동,37.59381758535553,127.0175633733836,아파트,월세,70,높음,해당지역,,,,5000.0,,,58.0,14.0,13.2,14.2,
동선동,성북구,행정동,37.59381758535553,127.0175633733836,연립다세대,월세,245,높음,해당지역,,,,2000.0,,,50.0,26.1,16.2,37.4,
동선동,성북구,행정동,37.59381758535553,127.0175633733836,오피스텔,월세,88,높음,해당지역,,,,1000.0,,,65.0,22.0,20.3,29.5,
동선동,성북구,행정동,37.59381758535553,127.0175633733836,단독다가구,전세,45,높음,해당지역,,,,12000.0,9450.0,20000.0,,36.3,23.1,45.0,400.0
동선동,성북구,행정동,37.59381758535553,127.0175633733836,아파트,전세,12,보통,해당지역,,,,51725.0,43250.0,60250.0,,60.0,52.3,72.8,893.61
동선동,성북구,행정동,37.59381758535553,127.0175633733836,연립다세대,전세,24,보통,해당지역,,,,14300.0,8400.0,27600.0,,37.5,22.4,63.5,459.433
동선동,성북구,행정동,37.59381758535553,127.0175633733836,오피스텔,전세,15,보통,해당지역,,,,15000.0,10925.0,18000.0,,25.6,22.4,37.6,494.991
보문동,성북구,행정동,37.583463052323346,127.01888543880719,단독다가구,매매,187,높음,자치구,74250.0,53500.0,96750.0,,,,,110.8,56.6,165.7,735.583
보문동,성북구,행정동,37.583463052323346,127.01888543880719,아파트,매매,84,높음,해당지역,120000.0,106250.0,127537.5,,,,,80.6,59.8,84.9,1645.301
보문동,성북구,행정동,37.583463052323346,127.01888543880719,연립다세대,매매,20,보통,해당지역,42250.0,32875.0,46400.0,,,,,50.2,46.6,54.2,793.473
보문동,성북구,행정동,37.583463052323346,127.01888543880719,오피스텔,매매,30,높음,자치구,23500.0,15000.0,32375.0,,,,,29.5,21.8,49.6,696.798
보문동,성북구,행정동,37.583463052323346,127.01888543880719,단독다가구,월세,191,높음,해당지역,,,,1000.0,,,50.0,29.0,21.3,40.8,
보문동,성북구,행정동,37.583463052323346,127.01888543880719,아파트,월세,100,높음,해당지역,,,,13068.0,,,63.0,59.5,39.2,63.1,
보문동,성북구,행정동,37.583463052323346,127.01888543880719,연립다세대,월세,76,높음,해당지역,,,,3946.5,,,51.5,23.2,16.0,29.9,
보문동,성북구,행정동,37.583463052323346,127.01888543880719,오피스텔,월세,35,높음,해당지역,,,,5000.0,,,67.0,28.4,23.1,32.7,
보문동,성북구,행정동,37.583463052323346,127.01888543880719,단독다가구,전세,20,보통,해당지역,,,,15000.0,8300.0,18500.0,,42.3,28.0,48.6,348.433
보문동,성북구,행정동,37.583463052323346,127.01888543880719,아파트,전세,103,높음,해당지역,,,,63000.0,55775.0,70000.0,,59.8,59.8,84.9,964.608
보문동,성북구,행정동,37.583463052323346,127.01888543880719,연립다세대,전세,20,보통,해당지역,,,,21250.0,18091.5,27250.0,,39.9,26.5,56.6,620.316
보문동,성북구,행정동,37.583463052323346,127.01888543880719,오피스텔,전세,80,높음,자치구,,,,16400.0,14000.0,25243.8,,22.4,17.9,41.2,656.689
삼선동,성북구,행정동,37.58827761254408,127.0132808593979,단독다가구,매매,17,보통,해당지역,89500.0,58500.0,99500.0,,,,,126.0,101.0,179.6,635.112
삼선동,성북구,행정동,37.58827761254408,127.0132808593979,아파트,매매,98,높음,해당지역,99000.0,92000.0,107750.0,,,,,84.8,60.0,114.6,1192.837
삼선동,성북구,행정동,37.58827761254408,127.0132808593979,연립다세대,매매,44,높음,해당지역,31250.0,23750.0,41075.0,,,,,44.4,38.6,55.0,674.461
삼선동,성북구,행정동,37.58827761254408,127.0132808593979,오피스텔,매매,30,높음,자치구,23500.0,15000.0,32375.0,,,,,29.5,21.8,49.6,696.798
삼선동,성북구,행정동,37.58827761254408,127.0132808593979,단독다가구,월세,297,높음,해당지역,,,,1000.0,,,57.0,33.1,22.0,46.8,
삼선동,성북구,행정동,37.58827761254408,127.0132808593979,아파트,월세,57,높음,해당지역,,,,10000.0,,,90.0,59.9,14.6,84.8,
삼선동,성북구,행정동,37.58827761254408,127.0132808593979,연립다세대,월세,100,높음,해당지역,,,,2500.0,,,49.0,29.7,19.9,42.1,
삼선동,성북구,행정동,37.58827761254408,127.0132808593979,오피스텔,월세,46,높음,해당지역,,,,5000.0,,,68.5,27.9,20.5,30.3,
삼선동,성북구,행정동,37.58827761254408,127.0132808593979,단독다가구,전세,57,높음,해당지역,,,,13000.0,9000.0,18000.0,,42.2,32.0,53.7,324.351
삼선동,성북구,행정동,37.58827761254408,127.0132808593979,아파트,전세,44,높음,해당지역,,,,60000.0,47812.5,68062.5,,84.8,60.0,114.6,738.086
삼선동,성북구,행정동,37.58827761254408,127.0132808593979,연립다세대,전세,38,높음,해당지역,,,,24525.0,16750.0,28000.0,,34.1,29.4,49.2,640.543
삼선동,성북구,행정동,37.58827761254408,127.0132808593979,오피스텔,전세,80,높음,자치구,,,,16400.0,14000.0,25243.8,,22.4,17.9,41.2,656.689
석관동,성북구,행정동,37.608994140844736,127.06081136027068,단독다가구,매매,15,보통,해당지역,55300.0,43350.0,73200.0,,,,,77.5,61.3,133.2,664.452
석관동,성북구,행정동,37.608994140844736,127.06081136027068,아파트,매매,163,높음,해당지역,94500.0,82250.0,103500.0,,,,,84.8,60.0,84.9,1179.375
석관동,성북구,행정동,37.608994140844736,127.06081136027068,연립다세대,매매,115,높음,해당지역,32500.0,25100.0,38400.0,,,,,41.7,28.8,49.7,798.689
석관동,성북구,행정동,37.608994140844736,127.06081136027068,오피스텔,매매,30,높음,자치구,23500.0,15000.0,32375.0,,,,,29.5,21.8,49.6,696.798
석관동,성북구,행정동,37.608994140844736,127.06081136027068,단독다가구,월세,406,높음,해당지역,,,,1000.0,,,45.0,30.0,19.0,41.2,
석관동,성북구,행정동,37.608994140844736,127.06081136027068,아파트,월세,128,높음,해당지역,,,,8512.0,,,85.5,59.9,39.0,66.2,
석관동,성북구,행정동,37.608994140844736,127.06081136027068,연립다세대,월세,107,높음,해당지역,,,,3451.0,,,45.0,28.7,23.6,42.7,
석관동,성북구,행정동,37.608994140844736,127.06081136027068,오피스텔,월세,44,높음,해당지역,,,,1000.0,,,75.0,30.1,25.0,33.2,
석관동,성북구,행정동,37.608994140844736,127.06081136027068,단독다가구,전세,81,높음,해당지역,,,,11000.0,7000.0,15000.0,,33.2,20.0,53.8,355.771
석관동,성북구,행정동,37.608994140844736,127.06081136027068,아파트,전세,121,높음,해당지역,,,,50000.0,42000.0,58000.0,,60.0,59.9,84.9,751.252
석관동,성북구,행정동,37.608994140844736,127.06081136027068,연립다세대,전세,122,높음,해당지역,,,,19575.0,16000.0,23412.5,,28.6,23.8,40.6,690.775
석관동,성북구,행정동,37.608994140844736,127.06081136027068,오피스텔,전세,12,보통,해당지역,,,,9395.0,8375.0,22375.0,,23.8,22.1,32.2,398.765
성북동,성북구,행정동,37.59222800545431,127.00478226001647,단독다가구,매매,36,높음,해당지역,95600.0,72250.0,188000.0,,,,,71.1,42.0,181.6,1391.583
성북동,성북구,행정동,37.59222800545431,127.00478226001647,아파트,매매,12,보통,해당지역,70250.0,65250.0,74500.0,,,,,58.6,58.6,65.2,1144.255
성북동,성북구,행정동,37.59222800545431,127.00478226001647,연립다세대,매매,85,높음,해당지역,54000.0,42000.0,73000.0,,,,,52.7,30.0,67.8,1174.497
성북동,성북구,행정동,37.59222800545431,127.00478226001647,오피스텔,매매,30,높음,자치구,23500.0,15000.0,32375.0,,,,,29.5,21.8,49.6,696.798
성북동,성북구,행정동,37.59222800545431,127.00478226001647,단독다가구,월세,148,높음,해당지역,,,,2000.0,,,55.0,32.5,21.0,45.2,
성북동,성북구,행정동,37.59222800545431,127.00478226001647,아파트,월세,13,보통,해당지역,,,,10000.0,,,100.0,58.6,44.8,84.9,
성북동,성북구,행정동,37.59222800545431,127.00478226001647,연립다세대,월세,133,높음,해당지역,,,,8000.0,,,51.0,48.5,29.8,59.6,
성북동,성북구,행정동,37.59222800545431,127.00478226001647,오피스텔,월세,21,보통,해당지역,,,,2000.0,,,70.0,22.8,18.4,25.3,
성북동,성북구,행정동,37.59222800545431,127.00478226001647,단독다가구,전세,44,높음,해당지역,,,,13640.0,9725.0,22050.0,,43.3,28.5,60.0,364.525
성북동,성북구,행정동,37.59222800545431,127.00478226001647,아파트,전세,13,보통,해당지역,,,,40000.0,18000.0,50000.0,,58.6,48.7,84.9,519.713
성북동,성북구,행정동,37.59222800545431,127.00478226001647,연립다세대,전세,128,높음,해당지역,,,,25900.0,20000.0,34125.0,,49.9,29.8,62.3,603.216
성북동,성북구,행정동,37.59222800545431,127.00478226001647,오피스텔,전세,80,높음,자치구,,,,16400.0,14000.0,25243.8,,22.4,17.9,41.2,656.689
안암동,성북구,행정동,37.58623680995745,127.02527086712315,단독다가구,매매,187,높음,자치구,74250.0,53500.0,96750.0,,,,,110.8,56.6,165.7,735.583
안암동,성북구,행정동,37.58623680995745,127.02527086712315,아파트,매매,49,높음,해당지역,87000.0,59500.0,98000.0,,,,,75.6,59.7,84.9,1107.601
안암동,성북구,행정동,37.58623680995745,127.02527086712315,연립다세대,매매,47,높음,해당지역,35000.0,24200.0,42204.5,,,,,56.4,43.8,70.6,677.384
안암동,성북구,행정동,37.58623680995745,127.02527086712315,오피스텔,매매,30,높음,자치구,23500.0,15000.0,32375.0,,,,,29.5,21.8,49.6,696.798
안암동,성북구,행정동,37.58623680995745,127.02527086712315,단독다가구,월세,522,높음,해당지역,,,,1000.0,,,60.0,22.1,19.8,30.0,
안암동,성북구,행정동,37.58623680995745,127.02527086712315,아파트,월세,32,높음,해당지역,,,,5000.0,,,77.5,59.7,50.4,66.0,
안암동,성북구,행정동,37.58623680995745,127.02527086712315,연립다세대,월세,122,높음,해당지역,,,,1000.0,,,63.0,15.0,13.7,30.0,
안암동,성북구,행정동,37.58623680995745,127.02527086712315,오피스텔,월세,14,보통,해당지역,,,,1000.0,,,50.0,25.2,25.2,25.2,
안암동,성북구,행정동,37.58623680995745,127.02527086712315,단독다가구,전세,33,높음,해당지역,,,,13000.0,7500.0,18900.0,,33.3,25.0,57.1,330.0
안암동,성북구,행정동,37.58623680995745,127.02527086712315,아파트,전세,33,높음,해당지역,,,,60000.0,15500.0,68000.0,,76.0,54.3,84.9,754.112
안암동,성북구,행정동,37.58623680995745,127.02527086712315,연립다세대,전세,13,보통,해당지역,,,,20000.0,10000.0,32000.0,,28.7,17.1,82.9,574.913
안암동,성북구,행정동,37.58623680995745,127.02527086712315,오피스텔,전세,80,높음,자치구,,,,16400.0,14000.0,25243.8,,22.4,17.9,41.2,656.689
월곡1동,성북구,행정동,37.60733993563888,127.03620484960797,단독다가구,매매,15,보통,법정동,54700.0,50500.0,77250.0,,,,,121.6,65.1,150.0,500.366
월곡1동,성북구,행정동,37.60733993563888,127.03620484960797,아파트,매매,199,높음,해당지역,93500.0,86500.0,102000.0,,,,,60.0,59.8,84.8,1285.905
월곡1동,성북구,행정동,37.60733993563888,127.03620484960797,연립다세대,매매,29,보통,해당지역,31000.0,28000.0,34500.0,,,,,40.1,28.7,56.7,847.246
월곡1동,성북구,행정동,37.60733993563888,127.03620484960797,오피스텔,매매,30,높음,자치구,23500.0,15000.0,32375.0,,,,,29.5,21.8,49.6,696.798
월곡1동,성북구,행정동,37.60733993563888,127.03620484960797,단독다가구,월세,351,높음,법정동,,,,1000.0,,,47.0,20.0,17.0,33.0,
월곡1동,성북구,행정동,37.60733993563888,127.03620484960797,아파트,월세,100,높음,해당지역,,,,15000.0,,,135.0,59.9,59.8,84.7,
월곡1동,성북구,행정동,37.60733993563888,127.03620484960797,연립다세대,월세,27,보통,해당지역,,,,2218.0,,,60.0,29.9,14.5,48.5,
월곡1동,성북구,행정동,37.60733993563888,127.03620484960797,오피스텔,월세,21,보통,해당지역,,,,1000.0,,,65.0,21.4,14.4,28.6,
월곡1동,성북구,행정동,37.60733993563888,127.03620484960797,단독다가구,전세,52,높음,법정동,,,,9500.0,6875.0,14500.0,,41.9,23.8,50.1,267.78
월곡1동,성북구,행정동,37.60733993563888,127.03620484960797,아파트,전세,127,높음,해당지역,,,,48300.0,43435.0,57000.0,,84.6,59.9,84.8,657.887
월곡1동,성북구,행정동,37.60733993563888,127.03620484960797,연립다세대,전세,21,보통,해당지역,,,,23000.0,19000.0,25000.0,,47.1,32.2,57.9,595.894
월곡1동,성북구,행정동,37.60733993563888,127.03620484960797,오피스텔,전세,26,보통,해당지역,,,,15100.0,14500.0,15925.0,,17.1,16.1,18.0,882.375
월곡2동,성북구,행정동,37.603280883689685,127.0436855114088,단독다가구,매매,187,높음,자치구,74250.0,53500.0,96750.0,,,,,110.8,56.6,165.7,735.583
월곡2동,성북구,행정동,37.603280883689685,127.0436855114088,아파트,매매,110,높음,해당지역,84750.0,75625.0,96925.0,,,,,79.2,60.0,111.4,1087.619
월곡2동,성북구,행정동,37.603280883689685,127.0436855114088,연립다세대,매매,40,높음,해당지역,19100.0,10375.0,45500.0,,,,,38.4,16.2,54.1,688.529
월곡2동,성북구,행정동,37.603280883689685,127.0436855114088,오피스텔,매매,30,높음,자치구,23500.0,15000.0,32375.0,,,,,29.5,21.8,49.6,696.798
월곡2동,성북구,행정동,37.603280883689685,127.0436855114088,단독다가구,월세,152,높음,해당지역,,,,1000.0,,,50.0,19.8,16.5,30.0,
월곡2동,성북구,행정동,37.603280883689685,127.0436855114088,아파트,월세,46,높음,해당지역,,,,15000.0,,,117.0,64.3,60.0,84.8,
월곡2동,성북구,행정동,37.603280883689685,127.0436855114088,연립다세대,월세,52,높음,해당지역,,,,1000.0,,,50.0,26.0,16.8,44.1,
월곡2동,성북구,행정동,37.603280883689685,127.0436855114088,오피스텔,월세,329,높음,자치구,,,,2000.0,,,70.0,25.0,19.4,29.8,
월곡2동,성북구,행정동,37.603280883689685,127.0436855114088,단독다가구,전세,25,보통,해당지역,,,,10000.0,6000.0,17000.0,,33.0,27.0,45.5,247.372
월곡2동,성북구,행정동,37.603280883689685,127.0436855114088,아파트,전세,65,높음,해당지역,,,,51000.0,45000.0,57700.0,,79.2,60.0,85.0,667.223
월곡2동,성북구,행정동,37.603280883689685,127.0436855114088,연립다세대,전세,17,보통,해당지역,,,,22000.0,20500.0,25000.0,,30.0,28.6,55.1,711.663
월곡2동,성북구,행정동,37.603280883689685,127.0436855114088,오피스텔,전세,80,높음,자치구,,,,16400.0,14000.0,25243.8,,22.4,17.9,41.2,656.689
장위1동,성북구,행정동,37.615731462935216,127.04519096297433,단독다가구,매매,42,높음,법정동,73400.0,60375.0,86500.0,,,,,100.2,73.0,162.1,701.081
장위1동,성북구,행정동,37.615731462935216,127.04519096297433,아파트,매매,50,높음,해당지역,126900.0,124250.0,137000.0,,,,,59.1,59.1,84.5,2072.758
장위1동,성북구,행정동,37.615731462935216,127.04519096297433,연립다세대,매매,236,높음,해당지역,44500.0,36875.0,54925.0,,,,,45.6,34.6,53.3,1052.143
장위1동,성북구,행정동,37.615731462935216,127.04519096297433,오피스텔,매매,30,높음,자치구,23500.0,15000.0,32375.0,,,,,29.5,21.8,49.6,696.798
장위1동,성북구,행정동,37.615731462935216,127.04519096297433,단독다가구,월세,209,높음,법정동,,,,1000.0,,,40.0,45.0,33.4,62.0,
장위1동,성북구,행정동,37.615731462935216,127.04519096297433,아파트,월세,51,높음,해당지역,,,,13970.0,,,51.0,40.5,39.0,59.1,
장위1동,성북구,행정동,37.615731462935216,127.04519096297433,연립다세대,월세,102,높음,해당지역,,,,6241.5,,,35.0,42.1,29.9,55.0,
장위1동,성북구,행정동,37.615731462935216,127.04519096297433,오피스텔,월세,48,높음,법정동,,,,1000.0,,,70.0,18.0,18.0,27.2,
장위1동,성북구,행정동,37.615731462935216,127.04519096297433,단독다가구,전세,74,높음,법정동,,,,12000.0,7125.0,15562.5,,54.2,41.1,67.6,202.14
장위1동,성북구,행정동,37.615731462935216,127.04519096297433,아파트,전세,49,높음,해당지역,,,,65000.0,55600.0,69300.0,,76.2,59.1,84.5,862.944
장위1동,성북구,행정동,37.615731462935216,127.04519096297433,연립다세대,전세,205,높음,해당지역,,,,17300.0,13000.0,21000.0,,44.9,30.4,52.8,376.412
장위1동,성북구,행정동,37.615731462935216,127.04519096297433,오피스텔,전세,80,높음,자치구,,,,16400.0,14000.0,25243.8,,22.4,17.9,41.2,656.689
장위2동,성북구,행정동,37.61162964773797,127.0522686683526,단독다가구,매매,42,높음,법정동,73400.0,60375.0,86500.0,,,,,100.2,73.0,162.1,701.081
장위2동,성북구,행정동,37.61162964773797,127.0522686683526,아파트,매매,217,높음,법정동,119000.0,87500.0,128000.0,,,,,84.5,59.4,85.0,1473.622
장위2동,성북구,행정동,37.61162964773797,127.0522686683526,연립다세대,매매,155,높음,해당지역,62500.0,54000.0,73000.0,,,,,46.7,31.7,57.9,1290.225
장위2동,성북구,행정동,37.61162964773797,127.0522686683526,오피스텔,매매,30,높음,자치구,23500.0,15000.0,32375.0,,,,,29.5,21.8,49.6,696.798
장위2동,성북구,행정동,37.61162964773797,127.0522686683526,단독다가구,월세,209,높음,법정동,,,,1000.0,,,40.0,45.0,33.4,62.0,
장위2동,성북구,행정동,37.61162964773797,127.0522686683526,아파트,월세,55,높음,해당지역,,,,11020.0,,,42.0,39.9,39.7,50.0,
장위2동,성북구,행정동,37.61162964773797,127.0522686683526,연립다세대,월세,47,높음,해당지역,,,,5000.0,,,45.0,41.2,29.0,54.4,
장위2동,성북구,행정동,37.61162964773797,127.0522686683526,오피스텔,월세,16,보통,해당지역,,,,3000.0,,,110.0,27.2,27.2,29.3,
장위2동,성북구,행정동,37.61162964773797,127.0522686683526,단독다가구,전세,74,높음,법정동,,,,12000.0,7125.0,15562.5,,54.2,41.1,67.6,202.14
장위2동,성북구,행정동,37.61162964773797,127.0522686683526,아파트,전세,11,보통,해당지역,,,,45000.0,37158.5,64000.0,,84.7,69.9,84.9,618.84
장위2동,성북구,행정동,37.61162964773797,127.0522686683526,연립다세대,전세,163,높음,해당지역,,,,20000.0,17000.0,25000.0,,45.1,29.7,58.1,478.445
장위2동,성북구,행정동,37.61162964773797,127.0522686683526,오피스텔,전세,80,높음,자치구,,,,16400.0,14000.0,25243.8,,22.4,17.9,41.2,656.689
장위3동,성북구,행정동,37.618344624718375,127.05318406551257,단독다가구,매매,42,높음,법정동,73400.0,60375.0,86500.0,,,,,100.2,73.0,162.1,701.081
장위3동,성북구,행정동,37.618344624718375,127.05318406551257,아파트,매매,158,높음,해당지역,108800.0,84625.0,126250.0,,,,,84.8,59.9,85.0,1412.311
장위3동,성북구,행정동,37.618344624718375,127.05318406551257,연립다세대,매매,400,높음,법정동,51250.0,40000.0,64550.0,,,,,46.4,34.5,55.3,1153.733
장위3동,성북구,행정동,37.618344624718375,127.05318406551257,오피스텔,매매,30,높음,자치구,23500.0,15000.0,32375.0,,,,,29.5,21.8,49.6,696.798
장위3동,성북구,행정동,37.618344624718375,127.05318406551257,단독다가구,월세,209,높음,법정동,,,,1000.0,,,40.0,45.0,33.4,62.0,
장위3동,성북구,행정동,37.618344624718375,127.05318406551257,아파트,월세,221,높음,해당지역,,,,9173.0,,,37.0,39.3,32.2,49.3,
장위3동,성북구,행정동,37.618344624718375,127.05318406551257,연립다세대,월세,155,높음,법정동,,,,6000.0,,,40.0,41.9,29.9,55.0,
장위3동,성북구,행정동,37.618344624718375,127.05318406551257,오피스텔,월세,31,높음,해당지역,,,,1000.0,,,68.0,18.0,18.0,18.0,
장위3동,성북구,행정동,37.618344624718375,127.05318406551257,단독다가구,전세,74,높음,법정동,,,,12000.0,7125.0,15562.5,,54.2,41.1,67.6,202.14
장위3동,성북구,행정동,37.618344624718375,127.05318406551257,아파트,전세,174,높음,해당지역,,,,56700.0,50000.0,65000.0,,84.9,60.0,85.0,741.7
장위3동,성북구,행정동,37.618344624718375,127.05318406551257,연립다세대,전세,11,보통,해당지역,,,,14000.0,10750.0,16540.0,,52.9,33.4,56.0,268.902
장위3동,성북구,행정동,37.618344624718375,127.05318406551257,오피스텔,전세,80,높음,자치구,,,,16400.0,14000.0,25243.8,,22.4,17.9,41.2,656.689
정릉1동,성북구,행정동,37.6035553267096,127.01711179082528,단독다가구,매매,16,보통,법정동,70920.0,57950.0,83812.5,,,,,145.7,67.0,209.8,613.635
정릉1동,성북구,행정동,37.6035553267096,127.01711179082528,아파트,매매,166,높음,해당지역,77250.0,65000.0,89000.0,,,,,84.6,59.9,85.0,998.346
정릉1동,성북구,행정동,37.6035553267096,127.01711179082528,연립다세대,매매,18,보통,해당지역,28250.0,23625.0,36500.0,,,,,55.5,47.4,62.7,612.555
정릉1동,성북구,행정동,37.6035553267096,127.01711179082528,오피스텔,매매,30,높음,자치구,23500.0,15000.0,32375.0,,,,,29.5,21.8,49.6,696.798
정릉1동,성북구,행정동,37.6035553267096,127.01711179082528,단독다가구,월세,492,높음,법정동,,,,1000.0,,,50.0,19.8,16.0,33.0,
정릉1동,성북구,행정동,37.6035553267096,127.01711179082528,아파트,월세,58,높음,해당지역,,,,15000.0,,,97.0,59.9,59.4,84.6,
정릉1동,성북구,행정동,37.6035553267096,127.01711179082528,연립다세대,월세,24,보통,해당지역,,,,2000.0,,,42.0,29.7,16.2,46.2,
정릉1동,성북구,행정동,37.6035553267096,127.01711179082528,오피스텔,월세,329,높음,자치구,,,,2000.0,,,70.0,25.0,19.4,29.8,
정릉1동,성북구,행정동,37.6035553267096,127.01711179082528,단독다가구,전세,85,높음,법정동,,,,12000.0,8000.0,16000.0,,50.0,34.9,66.8,277.638
정릉1동,성북구,행정동,37.6035553267096,127.01711179082528,아파트,전세,91,높음,해당지역,,,,49500.0,41500.0,58275.0,,84.1,59.4,84.9,654.279
정릉1동,성북구,행정동,37.6035553267096,127.01711179082528,연립다세대,전세,11,보통,해당지역,,,,23100.0,18500.0,25000.0,,60.1,49.3,62.0,397.902
정릉1동,성북구,행정동,37.6035553267096,127.01711179082528,오피스텔,전세,80,높음,자치구,,,,16400.0,14000.0,25243.8,,22.4,17.9,41.2,656.689
정릉2동,성북구,행정동,37.60442933600192,127.01101617728473,단독다가구,매매,16,보통,법정동,70920.0,57950.0,83812.5,,,,,145.7,67.0,209.8,613.635
정릉2동,성북구,행정동,37.60442933600192,127.01101617728473,아파트,매매,132,높음,해당지역,71500.0,63000.0,79200.0,,,,,84.7,60.0,85.0,929.795
정릉2동,성북구,행정동,37.60442933600192,127.01101617728473,연립다세대,매매,86,높음,해당지역,24700.0,20000.0,32375.0,,,,,55.6,42.8,66.2,443.428
정릉2동,성북구,행정동,37.60442933600192,127.01101617728473,오피스텔,매매,30,높음,자치구,23500.0,15000.0,32375.0,,,,,29.5,21.8,49.6,696.798
정릉2동,성북구,행정동,37.60442933600192,127.01101617728473,단독다가구,월세,492,높음,법정동,,,,1000.0,,,50.0,19.8,16.0,33.0,
정릉2동,성북구,행정동,37.60442933600192,127.01101617728473,아파트,월세,43,높음,해당지역,,,,10000.0,,,110.0,84.9,60.0,85.0,
정릉2동,성북구,행정동,37.60442933600192,127.01101617728473,연립다세대,월세,136,높음,해당지역,,,,5000.0,,,57.0,44.7,29.9,59.0,
정릉2동,성북구,행정동,37.60442933600192,127.01101617728473,오피스텔,월세,329,높음,자치구,,,,2000.0,,,70.0,25.0,19.4,29.8,
정릉2동,성북구,행정동,37.60442933600192,127.01101617728473,단독다가구,전세,85,높음,법정동,,,,12000.0,8000.0,16000.0,,50.0,34.9,66.8,277.638
정릉2동,성북구,행정동,37.60442933600192,127.01101617728473,아파트,전세,66,높음,해당지역,,,,45000.0,38250.0,52375.0,,84.6,60.0,85.0,605.151
정릉2동,성북구,행정동,37.60442933600192,127.01101617728473,연립다세대,전세,75,높음,해당지역,,,,16800.0,14550.0,22000.0,,54.1,43.4,67.2,340.483
정릉2동,성북구,행정동,37.60442933600192,127.01101617728473,오피스텔,전세,80,높음,자치구,,,,16400.0,14000.0,25243.8,,22.4,17.9,41.2,656.689
정릉3동,성북구,행정동,37.6083750836667,127.00231947649542,단독다가구,매매,16,보통,법정동,70920.0,57950.0,83812.5,,,,,145.7,67.0,209.8,613.635
정릉3동,성북구,행정동,37.6083750836667,127.00231947649542,아파트,매매,13,보통,해당지역,58500.0,54800.0,64000.0,,,,,81.1,59.9,84.9,739.919
정릉3동,성북구,행정동,37.6083750836667,127.00231947649542,연립다세대,매매,59,높음,해당지역,23000.0,16900.0,29500.0,,,,,51.9,40.0,60.0,497.512
정릉3동,성북구,행정동,37.6083750836667,127.00231947649542,오피스텔,매매,30,높음,자치구,23500.0,15000.0,32375.0,,,,,29.5,21.8,49.6,696.798
정릉3동,성북구,행정동,37.6083750836667,127.00231947649542,단독다가구,월세,492,높음,법정동,,,,1000.0,,,50.0,19.8,16.0,33.0,
정릉3동,성북구,행정동,37.6083750836667,127.00231947649542,아파트,월세,157,높음,법정동,,,,10000.0,,,90.0,60.0,59.4,85.0,
정릉3동,성북구,행정동,37.6083750836667,127.00231947649542,연립다세대,월세,220,높음,해당지역,,,,2000.0,,,44.0,26.4,19.7,49.3,
정릉3동,성북구,행정동,37.6083750836667,127.00231947649542,오피스텔,월세,329,높음,자치구,,,,2000.0,,,70.0,25.0,19.4,29.8,
정릉3동,성북구,행정동,37.6083750836667,127.00231947649542,단독다가구,전세,85,높음,법정동,,,,12000.0,8000.0,16000.0,,50.0,34.9,66.8,277.638
정릉3동,성북구,행정동,37.6083750836667,127.00231947649542,아파트,전세,281,높음,법정동,,,,44100.0,37000.0,50000.0,,84.1,59.9,85.0,582.709
정릉3동,성북구,행정동,37.6083750836667,127.00231947649542,연립다세대,전세,25,보통,해당지역,,,,16000.0,10200.0,18300.0,,51.8,40.8,67.3,290.859
정릉3동,성북구,행정동,37.6083750836667,127.00231947649542,오피스텔,전세,80,높음,자치구,,,,16400.0,14000.0,25243.8,,22.4,17.9,41.2,656.689
정릉4동,성북구,행정동,37.61552129310845,127.00751508316412,단독다가구,매매,16,보통,법정동,70920.0,57950.0,83812.5,,,,,145.7,67.0,209.8,613.635
정릉4동,성북구,행정동,37.61552129310845,127.00751508316412,아파트,매매,226,높음,해당지역,65600.0,56350.0,72725.0,,,,,60.0,59.9,85.0,858.445
정릉4동,성북구,행정동,37.61552129310845,127.00751508316412,연립다세대,매매,57,높음,해당지역,25000.0,17000.0,31200.0,,,,,56.8,45.6,69.5,420.259
정릉4동,성북구,행정동,37.61552129310845,127.00751508316412,오피스텔,매매,30,높음,자치구,23500.0,15000.0,32375.0,,,,,29.5,21.8,49.6,696.798
정릉4동,성북구,행정동,37.61552129310845,127.00751508316412,단독다가구,월세,492,높음,법정동,,,,1000.0,,,50.0,19.8,16.0,33.0,
정릉4동,성북구,행정동,37.61552129310845,127.00751508316412,아파트,월세,55,높음,해당지역,,,,6000.0,,,90.0,59.9,48.0,84.5,
정릉4동,성북구,행정동,37.61552129310845,127.00751508316412,연립다세대,월세,68,높음,해당지역,,,,2960.5,,,48.0,41.1,17.4,55.0,
정릉4동,성북구,행정동,37.61552129310845,127.00751508316412,오피스텔,월세,329,높음,자치구,,,,2000.0,,,70.0,25.0,19.4,29.8,
정릉4동,성북구,행정동,37.61552129310845,127.00751508316412,단독다가구,전세,85,높음,법정동,,,,12000.0,8000.0,16000.0,,50.0,34.9,66.8,277.638
정릉4동,성북구,행정동,37.61552129310845,127.00751508316412,아파트,전세,132,높음,해당지역,,,,41945.0,33900.0,47437.5,,76.9,59.9,85.0,550.257
정릉4동,성북구,행정동,37.61552129310845,127.00751508316412,연립다세대,전세,58,높음,해당지역,,,,19200.0,12247.5,24375.0,,54.5,37.0,68.6,329.555
정릉4동,성북구,행정동,37.61552129310845,127.00751508316412,오피스텔,전세,80,높음,자치구,,,,16400.0,14000.0,25243.8,,22.4,17.9,41.2,656.689
종암동,성북구,행정동,37.59905227497967,127.03423711457309,단독다가구,매매,12,보통,해당지역,49750.0,33386.8,84375.0,,,,,61.5,31.9,115.2,843.315
종암동,성북구,행정동,37.59905227497967,127.03423711457309,아파트,매매,257,높음,해당지역,101000.0,89000.0,111000.0,,,,,84.7,60.0,85.0,1306.651
종암동,성북구,행정동,37.59905227497967,127.03423711457309,연립다세대,매매,59,높음,해당지역,31500.0,26250.0,35700.0,,,,,47.6,30.0,58.8,764.577
종암동,성북구,행정동,37.59905227497967,127.03423711457309,오피스텔,매매,30,높음,자치구,23500.0,15000.0,32375.0,,,,,29.5,21.8,49.6,696.798
종암동,성북구,행정동,37.59905227497967,127.03423711457309,단독다가구,월세,290,높음,해당지역,,,,1000.0,,,50.0,21.0,18.0,36.6,
종암동,성북구,행정동,37.59905227497967,127.03423711457309,아파트,월세,123,높음,해당지역,,,,13100.0,,,120.0,60.0,59.7,85.0,
종암동,성북구,행정동,37.59905227497967,127.03423711457309,연립다세대,월세,102,높음,해당지역,,,,3000.0,,,60.0,30.2,26.8,47.4,
종암동,성북구,행정동,37.59905227497967,127.03423711457309,오피스텔,월세,329,높음,자치구,,,,2000.0,,,70.0,25.0,19.4,29.8,
종암동,성북구,행정동,37.59905227497967,127.03423711457309,단독다가구,전세,43,높음,해당지역,,,,14000.0,10000.0,17425.0,,45.2,35.6,52.9,297.53
종암동,성북구,행정동,37.59905227497967,127.03423711457309,아파트,전세,181,높음,해당지역,,,,52500.0,46000.0,60000.0,,75.5,59.9,85.0,731.736
종암동,성북구,행정동,37.59905227497967,127.03423711457309,연립다세대,전세,46,높음,해당지역,,,,20619.5,16525.0,26550.0,,33.5,28.4,59.1,569.699
종암동,성북구,행정동,37.59905227497967,127.03423711457309,오피스텔,전세,80,높음,자치구,,,,16400.0,14000.0,25243.8,,22.4,17.9,41.2,656.689
가락1동,송파구,행정동,37.497470478453785,127.10713355259423,단독다가구,매매,93,높음,자치구,165000.0,125000.0,290000.0,,,,,246.5,161.0,377.2,746.317
가락1동,송파구,행정동,37.497470478453785,127.10713355259423,아파트,매매,135,높음,해당지역,282000.0,258250.0,300750.0,,,,,85.0,85.0,92.3,3312.544
가락1동,송파구,행정동,37.497470478453785,127.10713355259423,연립다세대,매매,179,높음,법정동,41000.0,31250.0,50680.5,,,,,46.1,33.3,57.3,873.362
가락1동,송파구,행정동,37.497470478453785,127.10713355259423,오피스텔,매매,43,높음,법정동,19000.0,13550.0,25000.0,,,,,33.2,30.3,42.1,544.413
가락1동,송파구,행정동,37.497470478453785,127.10713355259423,단독다가구,월세,185,높음,법정동,,,,2000.0,,,55.0,38.7,25.0,47.5,
가락1동,송파구,행정동,37.497470478453785,127.10713355259423,아파트,월세,560,높음,해당지역,,,,20000.0,,,140.0,60.0,39.2,85.0,
가락1동,송파구,행정동,37.497470478453785,127.10713355259423,연립다세대,월세,614,높음,법정동,,,,5000.0,,,51.0,29.8,21.4,44.0,
가락1동,송파구,행정동,37.497470478453785,127.10713355259423,오피스텔,월세,48,높음,법정동,,,,1500.0,,,58.5,29.3,19.3,37.5,
가락1동,송파구,행정동,37.497470478453785,127.10713355259423,단독다가구,전세,49,높음,법정동,,,,17000.0,13308.0,25000.0,,41.0,32.8,53.9,413.36
가락1동,송파구,행정동,37.497470478453785,127.10713355259423,아파트,전세,331,높음,해당지역,,,,110000.0,95000.0,123500.0,,85.0,60.0,85.0,1412.097
가락1동,송파구,행정동,37.497470478453785,127.10713355259423,연립다세대,전세,223,높음,법정동,,,,25200.0,20000.0,31000.0,,44.1,29.7,53.9,597.384
가락1동,송파구,행정동,37.497470478453785,127.10713355259423,오피스텔,전세,16,보통,법정동,,,,16500.0,13875.0,33375.0,,36.2,32.9,56.8,498.779
가락2동,송파구,행정동,37.495720798637294,127.12963399332133,단독다가구,매매,93,높음,자치구,165000.0,125000.0,290000.0,,,,,246.5,161.0,377.2,746.317
가락2동,송파구,행정동,37.495720798637294,127.12963399332133,아파트,매매,170,높음,해당지역,180750.0,96350.0,201750.0,,,,,62.5,59.9,84.7,2347.324
가락2동,송파구,행정동,37.495720798637294,127.12963399332133,연립다세대,매매,104,높음,해당지역,41000.0,31500.0,48312.5,,,,,42.3,30.0,52.3,907.964
가락2동,송파구,행정동,37.495720798637294,127.12963399332133,오피스텔,매매,43,높음,법정동,19000.0,13550.0,25000.0,,,,,33.2,30.3,42.1,544.413
가락2동,송파구,행정동,37.495720798637294,127.12963399332133,단독다가구,월세,185,높음,법정동,,,,2000.0,,,55.0,38.7,25.0,47.5,
가락2동,송파구,행정동,37.495720798637294,127.12963399332133,아파트,월세,163,높음,해당지역,,,,28300.0,,,120.0,60.7,59.9,84.7,
가락2동,송파구,행정동,37.495720798637294,127.12963399332133,연립다세대,월세,327,높음,해당지역,,,,5000.0,,,50.0,30.0,22.1,43.7,
가락2동,송파구,행정동,37.495720798637294,127.12963399332133,오피스텔,월세,14,보통,해당지역,,,,7000.0,,,19.0,20.3,19.3,23.5,
가락2동,송파구,행정동,37.495720798637294,127.12963399332133,단독다가구,전세,49,높음,법정동,,,,17000.0,13308.0,25000.0,,41.0,32.8,53.9,413.36
가락2동,송파구,행정동,37.495720798637294,127.12963399332133,아파트,전세,164,높음,해당지역,,,,68200.0,50000.0,80000.0,,82.3,59.9,84.7,875.508
가락2동,송파구,행정동,37.495720798637294,127.12963399332133,연립다세대,전세,127,높음,해당지역,,,,25000.0,20350.0,30000.0,,44.6,34.4,53.9,577.943
가락2동,송파구,행정동,37.495720798637294,127.12963399332133,오피스텔,전세,16,보통,법정동,,,,16500.0,13875.0,33375.0,,36.2,32.9,56.8,498.779
가락본동,송파구,행정동,37.497114352109485,127.12077232226687,단독다가구,매매,93,높음,자치구,165000.0,125000.0,290000.0,,,,,246.5,161.0,377.2,746.317
가락본동,송파구,행정동,37.497114352109485,127.12077232226687,아파트,매매,113,높음,해당지역,159000.0,127000.0,185000.0,,,,,84.5,59.9,101.5,1871.819
가락본동,송파구,행정동,37.497114352109485,127.12077232226687,연립다세대,매매,75,높음,해당지역,41800.0,29900.0,59000.0,,,,,48.3,42.8,58.8,849.29
가락본동,송파구,행정동,37.497114352109485,127.12077232226687,오피스텔,매매,39,높음,해당지역,18000.0,13200.0,21500.0,,,,,31.4,30.3,39.5,527.357
가락본동,송파구,행정동,37.497114352109485,127.12077232226687,단독다가구,월세,185,높음,법정동,,,,2000.0,,,55.0,38.7,25.0,47.5,
가락본동,송파구,행정동,37.497114352109485,127.12077232226687,아파트,월세,153,높음,해당지역,,,,20000.0,,,80.0,59.9,43.8,84.8,
가락본동,송파구,행정동,37.497114352109485,127.12077232226687,연립다세대,월세,287,높음,해당지역,,,,5000.0,,,55.0,28.4,21.1,45.5,
가락본동,송파구,행정동,37.497114352109485,127.12077232226687,오피스텔,월세,34,높음,해당지역,,,,1000.0,,,62.5,30.3,27.9,39.2,
가락본동,송파구,행정동,37.497114352109485,127.12077232226687,단독다가구,전세,49,높음,법정동,,,,17000.0,13308.0,25000.0,,41.0,32.8,53.9,413.36
가락본동,송파구,행정동,37.497114352109485,127.12077232226687,아파트,전세,201,높음,해당지역,,,,58000.0,46200.0,73000.0,,59.9,58.5,85.0,862.589
가락본동,송파구,행정동,37.497114352109485,127.12077232226687,연립다세대,전세,96,높음,해당지역,,,,28350.0,19987.5,33000.0,,40.5,27.6,53.4,675.144
가락본동,송파구,행정동,37.497114352109485,127.12077232226687,오피스텔,전세,10,보통,해당지역,,,,16500.0,13750.0,35125.0,,35.0,32.9,56.8,498.779
거여1동,송파구,행정동,37.495447802151645,127.14306290583302,단독다가구,매매,11,보통,법정동,107000.0,81750.0,157500.0,,,,,148.8,141.9,168.3,774.111
거여1동,송파구,행정동,37.495447802151645,127.14306290583302,아파트,매매,41,높음,해당지역,120500.0,107000.0,128000.0,,,,,84.9,84.6,84.9,1469.272
거여1동,송파구,행정동,37.495447802151645,127.14306290583302,연립다세대,매매,51,높음,해당지역,34500.0,29750.0,43900.0,,,,,39.8,29.9,53.9,886.713
거여1동,송파구,행정동,37.495447802151645,127.14306290583302,오피스텔,매매,18,보통,법정동,18250.0,17050.0,20825.0,,,,,20.9,18.6,23.9,901.319
거여1동,송파구,행정동,37.495447802151645,127.14306290583302,단독다가구,월세,149,높음,법정동,,,,2000.0,,,45.0,42.5,30.0,60.0,
거여1동,송파구,행정동,37.495447802151645,127.14306290583302,아파트,월세,20,보통,해당지역,,,,27500.0,,,95.0,84.8,71.1,84.9,
거여1동,송파구,행정동,37.495447802151645,127.14306290583302,연립다세대,월세,66,높음,해당지역,,,,11985.0,,,50.0,34.0,28.6,43.6,
거여1동,송파구,행정동,37.495447802151645,127.14306290583302,오피스텔,월세,23,보통,해당지역,,,,16000.0,,,34.0,25.8,25.6,29.7,
거여1동,송파구,행정동,37.495447802151645,127.14306290583302,단독다가구,전세,50,높음,법정동,,,,15000.0,10250.0,30000.0,,46.9,35.6,76.1,332.311
거여1동,송파구,행정동,37.495447802151645,127.14306290583302,아파트,전세,37,높음,해당지역,,,,53500.0,49350.0,62000.0,,84.9,59.9,84.9,719.085
거여1동,송파구,행정동,37.495447802151645,127.14306290583302,연립다세대,전세,54,높음,해당지역,,,,22000.0,18550.0,27000.0,,39.3,29.7,48.9,567.88
거여1동,송파구,행정동,37.495447802151645,127.14306290583302,오피스텔,전세,17,보통,해당지역,,,,26290.0,24000.0,27000.0,,30.0,29.7,30.0,859.711
거여2동,송파구,행정동,37.493307061998244,127.1471449304734,단독다가구,매매,11,보통,법정동,107000.0,81750.0,157500.0,,,,,148.8,141.9,168.3,774.111
거여2동,송파구,행정동,37.493307061998244,127.1471449304734,아파트,매매,185,높음,해당지역,124000.0,104000.0,163500.0,,,,,59.7,49.8,83.0,2229.798
거여2동,송파구,행정동,37.493307061998244,127.1471449304734,연립다세대,매매,26,보통,해당지역,106500.0,95850.0,119500.0,,,,,52.4,39.8,61.7,2180.373
거여2동,송파구,행정동,37.493307061998244,127.1471449304734,오피스텔,매매,18,보통,법정동,18250.0,17050.0,20825.0,,,,,20.9,18.6,23.9,901.319
거여2동,송파구,행정동,37.493307061998244,127.1471449304734,단독다가구,월세,149,높음,법정동,,,,2000.0,,,45.0,42.5,30.0,60.0,
거여2동,송파구,행정동,37.493307061998244,127.1471449304734,아파트,월세,414,높음,해당지역,,,,10000.0,,,58.5,59.7,39.9,83.0,
거여2동,송파구,행정동,37.493307061998244,127.1471449304734,연립다세대,월세,18,보통,해당지역,,,,5000.0,,,60.0,43.1,39.4,52.9,
거여2동,송파구,행정동,37.493307061998244,127.1471449304734,오피스텔,월세,179,높음,법정동,,,,10000.0,,,34.0,23.1,20.5,26.0,
거여2동,송파구,행정동,37.493307061998244,127.1471449304734,단독다가구,전세,50,높음,법정동,,,,15000.0,10250.0,30000.0,,46.9,35.6,76.1,332.311
거여2동,송파구,행정동,37.493307061998244,127.1471449304734,아파트,전세,415,높음,해당지역,,,,66000.0,47000.0,78750.0,,60.0,59.7,85.0,917.863
거여2동,송파구,행정동,37.493307061998244,127.1471449304734,연립다세대,전세,27,보통,해당지역,,,,20700.0,16935.0,29400.0,,42.3,31.9,63.0,510.362
거여2동,송파구,행정동,37.493307061998244,127.1471449304734,오피스텔,전세,82,높음,법정동,,,,26375.0,17587.5,36375.0,,30.0,20.5,43.8,849.567
마천1동,송파구,행정동,37.49582571900503,127.15725066924868,단독다가구,매매,26,보통,법정동,142000.0,125000.0,160000.0,,,,,205.6,156.8,244.0,727.632
마천1동,송파구,행정동,37.49582571900503,127.15725066924868,아파트,매매,27,보통,해당지역,135000.0,120500.0,139250.0,,,,,84.9,84.1,114.8,1314.072
마천1동,송파구,행정동,37.49582571900503,127.15725066924868,연립다세대,매매,110,높음,해당지역,103750.0,80000.0,113000.0,,,,,47.0,35.7,58.0,2158.505
마천1동,송파구,행정동,37.49582571900503,127.15725066924868,오피스텔,매매,589,높음,자치구,24800.0,19500.0,43000.0,,,,,29.8,24.7,45.0,900.217
마천1동,송파구,행정동,37.49582571900503,127.15725066924868,단독다가구,월세,196,높음,법정동,,,,1000.0,,,40.0,39.6,30.0,70.4,
마천1동,송파구,행정동,37.49582571900503,127.15725066924868,아파트,월세,184,높음,해당지역,,,,5630.5,,,28.0,49.6,40.0,59.9,
마천1동,송파구,행정동,37.49582571900503,127.15725066924868,연립다세대,월세,30,높음,해당지역,,,,10000.0,,,45.0,49.4,36.8,59.7,
마천1동,송파구,행정동,37.49582571900503,127.15725066924868,오피스텔,월세,3617,높음,자치구,,,,3000.0,,,81.0,25.3,20.8,29.8,
마천1동,송파구,행정동,37.49582571900503,127.15725066924868,단독다가구,전세,100,높음,법정동,,,,11000.0,7000.0,15000.0,,44.2,32.7,72.2,223.991
마천1동,송파구,행정동,37.49582571900503,127.15725066924868,아파트,전세,75,높음,해당지역,,,,50185.0,41580.0,57000.0,,84.9,84.1,85.0,519.618
마천1동,송파구,행정동,37.49582571900503,127.15725066924868,연립다세대,전세,83,높음,해당지역,,,,17500.0,15000.0,22500.0,,50.5,39.4,57.5,367.524
마천1동,송파구,행정동,37.49582571900503,127.15725066924868,오피스텔,전세,793,높음,자치구,,,,28000.0,20740.0,39800.0,,30.0,24.1,46.4,885.66
마천2동,송파구,행정동,37.50013491368319,127.14891974343426,단독다가구,매매,26,보통,법정동,142000.0,125000.0,160000.0,,,,,205.6,156.8,244.0,727.632
마천2동,송파구,행정동,37.50013491368319,127.14891974343426,아파트,매매,55,높음,해당지역,81000.0,70350.0,109000.0,,,,,79.1,59.9,84.7,1177.355
마천2동,송파구,행정동,37.50013491368319,127.14891974343426,연립다세대,매매,111,높음,해당지역,50000.0,31550.0,90000.0,,,,,43.6,37.9,50.7,1153.497
마천2동,송파구,행정동,37.50013491368319,127.14891974343426,오피스텔,매매,589,높음,자치구,24800.0,19500.0,43000.0,,,,,29.8,24.7,45.0,900.217
마천2동,송파구,행정동,37.50013491368319,127.14891974343426,단독다가구,월세,196,높음,법정동,,,,1000.0,,,40.0,39.6,30.0,70.4,
마천2동,송파구,행정동,37.50013491368319,127.14891974343426,아파트,월세,10,보통,해당지역,,,,22500.0,,,92.5,80.1,55.3,83.3,
마천2동,송파구,행정동,37.50013491368319,127.14891974343426,연립다세대,월세,72,높음,해당지역,,,,8250.0,,,50.0,44.4,30.7,54.0,
마천2동,송파구,행정동,37.50013491368319,127.14891974343426,오피스텔,월세,3617,높음,자치구,,,,3000.0,,,81.0,25.3,20.8,29.8,
마천2동,송파구,행정동,37.50013491368319,127.14891974343426,단독다가구,전세,100,높음,법정동,,,,11000.0,7000.0,15000.0,,44.2,32.7,72.2,223.991
마천2동,송파구,행정동,37.50013491368319,127.14891974343426,아파트,전세,37,높음,해당지역,,,,44000.0,36700.0,52000.0,,70.4,59.4,82.1,623.986
마천2동,송파구,행정동,37.50013491368319,127.14891974343426,연립다세대,전세,152,높음,해당지역,,,,19920.0,15000.0,25000.0,,47.6,38.4,59.1,416.989
마천2동,송파구,행정동,37.50013491368319,127.14891974343426,오피스텔,전세,793,높음,자치구,,,,28000.0,20740.0,39800.0,,30.0,24.1,46.4,885.66
문정1동,송파구,행정동,37.48773784519557,127.12569271391997,단독다가구,매매,93,높음,자치구,165000.0,125000.0,290000.0,,,,,246.5,161.0,377.2,746.317
문정1동,송파구,행정동,37.48773784519557,127.12569271391997,아파트,매매,61,높음,해당지역,150000.0,97000.0,208000.0,,,,,85.0,59.8,121.0,1673.044
문정1동,송파구,행정동,37.48773784519557,127.12569271391997,연립다세대,매매,84,높음,해당지역,36000.0,29925.0,48000.0,,,,,43.2,29.7,51.8,907.732
문정1동,송파구,행정동,37.48773784519557,127.12569271391997,오피스텔,매매,305,높음,법정동,23000.0,20000.0,44000.0,,,,,29.8,25.9,48.9,864.245
문정1동,송파구,행정동,37.48773784519557,127.12569271391997,단독다가구,월세,140,높음,법정동,,,,2000.0,,,60.0,33.0,22.0,44.4,
문정1동,송파구,행정동,37.48773784519557,127.12569271391997,아파트,월세,96,높음,해당지역,,,,15450.0,,,46.0,33.2,16.4,84.9,
문정1동,송파구,행정동,37.48773784519557,127.12569271391997,연립다세대,월세,410,높음,해당지역,,,,8000.0,,,49.0,29.9,22.9,44.1,
문정1동,송파구,행정동,37.48773784519557,127.12569271391997,오피스텔,월세,1936,높음,법정동,,,,5000.0,,,82.5,26.2,23.2,30.0,
문정1동,송파구,행정동,37.48773784519557,127.12569271391997,단독다가구,전세,31,높음,법정동,,,,19000.0,12000.0,23550.0,,41.2,31.3,62.0,416.667
문정1동,송파구,행정동,37.48773784519557,127.12569271391997,아파트,전세,90,높음,해당지역,,,,70875.0,48337.5,95750.0,,85.0,84.9,123.6,770.083
문정1동,송파구,행정동,37.48773784519557,127.12569271391997,연립다세대,전세,129,높음,해당지역,,,,25000.0,21000.0,30000.0,,44.7,30.0,51.2,621.601
문정1동,송파구,행정동,37.48773784519557,127.12569271391997,오피스텔,전세,328,높음,법정동,,,,32900.0,20700.0,41700.0,,39.0,25.9,49.0,847.882
문정2동,송파구,행정동,37.482200462257794,127.12112331612008,단독다가구,매매,93,높음,자치구,165000.0,125000.0,290000.0,,,,,246.5,161.0,377.2,746.317
문정2동,송파구,행정동,37.482200462257794,127.12112331612008,아파트,매매,87,높음,해당지역,273000.0,245000.0,295000.0,,,,,117.6,84.8,136.3,2294.86
문정2동,송파구,행정동,37.482200462257794,127.12112331612008,연립다세대,매매,157,높음,법정동,39000.0,30000.0,48000.0,,,,,42.8,32.7,50.6,989.011
문정2동,송파구,행정동,37.482200462257794,127.12112331612008,오피스텔,매매,305,높음,해당지역,23000.0,20000.0,44000.0,,,,,29.8,25.9,48.9,864.245
문정2동,송파구,행정동,37.482200462257794,127.12112331612008,단독다가구,월세,140,높음,법정동,,,,2000.0,,,60.0,33.0,22.0,44.4,
문정2동,송파구,행정동,37.482200462257794,127.12112331612008,아파트,월세,108,높음,해당지역,,,,49800.0,,,160.0,85.0,84.7,117.6,
문정2동,송파구,행정동,37.482200462257794,127.12112331612008,연립다세대,월세,606,높음,법정동,,,,8000.0,,,50.0,29.9,22.6,44.2,
문정2동,송파구,행정동,37.482200462257794,127.12112331612008,오피스텔,월세,1934,높음,해당지역,,,,5000.0,,,83.0,26.2,23.3,30.0,
문정2동,송파구,행정동,37.482200462257794,127.12112331612008,단독다가구,전세,31,높음,법정동,,,,19000.0,12000.0,23550.0,,41.2,31.3,62.0,416.667
문정2동,송파구,행정동,37.482200462257794,127.12112331612008,아파트,전세,188,높음,해당지역,,,,90000.0,78750.0,96625.0,,85.0,84.8,136.3,873.62
문정2동,송파구,행정동,37.482200462257794,127.12112331612008,연립다세대,전세,214,높음,법정동,,,,25477.5,21112.5,31400.0,,42.6,31.5,51.1,629.426
문정2동,송파구,행정동,37.482200462257794,127.12112331612008,오피스텔,전세,328,높음,해당지역,,,,32900.0,20700.0,41700.0,,39.0,25.9,49.0,847.882
방이1동,송파구,행정동,37.51024835327624,127.12160999406757,단독다가구,매매,93,높음,자치구,165000.0,125000.0,290000.0,,,,,246.5,161.0,377.2,746.317
방이1동,송파구,행정동,37.51024835327624,127.12160999406757,아파트,매매,53,높음,해당지역,208000.0,168000.0,248000.0,,,,,85.0,84.9,125.1,2038.777
방이1동,송파구,행정동,37.51024835327624,127.12160999406757,연립다세대,매매,80,높음,해당지역,50850.0,45000.0,65000.0,,,,,48.7,40.0,67.3,924.917
방이1동,송파구,행정동,37.51024835327624,127.12160999406757,오피스텔,매매,122,높음,법정동,25000.0,17350.0,32600.0,,,,,24.2,18.2,29.7,981.308
방이1동,송파구,행정동,37.51024835327624,127.12160999406757,단독다가구,월세,224,높음,법정동,,,,2000.0,,,64.0,35.5,24.0,46.0,
방이1동,송파구,행정동,37.51024835327624,127.12160999406757,아파트,월세,35,높음,해당지역,,,,30000.0,,,120.0,85.0,84.9,105.0,
방이1동,송파구,행정동,37.51024835327624,127.12160999406757,연립다세대,월세,160,높음,해당지역,,,,10000.0,,,45.0,35.2,26.6,54.4,
방이1동,송파구,행정동,37.51024835327624,127.12160999406757,오피스텔,월세,11,보통,해당지역,,,,8100.0,,,38.0,16.7,16.7,59.4,
방이1동,송파구,행정동,37.51024835327624,127.12160999406757,단독다가구,전세,33,높음,법정동,,,,22000.0,13000.0,27000.0,,42.4,36.3,60.0,433.369
방이1동,송파구,행정동,37.51024835327624,127.12160999406757,아파트,전세,48,높음,해당지역,,,,71500.0,63000.0,77500.0,,85.0,85.0,92.5,765.471
방이1동,송파구,행정동,37.51024835327624,127.12160999406757,연립다세대,전세,128,높음,해당지역,,,,28950.0,21777.5,36712.5,,48.2,33.7,61.5,569.226
방이1동,송파구,행정동,37.51024835327624,127.12160999406757,오피스텔,전세,246,높음,법정동,,,,28800.0,23525.0,33375.0,,29.3,23.8,34.2,1007.251
방이2동,송파구,행정동,37.51451358815755,127.11336552926706,단독다가구,매매,93,높음,자치구,165000.0,125000.0,290000.0,,,,,246.5,161.0,377.2,746.317
방이2동,송파구,행정동,37.51451358815755,127.11336552926706,아파트,매매,49,높음,해당지역,63000.0,39000.0,118000.0,,,,,56.2,31.9,84.2,1240.079
방이2동,송파구,행정동,37.51451358815755,127.11336552926706,연립다세대,매매,141,높음,해당지역,43000.0,30000.0,52000.0,,,,,49.5,29.7,58.5,825.55
방이2동,송파구,행정동,37.51451358815755,127.11336552926706,오피스텔,매매,121,높음,해당지역,25000.0,17500.0,32700.0,,,,,24.3,18.2,29.7,981.308
방이2동,송파구,행정동,37.51451358815755,127.11336552926706,단독다가구,월세,224,높음,법정동,,,,2000.0,,,64.0,35.5,24.0,46.0,
방이2동,송파구,행정동,37.51451358815755,127.11336552926706,아파트,월세,69,높음,해당지역,,,,10000.0,,,79.0,29.5,23.9,38.7,
방이2동,송파구,행정동,37.51451358815755,127.11336552926706,연립다세대,월세,621,높음,해당지역,,,,7000.0,,,56.0,36.5,24.1,51.2,
방이2동,송파구,행정동,37.51451358815755,127.11336552926706,오피스텔,월세,1099,높음,해당지역,,,,3000.0,,,85.0,21.9,18.1,29.3,
방이2동,송파구,행정동,37.51451358815755,127.11336552926706,단독다가구,전세,33,높음,법정동,,,,22000.0,13000.0,27000.0,,42.4,36.3,60.0,433.369
방이2동,송파구,행정동,37.51451358815755,127.11336552926706,아파트,전세,41,높음,해당지역,,,,37000.0,30000.0,48000.0,,50.4,29.6,73.1,788.699
방이2동,송파구,행정동,37.51451358815755,127.11336552926706,연립다세대,전세,280,높음,해당지역,,,,26480.0,20037.5,31387.5,,46.6,29.8,56.9,572.708
방이2동,송파구,행정동,37.51451358815755,127.11336552926706,오피스텔,전세,246,높음,해당지역,,,,28800.0,23525.0,33375.0,,29.3,23.8,34.2,1007.251
삼전동,송파구,행정동,37.50251264021783,127.0922247754443,단독다가구,매매,93,높음,자치구,165000.0,125000.0,290000.0,,,,,246.5,161.0,377.2,746.317
삼전동,송파구,행정동,37.50251264021783,127.0922247754443,아파트,매매,14,보통,해당지역,117000.0,76500.0,144250.0,,,,,70.5,51.2,80.0,1681.46
삼전동,송파구,행정동,37.50251264021783,127.0922247754443,연립다세대,매매,235,높음,해당지역,50000.0,37000.0,66000.0,,,,,40.8,30.3,55.6,1193.144
삼전동,송파구,행정동,37.50251264021783,127.0922247754443,오피스텔,매매,589,높음,자치구,24800.0,19500.0,43000.0,,,,,29.8,24.7,45.0,900.217
삼전동,송파구,행정동,37.50251264021783,127.0922247754443,단독다가구,월세,251,높음,해당지역,,,,2000.0,,,55.0,36.0,26.4,45.0,
삼전동,송파구,행정동,37.50251264021783,127.0922247754443,아파트,월세,21,보통,해당지역,,,,1000.0,,,82.0,18.9,15.5,19.4,
삼전동,송파구,행정동,37.50251264021783,127.0922247754443,연립다세대,월세,1192,높음,해당지역,,,,10000.0,,,47.0,36.6,26.0,46.4,
삼전동,송파구,행정동,37.50251264021783,127.0922247754443,오피스텔,월세,15,보통,해당지역,,,,18800.0,,,22.0,20.5,19.1,27.1,
삼전동,송파구,행정동,37.50251264021783,127.0922247754443,단독다가구,전세,58,높음,해당지역,,,,15875.0,10300.0,22000.0,,39.5,29.0,54.5,426.786
삼전동,송파구,행정동,37.50251264021783,127.0922247754443,아파트,전세,11,보통,해당지역,,,,49875.0,46750.0,54750.0,,79.1,49.8,81.0,697.792
삼전동,송파구,행정동,37.50251264021783,127.0922247754443,연립다세대,전세,380,높음,해당지역,,,,25000.0,19100.0,31500.0,,41.2,29.4,52.7,577.364
삼전동,송파구,행정동,37.50251264021783,127.0922247754443,오피스텔,전세,21,보통,해당지역,,,,26000.0,25000.0,27000.0,,18.2,18.2,20.0,1352.705
석촌동,송파구,행정동,37.503214717834545,127.10201206446094,단독다가구,매매,93,높음,자치구,165000.0,125000.0,290000.0,,,,,246.5,161.0,377.2,746.317
석촌동,송파구,행정동,37.503214717834545,127.10201206446094,아파트,매매,26,보통,해당지역,137750.0,60275.0,188500.0,,,,,72.6,60.2,84.9,1581.417
석촌동,송파구,행정동,37.503214717834545,127.10201206446094,연립다세대,매매,326,높음,해당지역,43000.0,29700.0,58375.0,,,,,41.2,27.0,55.3,1037.252
석촌동,송파구,행정동,37.503214717834545,127.10201206446094,오피스텔,매매,11,보통,해당지역,26500.0,26000.0,27183.0,,,,,19.3,19.3,19.3,1359.876
석촌동,송파구,행정동,37.503214717834545,127.10201206446094,단독다가구,월세,334,높음,해당지역,,,,2000.0,,,60.0,35.0,24.8,43.0,
석촌동,송파구,행정동,37.503214717834545,127.10201206446094,아파트,월세,47,높음,해당지역,,,,1000.0,,,100.0,15.8,15.8,45.3,
석촌동,송파구,행정동,37.503214717834545,127.10201206446094,연립다세대,월세,1211,높음,해당지역,,,,9000.0,,,51.0,31.0,23.9,45.4,
석촌동,송파구,행정동,37.503214717834545,127.10201206446094,오피스텔,월세,70,높음,해당지역,,,,2000.0,,,65.0,19.3,19.3,24.4,
석촌동,송파구,행정동,37.503214717834545,127.10201206446094,단독다가구,전세,47,높음,해당지역,,,,21000.0,11500.0,28000.0,,45.0,29.4,56.5,442.222
석촌동,송파구,행정동,37.503214717834545,127.10201206446094,아파트,전세,40,높음,해당지역,,,,51460.0,43858.2,83500.0,,59.9,30.0,84.9,1236.218
석촌동,송파구,행정동,37.503214717834545,127.10201206446094,연립다세대,전세,425,높음,해당지역,,,,24300.0,18520.0,30000.0,,41.2,27.9,52.1,586.546
석촌동,송파구,행정동,37.503214717834545,127.10201206446094,오피스텔,전세,12,보통,해당지역,,,,23500.0,23000.0,29275.0,,21.1,19.3,36.7,918.533
송파1동,송파구,행정동,37.50724267126119,127.11001183044782,단독다가구,매매,93,높음,자치구,165000.0,125000.0,290000.0,,,,,246.5,161.0,377.2,746.317
송파1동,송파구,행정동,37.50724267126119,127.11001183044782,아파트,매매,41,높음,해당지역,155000.0,105000.0,209000.0,,,,,64.3,57.7,84.9,1853.777
송파1동,송파구,행정동,37.50724267126119,127.11001183044782,연립다세대,매매,201,높음,해당지역,36900.0,31500.0,48000.0,,,,,35.4,27.4,52.3,1020.408
송파1동,송파구,행정동,37.50724267126119,127.11001183044782,오피스텔,매매,589,높음,자치구,24800.0,19500.0,43000.0,,,,,29.8,24.7,45.0,900.217
송파1동,송파구,행정동,37.50724267126119,127.11001183044782,단독다가구,월세,270,높음,법정동,,,,3000.0,,,62.5,36.0,24.8,44.8,
송파1동,송파구,행정동,37.50724267126119,127.11001183044782,아파트,월세,41,높음,해당지역,,,,27200.0,,,130.0,67.8,56.6,105.5,
송파1동,송파구,행정동,37.50724267126119,127.11001183044782,연립다세대,월세,838,높음,해당지역,,,,10000.0,,,50.0,29.6,22.0,45.5,
송파1동,송파구,행정동,37.50724267126119,127.11001183044782,오피스텔,월세,23,보통,해당지역,,,,2000.0,,,72.0,31.4,27.3,37.0,
송파1동,송파구,행정동,37.50724267126119,127.11001183044782,단독다가구,전세,50,높음,법정동,,,,18100.0,12700.0,29275.0,,49.0,38.4,57.2,396.742
송파1동,송파구,행정동,37.50724267126119,127.11001183044782,아파트,전세,60,높음,해당지역,,,,64500.0,50000.0,77175.0,,71.3,64.3,105.5,824.16
송파1동,송파구,행정동,37.50724267126119,127.11001183044782,연립다세대,전세,253,높음,해당지역,,,,26000.0,19420.0,31800.0,,40.6,26.8,54.5,624.922
송파1동,송파구,행정동,37.50724267126119,127.11001183044782,오피스텔,전세,14,보통,해당지역,,,,33000.0,30250.0,35750.0,,37.0,32.4,38.6,876.903
송파2동,송파구,행정동,37.50318847552832,127.11647177766666,단독다가구,매매,93,높음,자치구,165000.0,125000.0,290000.0,,,,,246.5,161.0,377.2,746.317
송파2동,송파구,행정동,37.50318847552832,127.11647177766666,아파트,매매,76,높음,해당지역,215000.0,155875.0,238500.0,,,,,79.7,63.8,92.5,2511.301
송파2동,송파구,행정동,37.50318847552832,127.11647177766666,연립다세대,매매,64,높음,해당지역,40000.0,35000.0,62125.0,,,,,43.7,27.6,54.7,1172.519
송파2동,송파구,행정동,37.50318847552832,127.11647177766666,오피스텔,매매,589,높음,자치구,24800.0,19500.0,43000.0,,,,,29.8,24.7,45.0,900.217
송파2동,송파구,행정동,37.50318847552832,127.11647177766666,단독다가구,월세,270,높음,법정동,,,,3000.0,,,62.5,36.0,24.8,44.8,
송파2동,송파구,행정동,37.50318847552832,127.11647177766666,아파트,월세,95,높음,해당지역,,,,40000.0,,,106.0,84.3,65.0,106.0,
송파2동,송파구,행정동,37.50318847552832,127.11647177766666,연립다세대,월세,194,높음,해당지역,,,,13000.0,,,31.0,33.6,27.6,48.7,
송파2동,송파구,행정동,37.50318847552832,127.11647177766666,오피스텔,월세,23,보통,법정동,,,,2000.0,,,72.0,31.4,27.3,37.0,
송파2동,송파구,행정동,37.50318847552832,127.11647177766666,단독다가구,전세,50,높음,법정동,,,,18100.0,12700.0,29275.0,,49.0,38.4,57.2,396.742
송파2동,송파구,행정동,37.50318847552832,127.11647177766666,아파트,전세,172,높음,해당지역,,,,73000.0,60000.0,88400.0,,71.7,59.9,85.0,1027.359
송파2동,송파구,행정동,37.50318847552832,127.11647177766666,연립다세대,전세,77,높음,해당지역,,,,27300.0,17640.0,34700.0,,41.3,29.4,51.2,637.503
송파2동,송파구,행정동,37.50318847552832,127.11647177766666,오피스텔,전세,14,보통,법정동,,,,33000.0,30250.0,35750.0,,37.0,32.4,38.6,876.903
오금동,송파구,행정동,37.504483094827265,127.13502926357917,단독다가구,매매,93,높음,자치구,165000.0,125000.0,290000.0,,,,,246.5,161.0,377.2,746.317
오금동,송파구,행정동,37.504483094827265,127.13502926357917,아파트,매매,154,높음,해당지역,139000.0,120000.0,168500.0,,,,,74.4,59.9,85.0,2002.729
오금동,송파구,행정동,37.504483094827265,127.13502926357917,연립다세대,매매,189,높음,해당지역,37000.0,30000.0,44500.0,,,,,48.9,38.2,58.5,785.024
오금동,송파구,행정동,37.504483094827265,127.13502926357917,오피스텔,매매,589,높음,자치구,24800.0,19500.0,43000.0,,,,,29.8,24.7,45.0,900.217
오금동,송파구,행정동,37.504483094827265,127.13502926357917,단독다가구,월세,102,높음,해당지역,,,,3000.0,,,47.5,37.0,26.0,49.2,
오금동,송파구,행정동,37.504483094827265,127.13502926357917,아파트,월세,267,높음,해당지역,,,,7152.0,,,40.0,59.8,39.7,84.9,
오금동,송파구,행정동,37.504483094827265,127.13502926357917,연립다세대,월세,264,높음,해당지역,,,,7788.5,,,44.0,40.8,29.4,52.2,
오금동,송파구,행정동,37.504483094827265,127.13502926357917,오피스텔,월세,20,보통,해당지역,,,,2000.0,,,80.0,36.9,36.8,48.4,
오금동,송파구,행정동,37.504483094827265,127.13502926357917,단독다가구,전세,20,보통,해당지역,,,,21500.0,13375.0,30000.0,,53.0,46.2,86.4,365.942
오금동,송파구,행정동,37.504483094827265,127.13502926357917,아파트,전세,331,높음,해당지역,,,,59000.0,38488.0,79375.0,,73.2,59.8,95.3,703.864
오금동,송파구,행정동,37.504483094827265,127.13502926357917,연립다세대,전세,159,높음,해당지역,,,,26500.0,21000.0,34000.0,,46.5,37.1,59.6,550.265
오금동,송파구,행정동,37.504483094827265,127.13502926357917,오피스텔,전세,793,높음,자치구,,,,28000.0,20740.0,39800.0,,30.0,24.1,46.4,885.66
오륜동,송파구,행정동,37.5175616546675,127.136371627591,단독다가구,매매,93,높음,자치구,165000.0,125000.0,290000.0,,,,,246.5,161.0,377.2,746.317
오륜동,송파구,행정동,37.5175616546675,127.136371627591,아파트,매매,62,높음,해당지역,302500.0,287750.0,351125.0,,,,,100.3,83.1,121.2,3087.563
오륜동,송파구,행정동,37.5175616546675,127.136371627591,연립다세대,매매,221,높음,법정동,46000.0,34000.0,56500.0,,,,,49.3,37.4,60.0,852.166
오륜동,송파구,행정동,37.5175616546675,127.136371627591,오피스텔,매매,122,높음,법정동,25000.0,17350.0,32600.0,,,,,24.2,18.2,29.7,981.308
오륜동,송파구,행정동,37.5175616546675,127.136371627591,단독다가구,월세,224,높음,법정동,,,,2000.0,,,64.0,35.5,24.0,46.0,
오륜동,송파구,행정동,37.5175616546675,127.136371627591,아파트,월세,106,높음,해당지역,,,,45000.0,,,165.0,84.0,83.1,121.2,
오륜동,송파구,행정동,37.5175616546675,127.136371627591,연립다세대,월세,781,높음,법정동,,,,9000.0,,,55.0,35.7,24.5,51.2,
오륜동,송파구,행정동,37.5175616546675,127.136371627591,오피스텔,월세,1110,높음,법정동,,,,3000.0,,,84.5,21.9,18.1,29.3,
오륜동,송파구,행정동,37.5175616546675,127.136371627591,단독다가구,전세,33,높음,법정동,,,,22000.0,13000.0,27000.0,,42.4,36.3,60.0,433.369
오륜동,송파구,행정동,37.5175616546675,127.136371627591,아파트,전세,222,높음,해당지역,,,,87575.0,77000.0,104750.0,,100.3,83.1,121.2,902.962
오륜동,송파구,행정동,37.5175616546675,127.136371627591,연립다세대,전세,408,높음,법정동,,,,27000.0,20593.5,33500.0,,47.7,30.0,58.5,571.512
오륜동,송파구,행정동,37.5175616546675,127.136371627591,오피스텔,전세,246,높음,법정동,,,,28800.0,23525.0,33375.0,,29.3,23.8,34.2,1007.251
위례동,송파구,행정동,37.4803279478309,127.14042740613942,단독다가구,매매,93,높음,자치구,165000.0,125000.0,290000.0,,,,,246.5,161.0,377.2,746.317
위례동,송파구,행정동,37.4803279478309,127.14042740613942,아파트,매매,141,높음,해당지역,198000.0,156000.0,218000.0,,,,,85.0,51.8,108.1,2438.208
위례동,송파구,행정동,37.4803279478309,127.14042740613942,연립다세대,매매,2115,높음,자치구,44000.0,32500.0,61000.0,,,,,43.5,29.9,55.8,1063.565
위례동,송파구,행정동,37.4803279478309,127.14042740613942,오피스텔,매매,16,보통,해당지역,18250.0,17150.0,19475.0,,,,,20.5,18.6,23.4,901.319
위례동,송파구,행정동,37.4803279478309,127.14042740613942,단독다가구,월세,2418,높음,자치구,,,,2000.0,,,53.0,36.0,25.0,46.3,
위례동,송파구,행정동,37.4803279478309,127.14042740613942,아파트,월세,382,높음,해당지역,,,,25000.0,,,110.0,60.0,49.6,105.5,
위례동,송파구,행정동,37.4803279478309,127.14042740613942,연립다세대,월세,7081,높음,자치구,,,,8500.0,,,50.0,32.9,24.1,46.4,
위례동,송파구,행정동,37.4803279478309,127.14042740613942,오피스텔,월세,148,높음,해당지역,,,,11000.0,,,32.5,23.1,20.5,24.2,
위례동,송파구,행정동,37.4803279478309,127.14042740613942,단독다가구,전세,561,높음,자치구,,,,15600.0,10000.0,24000.0,,42.9,33.0,58.8,374.37
위례동,송파구,행정동,37.4803279478309,127.14042740613942,아파트,전세,687,높음,해당지역,,,,65000.0,49218.0,85500.0,,75.0,59.7,101.8,900.644
위례동,송파구,행정동,37.4803279478309,127.14042740613942,연립다세대,전세,2899,높음,자치구,,,,25000.0,19025.0,31350.0,,42.7,29.6,54.6,583.171
위례동,송파구,행정동,37.4803279478309,127.14042740613942,오피스텔,전세,65,높음,해당지역,,,,33600.0,17300.0,39500.0,,38.3,20.5,53.1,848.559
잠실2동,송파구,행정동,37.51283894072139,127.08504736516716,단독다가구,매매,13,보통,법정동,330000.0,181000.0,350000.0,,,,,363.0,161.0,417.1,870.602
잠실2동,송파구,행정동,37.51283894072139,127.08504736516716,아파트,매매,251,높음,해당지역,328000.0,283000.0,342500.0,,,,,84.8,60.0,85.0,4047.535
잠실2동,송파구,행정동,37.51283894072139,127.08504736516716,연립다세대,매매,217,높음,법정동,55000.0,40600.0,71000.0,,,,,39.8,26.9,50.3,1471.92
잠실2동,송파구,행정동,37.51283894072139,127.08504736516716,오피스텔,매매,48,높음,법정동,30150.0,24875.0,59625.0,,,,,34.0,24.4,45.2,1090.678
잠실2동,송파구,행정동,37.51283894072139,127.08504736516716,단독다가구,월세,307,높음,법정동,,,,2000.0,,,55.0,34.7,25.0,45.0,
잠실2동,송파구,행정동,37.51283894072139,127.08504736516716,아파트,월세,556,높음,해당지역,,,,40000.0,,,230.0,84.8,60.0,85.0,
잠실2동,송파구,행정동,37.51283894072139,127.08504736516716,연립다세대,월세,950,높음,법정동,,,,8279.5,,,49.0,32.6,24.5,45.1,
잠실2동,송파구,행정동,37.51283894072139,127.08504736516716,오피스텔,월세,203,높음,법정동,,,,2000.0,,,90.0,24.3,19.8,34.0,
잠실2동,송파구,행정동,37.51283894072139,127.08504736516716,단독다가구,전세,54,높음,법정동,,,,19500.0,12250.0,24970.8,,42.4,33.2,55.0,429.475
잠실2동,송파구,행정동,37.51283894072139,127.08504736516716,아파트,전세,465,높음,해당지역,,,,120000.0,104000.0,131250.0,,84.8,60.0,85.0,1531.945
잠실2동,송파구,행정동,37.51283894072139,127.08504736516716,연립다세대,전세,392,높음,법정동,,,,26612.5,21345.0,32000.0,,39.1,28.2,49.9,648.127
잠실2동,송파구,행정동,37.51283894072139,127.08504736516716,오피스텔,전세,58,높음,법정동,,,,26000.0,20250.0,43000.0,,26.0,21.0,43.7,994.028
잠실3동,송파구,행정동,37.511520343356835,127.09274713864863,단독다가구,매매,13,보통,법정동,330000.0,181000.0,350000.0,,,,,363.0,161.0,417.1,870.602
잠실3동,송파구,행정동,37.511520343356835,127.09274713864863,아파트,매매,196,높음,해당지역,325500.0,301750.0,402700.0,,,,,84.8,76.5,85.0,3799.032
잠실3동,송파구,행정동,37.511520343356835,127.09274713864863,연립다세대,매매,217,높음,법정동,55000.0,40600.0,71000.0,,,,,39.8,26.9,50.3,1471.92
잠실3동,송파구,행정동,37.511520343356835,127.09274713864863,오피스텔,매매,19,보통,해당지역,60000.0,59000.0,78750.0,,,,,45.0,43.6,50.8,1386.29
잠실3동,송파구,행정동,37.511520343356835,127.09274713864863,단독다가구,월세,307,높음,법정동,,,,2000.0,,,55.0,34.7,25.0,45.0,
잠실3동,송파구,행정동,37.511520343356835,127.09274713864863,아파트,월세,345,높음,해당지역,,,,35000.0,,,180.0,84.8,76.5,85.0,
잠실3동,송파구,행정동,37.511520343356835,127.09274713864863,연립다세대,월세,950,높음,법정동,,,,8279.5,,,49.0,32.6,24.5,45.1,
잠실3동,송파구,행정동,37.511520343356835,127.09274713864863,오피스텔,월세,40,높음,해당지역,,,,2000.0,,,155.5,46.1,40.5,54.4,
잠실3동,송파구,행정동,37.511520343356835,127.09274713864863,단독다가구,전세,54,높음,법정동,,,,19500.0,12250.0,24970.8,,42.4,33.2,55.0,429.475
잠실3동,송파구,행정동,37.511520343356835,127.09274713864863,아파트,전세,427,높음,해당지역,,,,94000.0,50000.0,120875.0,,82.5,76.5,84.8,1151.323
잠실3동,송파구,행정동,37.511520343356835,127.09274713864863,연립다세대,전세,392,높음,법정동,,,,26612.5,21345.0,32000.0,,39.1,28.2,49.9,648.127
잠실3동,송파구,행정동,37.511520343356835,127.09274713864863,오피스텔,전세,16,보통,해당지역,,,,48150.0,46750.0,51587.5,,46.4,43.8,51.7,1039.371
잠실4동,송파구,행정동,37.5205366173754,127.10615089337,단독다가구,매매,93,높음,자치구,165000.0,125000.0,290000.0,,,,,246.5,161.0,377.2,746.317
잠실4동,송파구,행정동,37.5205366173754,127.10615089337,아파트,매매,136,높음,해당지역,285000.0,270000.0,302450.0,,,,,84.8,60.0,84.9,3471.041
잠실4동,송파구,행정동,37.5205366173754,127.10615089337,연립다세대,매매,2115,높음,자치구,44000.0,32500.0,61000.0,,,,,43.5,29.9,55.8,1063.565
잠실4동,송파구,행정동,37.5205366173754,127.10615089337,오피스텔,매매,30,높음,법정동,115250.0,63750.0,124000.0,,,,,63.0,48.4,63.0,1719.391
잠실4동,송파구,행정동,37.5205366173754,127.10615089337,단독다가구,월세,2418,높음,자치구,,,,2000.0,,,53.0,36.0,25.0,46.3,
잠실4동,송파구,행정동,37.5205366173754,127.10615089337,아파트,월세,324,높음,해당지역,,,,30000.0,,,200.0,84.8,60.0,84.9,
잠실4동,송파구,행정동,37.5205366173754,127.10615089337,연립다세대,월세,7081,높음,자치구,,,,8500.0,,,50.0,32.9,24.1,46.4,
잠실4동,송파구,행정동,37.5205366173754,127.10615089337,오피스텔,월세,3617,높음,자치구,,,,3000.0,,,81.0,25.3,20.8,29.8,
잠실4동,송파구,행정동,37.5205366173754,127.10615089337,단독다가구,전세,561,높음,자치구,,,,15600.0,10000.0,24000.0,,42.9,33.0,58.8,374.37
잠실4동,송파구,행정동,37.5205366173754,127.10615089337,아파트,전세,321,높음,해당지역,,,,105000.0,93500.0,115500.0,,84.8,60.0,84.9,1297.323
잠실4동,송파구,행정동,37.5205366173754,127.10615089337,연립다세대,전세,2899,높음,자치구,,,,25000.0,19025.0,31350.0,,42.7,29.6,54.6,583.171
잠실4동,송파구,행정동,37.5205366173754,127.10615089337,오피스텔,전세,793,높음,자치구,,,,28000.0,20740.0,39800.0,,30.0,24.1,46.4,885.66
잠실6동,송파구,행정동,37.518233583951286,127.10156714789424,단독다가구,매매,93,높음,자치구,165000.0,125000.0,290000.0,,,,,246.5,161.0,377.2,746.317
잠실6동,송파구,행정동,37.518233583951286,127.10156714789424,아파트,매매,102,높음,해당지역,301500.0,233250.0,323500.0,,,,,82.4,71.2,120.0,3431.039
잠실6동,송파구,행정동,37.518233583951286,127.10156714789424,연립다세대,매매,2115,높음,자치구,44000.0,32500.0,61000.0,,,,,43.5,29.9,55.8,1063.565
잠실6동,송파구,행정동,37.518233583951286,127.10156714789424,오피스텔,매매,30,높음,해당지역,115250.0,63750.0,124000.0,,,,,63.0,48.4,63.0,1719.391
잠실6동,송파구,행정동,37.518233583951286,127.10156714789424,단독다가구,월세,2418,높음,자치구,,,,2000.0,,,53.0,36.0,25.0,46.3,
잠실6동,송파구,행정동,37.518233583951286,127.10156714789424,아파트,월세,180,높음,해당지역,,,,27500.0,,,150.0,82.4,71.2,99.0,
잠실6동,송파구,행정동,37.518233583951286,127.10156714789424,연립다세대,월세,7081,높음,자치구,,,,8500.0,,,50.0,32.9,24.1,46.4,
잠실6동,송파구,행정동,37.518233583951286,127.10156714789424,오피스텔,월세,3617,높음,자치구,,,,3000.0,,,81.0,25.3,20.8,29.8,
잠실6동,송파구,행정동,37.518233583951286,127.10156714789424,단독다가구,전세,561,높음,자치구,,,,15600.0,10000.0,24000.0,,42.9,33.0,58.8,374.37
잠실6동,송파구,행정동,37.518233583951286,127.10156714789424,아파트,전세,223,높음,해당지역,,,,69000.0,58000.0,86550.0,,82.4,71.2,119.8,814.607
잠실6동,송파구,행정동,37.518233583951286,127.10156714789424,연립다세대,전세,2899,높음,자치구,,,,25000.0,19025.0,31350.0,,42.7,29.6,54.6,583.171
잠실6동,송파구,행정동,37.518233583951286,127.10156714789424,오피스텔,전세,793,높음,자치구,,,,28000.0,20740.0,39800.0,,30.0,24.1,46.4,885.66
잠실7동,송파구,행정동,37.50726108928595,127.0743171072386,단독다가구,매매,13,보통,법정동,330000.0,181000.0,350000.0,,,,,363.0,161.0,417.1,870.602
잠실7동,송파구,행정동,37.50726108928595,127.0743171072386,아파트,매매,43,높음,해당지역,383000.0,320000.0,447500.0,,,,,99.4,96.6,142.7,3575.969
잠실7동,송파구,행정동,37.50726108928595,127.0743171072386,연립다세대,매매,217,높음,법정동,55000.0,40600.0,71000.0,,,,,39.8,26.9,50.3,1471.92
잠실7동,송파구,행정동,37.50726108928595,127.0743171072386,오피스텔,매매,48,높음,법정동,30150.0,24875.0,59625.0,,,,,34.0,24.4,45.2,1090.678
잠실7동,송파구,행정동,37.50726108928595,127.0743171072386,단독다가구,월세,307,높음,법정동,,,,2000.0,,,55.0,34.7,25.0,45.0,
잠실7동,송파구,행정동,37.50726108928595,127.0743171072386,아파트,월세,48,높음,해당지역,,,,44550.0,,,135.0,96.6,96.0,131.1,
잠실7동,송파구,행정동,37.50726108928595,127.0743171072386,연립다세대,월세,950,높음,법정동,,,,8279.5,,,49.0,32.6,24.5,45.1,
잠실7동,송파구,행정동,37.50726108928595,127.0743171072386,오피스텔,월세,203,높음,법정동,,,,2000.0,,,90.0,24.3,19.8,34.0,
잠실7동,송파구,행정동,37.50726108928595,127.0743171072386,단독다가구,전세,54,높음,법정동,,,,19500.0,12250.0,24970.8,,42.4,33.2,55.0,429.475
잠실7동,송파구,행정동,37.50726108928595,127.0743171072386,아파트,전세,101,높음,해당지역,,,,85000.0,60000.0,115000.0,,99.4,82.1,134.5,746.547
잠실7동,송파구,행정동,37.50726108928595,127.0743171072386,연립다세대,전세,392,높음,법정동,,,,26612.5,21345.0,32000.0,,39.1,28.2,49.9,648.127
잠실7동,송파구,행정동,37.50726108928595,127.0743171072386,오피스텔,전세,58,높음,법정동,,,,26000.0,20250.0,43000.0,,26.0,21.0,43.7,994.028
잠실본동,송파구,행정동,37.50645124898465,127.083363364941,단독다가구,매매,13,보통,법정동,330000.0,181000.0,350000.0,,,,,363.0,161.0,417.1,870.602
잠실본동,송파구,행정동,37.50645124898465,127.083363364941,아파트,매매,25,보통,해당지역,188500.0,155000.0,198000.0,,,,,84.7,84.3,95.8,2243.741
잠실본동,송파구,행정동,37.50645124898465,127.083363364941,연립다세대,매매,217,높음,해당지역,55000.0,40600.0,71000.0,,,,,39.8,26.9,50.3,1471.92
잠실본동,송파구,행정동,37.50645124898465,127.083363364941,오피스텔,매매,29,보통,해당지역,26000.0,20500.0,29100.0,,,,,27.1,22.7,29.2,978.451
잠실본동,송파구,행정동,37.50645124898465,127.083363364941,단독다가구,월세,307,높음,법정동,,,,2000.0,,,55.0,34.7,25.0,45.0,
잠실본동,송파구,행정동,37.50645124898465,127.083363364941,아파트,월세,131,높음,해당지역,,,,5700.0,,,42.0,16.2,16.2,26.2,
잠실본동,송파구,행정동,37.50645124898465,127.083363364941,연립다세대,월세,950,높음,해당지역,,,,8279.5,,,49.0,32.6,24.5,45.1,
잠실본동,송파구,행정동,37.50645124898465,127.083363364941,오피스텔,월세,163,높음,해당지역,,,,1500.0,,,80.0,22.6,19.5,24.4,
잠실본동,송파구,행정동,37.50645124898465,127.083363364941,단독다가구,전세,54,높음,법정동,,,,19500.0,12250.0,24970.8,,42.4,33.2,55.0,429.475
잠실본동,송파구,행정동,37.50645124898465,127.083363364941,아파트,전세,40,높음,해당지역,,,,65575.0,52125.0,78875.0,,84.5,59.2,84.7,1003.779
잠실본동,송파구,행정동,37.50645124898465,127.083363364941,연립다세대,전세,392,높음,해당지역,,,,26612.5,21345.0,32000.0,,39.1,28.2,49.9,648.127
잠실본동,송파구,행정동,37.50645124898465,127.083363364941,오피스텔,전세,42,높음,해당지역,,,,23000.0,17700.0,26375.0,,24.1,19.1,31.9,947.64
장지동,송파구,행정동,37.48352136230554,127.13112941038402,단독다가구,매매,93,높음,자치구,165000.0,125000.0,290000.0,,,,,246.5,161.0,377.2,746.317
장지동,송파구,행정동,37.48352136230554,127.13112941038402,아파트,매매,218,높음,해당지역,111750.0,94250.0,172875.0,,,,,59.9,39.7,84.4,2397.067
장지동,송파구,행정동,37.48352136230554,127.13112941038402,연립다세대,매매,73,높음,해당지역,40500.0,31000.0,51600.0,,,,,42.7,37.2,49.1,1054.358
장지동,송파구,행정동,37.48352136230554,127.13112941038402,오피스텔,매매,305,높음,법정동,23000.0,20000.0,44000.0,,,,,29.8,25.9,48.9,864.245
장지동,송파구,행정동,37.48352136230554,127.13112941038402,단독다가구,월세,140,높음,법정동,,,,2000.0,,,60.0,33.0,22.0,44.4,
장지동,송파구,행정동,37.48352136230554,127.13112941038402,아파트,월세,523,높음,해당지역,,,,5932.0,,,37.0,49.9,40.0,60.0,
장지동,송파구,행정동,37.48352136230554,127.13112941038402,연립다세대,월세,196,높음,해당지역,,,,9000.0,,,51.5,29.9,22.1,44.2,
장지동,송파구,행정동,37.48352136230554,127.13112941038402,오피스텔,월세,1936,높음,법정동,,,,5000.0,,,82.5,26.2,23.2,30.0,
장지동,송파구,행정동,37.48352136230554,127.13112941038402,단독다가구,전세,31,높음,법정동,,,,19000.0,12000.0,23550.0,,41.2,31.3,62.0,416.667
장지동,송파구,행정동,37.48352136230554,127.13112941038402,아파트,전세,393,높음,해당지역,,,,63000.0,27000.0,75000.0,,75.0,59.9,84.9,803.508
장지동,송파구,행정동,37.48352136230554,127.13112941038402,연립다세대,전세,85,높음,해당지역,,,,26000.0,22500.0,32000.0,,42.0,33.0,49.7,660.625
장지동,송파구,행정동,37.48352136230554,127.13112941038402,오피스텔,전세,328,높음,법정동,,,,32900.0,20700.0,41700.0,,39.0,25.9,49.0,847.882
풍납1동,송파구,행정동,37.538071433697695,127.11755443796699,단독다가구,매매,93,높음,자치구,165000.0,125000.0,290000.0,,,,,246.5,161.0,377.2,746.317
풍납1동,송파구,행정동,37.538071433697695,127.11755443796699,아파트,매매,56,높음,해당지역,133250.0,117375.0,148375.0,,,,,84.4,60.0,84.4,1749.649
풍납1동,송파구,행정동,37.538071433697695,127.11755443796699,연립다세대,매매,12,보통,해당지역,53450.0,36575.0,59932.5,,,,,48.2,46.7,65.0,955.235
풍납1동,송파구,행정동,37.538071433697695,127.11755443796699,오피스텔,매매,589,높음,자치구,24800.0,19500.0,43000.0,,,,,29.8,24.7,45.0,900.217
풍납1동,송파구,행정동,37.538071433697695,127.11755443796699,단독다가구,월세,260,높음,법정동,,,,1000.0,,,45.0,33.0,27.0,49.5,
풍납1동,송파구,행정동,37.538071433697695,127.11755443796699,아파트,월세,36,높음,해당지역,,,,40000.0,,,95.0,84.4,60.0,84.4,
풍납1동,송파구,행정동,37.538071433697695,127.11755443796699,연립다세대,월세,26,보통,해당지역,,,,8000.0,,,47.5,43.5,34.1,49.7,
풍납1동,송파구,행정동,37.538071433697695,127.11755443796699,오피스텔,월세,3617,높음,자치구,,,,3000.0,,,81.0,25.3,20.8,29.8,
풍납1동,송파구,행정동,37.538071433697695,127.11755443796699,단독다가구,전세,69,높음,법정동,,,,13000.0,10000.0,21000.0,,39.6,33.0,50.1,340.384
풍납1동,송파구,행정동,37.538071433697695,127.11755443796699,아파트,전세,67,높음,해당지역,,,,56700.0,48400.0,69750.0,,83.5,59.8,84.4,790.398
풍납1동,송파구,행정동,37.538071433697695,127.11755443796699,연립다세대,전세,20,보통,해당지역,,,,22250.0,17800.0,27375.0,,51.9,42.6,73.0,432.73
풍납1동,송파구,행정동,37.538071433697695,127.11755443796699,오피스텔,전세,793,높음,자치구,,,,28000.0,20740.0,39800.0,,30.0,24.1,46.4,885.66
풍납2동,송파구,행정동,37.5297083210089,127.11540110849717,단독다가구,매매,93,높음,자치구,165000.0,125000.0,290000.0,,,,,246.5,161.0,377.2,746.317
풍납2동,송파구,행정동,37.5297083210089,127.11540110849717,아파트,매매,152,높음,해당지역,138500.0,89875.0,167625.0,,,,,71.7,59.3,84.8,1859.053
풍납2동,송파구,행정동,37.5297083210089,127.11540110849717,연립다세대,매매,16,보통,해당지역,30250.0,21500.0,44000.0,,,,,34.9,29.6,54.7,774.394
풍납2동,송파구,행정동,37.5297083210089,127.11540110849717,오피스텔,매매,589,높음,자치구,24800.0,19500.0,43000.0,,,,,29.8,24.7,45.0,900.217
풍납2동,송파구,행정동,37.5297083210089,127.11540110849717,단독다가구,월세,260,높음,법정동,,,,1000.0,,,45.0,33.0,27.0,49.5,
풍납2동,송파구,행정동,37.5297083210089,127.11540110849717,아파트,월세,209,높음,해당지역,,,,21900.0,,,71.0,60.0,59.4,83.0,
풍납2동,송파구,행정동,37.5297083210089,127.11540110849717,연립다세대,월세,219,높음,해당지역,,,,3000.0,,,36.0,28.9,24.5,30.0,
풍납2동,송파구,행정동,37.5297083210089,127.11540110849717,오피스텔,월세,3617,높음,자치구,,,,3000.0,,,81.0,25.3,20.8,29.8,
풍납2동,송파구,행정동,37.5297083210089,127.11540110849717,단독다가구,전세,69,높음,법정동,,,,13000.0,10000.0,21000.0,,39.6,33.0,50.1,340.384
풍납2동,송파구,행정동,37.5297083210089,127.11540110849717,아파트,전세,217,높음,해당지역,,,,57750.0,45500.0,73500.0,,79.9,59.3,84.8,800.282
풍납2동,송파구,행정동,37.5297083210089,127.11540110849717,연립다세대,전세,32,높음,해당지역,,,,20500.0,16312.5,27250.0,,37.2,27.4,50.8,577.388
풍납2동,송파구,행정동,37.5297083210089,127.11540110849717,오피스텔,전세,793,높음,자치구,,,,28000.0,20740.0,39800.0,,30.0,24.1,46.4,885.66
목1동,양천구,행정동,37.52685249985281,126.87118986164622,단독다가구,매매,42,높음,자치구,116020.0,58950.0,145500.0,,,,,180.0,135.5,246.5,495.837
목1동,양천구,행정동,37.52685249985281,126.87118986164622,아파트,매매,110,높음,해당지역,229500.0,190125.0,270375.0,,,,,66.6,59.4,98.2,3186.759
목1동,양천구,행정동,37.52685249985281,126.87118986164622,연립다세대,매매,715,높음,법정동,31000.0,25000.0,37000.0,,,,,38.5,29.7,52.5,829.187
목1동,양천구,행정동,37.52685249985281,126.87118986164622,오피스텔,매매,65,높음,해당지역,157000.0,74584.0,187500.0,,,,,94.6,63.8,103.7,1832.213
목1동,양천구,행정동,37.52685249985281,126.87118986164622,단독다가구,월세,457,높음,법정동,,,,1000.0,,,50.0,36.0,27.0,46.0,
목1동,양천구,행정동,37.52685249985281,126.87118986164622,아파트,월세,185,높음,해당지역,,,,40000.0,,,137.0,66.6,59.4,101.2,
목1동,양천구,행정동,37.52685249985281,126.87118986164622,연립다세대,월세,12,보통,해당지역,,,,10000.0,,,55.0,39.0,36.6,41.3,
목1동,양천구,행정동,37.52685249985281,126.87118986164622,오피스텔,월세,104,높음,해당지역,,,,37500.0,,,183.5,94.4,70.7,96.2,
목1동,양천구,행정동,37.52685249985281,126.87118986164622,단독다가구,전세,87,높음,법정동,,,,15900.0,11500.0,22750.0,,50.0,35.8,67.2,345.652
목1동,양천구,행정동,37.52685249985281,126.87118986164622,아파트,전세,278,높음,해당지역,,,,70000.0,56350.2,90000.0,,66.6,59.5,84.9,993.338
목1동,양천구,행정동,37.52685249985281,126.87118986164622,연립다세대,전세,712,높음,법정동,,,,20647.5,16200.0,24500.0,,41.1,29.8,54.1,474.838
목1동,양천구,행정동,37.52685249985281,126.87118986164622,오피스텔,전세,79,높음,해당지역,,,,102900.0,86500.0,115000.0,,94.5,83.2,97.2,1090.062
목2동,양천구,행정동,37.544129772441806,126.8733739534413,단독다가구,매매,42,높음,자치구,116020.0,58950.0,145500.0,,,,,180.0,135.5,246.5,495.837
목2동,양천구,행정동,37.544129772441806,126.8733739534413,아파트,매매,80,높음,해당지역,86150.0,71375.0,126000.0,,,,,84.3,81.2,84.9,1063.034
목2동,양천구,행정동,37.544129772441806,126.8733739534413,연립다세대,매매,323,높음,해당지역,31000.0,25000.0,37000.0,,,,,36.2,29.4,54.2,835.771
목2동,양천구,행정동,37.544129772441806,126.8733739534413,오피스텔,매매,128,높음,법정동,25150.0,22000.0,157500.0,,,,,43.9,37.8,94.6,658.602
목2동,양천구,행정동,37.544129772441806,126.8733739534413,단독다가구,월세,457,높음,법정동,,,,1000.0,,,50.0,36.0,27.0,46.0,
목2동,양천구,행정동,37.544129772441806,126.8733739534413,아파트,월세,37,높음,해당지역,,,,38000.0,,,70.0,84.4,80.6,85.0,
목2동,양천구,행정동,37.544129772441806,126.8733739534413,연립다세대,월세,480,높음,해당지역,,,,9000.0,,,37.5,30.7,27.5,46.4,
목2동,양천구,행정동,37.544129772441806,126.8733739534413,오피스텔,월세,54,높음,해당지역,,,,1000.0,,,72.0,19.6,19.2,23.4,
목2동,양천구,행정동,37.544129772441806,126.8733739534413,단독다가구,전세,87,높음,법정동,,,,15900.0,11500.0,22750.0,,50.0,35.8,67.2,345.652
목2동,양천구,행정동,37.544129772441806,126.8733739534413,아파트,전세,76,높음,해당지역,,,,60000.0,46000.0,70250.0,,84.3,78.4,96.8,722.916
목2동,양천구,행정동,37.544129772441806,126.8733739534413,연립다세대,전세,384,높음,해당지역,,,,21600.0,17750.0,25000.0,,39.0,29.6,54.1,546.163
목2동,양천구,행정동,37.544129772441806,126.8733739534413,오피스텔,전세,172,높음,법정동,,,,28200.0,20000.0,100000.0,,38.4,32.1,94.5,897.327
목3동,양천구,행정동,37.54497406759551,126.86528662991842,단독다가구,매매,42,높음,자치구,116020.0,58950.0,145500.0,,,,,180.0,135.5,246.5,495.837
목3동,양천구,행정동,37.54497406759551,126.86528662991842,아파트,매매,89,높음,해당지역,127000.0,79700.0,140000.0,,,,,84.6,60.0,85.0,1318.865
목3동,양천구,행정동,37.54497406759551,126.86528662991842,연립다세대,매매,259,높음,해당지역,30000.0,25000.0,35000.0,,,,,36.3,29.0,47.8,828.105
목3동,양천구,행정동,37.54497406759551,126.86528662991842,오피스텔,매매,128,높음,법정동,25150.0,22000.0,157500.0,,,,,43.9,37.8,94.6,658.602
목3동,양천구,행정동,37.54497406759551,126.86528662991842,단독다가구,월세,457,높음,법정동,,,,1000.0,,,50.0,36.0,27.0,46.0,
목3동,양천구,행정동,37.54497406759551,126.86528662991842,아파트,월세,43,높음,해당지역,,,,30000.0,,,120.0,84.9,60.0,85.0,
목3동,양천구,행정동,37.54497406759551,126.86528662991842,연립다세대,월세,252,높음,해당지역,,,,12000.0,,,30.0,32.4,26.1,49.9,
목3동,양천구,행정동,37.54497406759551,126.86528662991842,오피스텔,월세,49,높음,해당지역,,,,11500.0,,,20.0,31.5,29.6,35.5,
목3동,양천구,행정동,37.54497406759551,126.86528662991842,단독다가구,전세,87,높음,법정동,,,,15900.0,11500.0,22750.0,,50.0,35.8,67.2,345.652
목3동,양천구,행정동,37.54497406759551,126.86528662991842,아파트,전세,74,높음,해당지역,,,,68100.0,58475.0,77287.5,,79.2,60.0,85.0,882.768
목3동,양천구,행정동,37.54497406759551,126.86528662991842,연립다세대,전세,177,높음,해당지역,,,,19500.0,15000.0,25300.0,,36.5,28.7,50.8,474.993
목3동,양천구,행정동,37.54497406759551,126.86528662991842,오피스텔,전세,47,높음,해당지역,,,,26500.0,24835.0,29000.0,,30.0,28.7,35.8,744.978
목4동,양천구,행정동,37.53543027020549,126.86710573842831,단독다가구,매매,42,높음,자치구,116020.0,58950.0,145500.0,,,,,180.0,135.5,246.5,495.837
목4동,양천구,행정동,37.53543027020549,126.86710573842831,아파트,매매,67,높음,해당지역,110000.0,81500.0,147600.0,,,,,84.8,82.6,85.0,1266.122
목4동,양천구,행정동,37.53543027020549,126.86710573842831,연립다세대,매매,128,높음,해당지역,35000.0,24750.0,53625.0,,,,,44.7,36.5,59.6,843.958
목4동,양천구,행정동,37.53543027020549,126.86710573842831,오피스텔,매매,128,높음,법정동,25150.0,22000.0,157500.0,,,,,43.9,37.8,94.6,658.602
목4동,양천구,행정동,37.53543027020549,126.86710573842831,단독다가구,월세,457,높음,법정동,,,,1000.0,,,50.0,36.0,27.0,46.0,
목4동,양천구,행정동,37.53543027020549,126.86710573842831,아파트,월세,43,높음,해당지역,,,,26000.0,,,70.0,84.4,72.8,85.0,
목4동,양천구,행정동,37.53543027020549,126.86710573842831,연립다세대,월세,154,높음,해당지역,,,,5988.5,,,45.0,40.0,30.0,52.8,
목4동,양천구,행정동,37.53543027020549,126.86710573842831,오피스텔,월세,11,보통,해당지역,,,,3000.0,,,88.0,29.2,24.0,29.2,
목4동,양천구,행정동,37.53543027020549,126.86710573842831,단독다가구,전세,87,높음,법정동,,,,15900.0,11500.0,22750.0,,50.0,35.8,67.2,345.652
목4동,양천구,행정동,37.53543027020549,126.86710573842831,아파트,전세,100,높음,해당지역,,,,60350.0,50850.0,75000.0,,84.6,73.4,85.0,753.279
목4동,양천구,행정동,37.53543027020549,126.86710573842831,연립다세대,전세,142,높음,해당지역,,,,19000.0,14755.0,23000.0,,44.1,37.1,56.6,388.513
목4동,양천구,행정동,37.53543027020549,126.86710573842831,오피스텔,전세,172,높음,법정동,,,,28200.0,20000.0,100000.0,,38.4,32.1,94.5,897.327
목5동,양천구,행정동,37.53612290014116,126.87835492211136,단독다가구,매매,42,높음,자치구,116020.0,58950.0,145500.0,,,,,180.0,135.5,246.5,495.837
목5동,양천구,행정동,37.53612290014116,126.87835492211136,아파트,매매,160,높음,해당지역,228000.0,200000.0,273250.0,,,,,84.8,65.0,109.2,2925.127
목5동,양천구,행정동,37.53612290014116,126.87835492211136,연립다세대,매매,715,높음,법정동,31000.0,25000.0,37000.0,,,,,38.5,29.7,52.5,829.187
목5동,양천구,행정동,37.53612290014116,126.87835492211136,오피스텔,매매,55,높음,해당지역,22000.0,19500.0,24500.0,,,,,37.8,33.9,38.2,603.494
목5동,양천구,행정동,37.53612290014116,126.87835492211136,단독다가구,월세,457,높음,법정동,,,,1000.0,,,50.0,36.0,27.0,46.0,
목5동,양천구,행정동,37.53612290014116,126.87835492211136,아파트,월세,335,높음,해당지역,,,,40000.0,,,137.0,84.8,65.0,95.7,
목5동,양천구,행정동,37.53612290014116,126.87835492211136,연립다세대,월세,898,높음,법정동,,,,10000.0,,,36.0,34.4,27.9,49.0,
목5동,양천구,행정동,37.53612290014116,126.87835492211136,오피스텔,월세,79,높음,해당지역,,,,1000.0,,,65.0,33.9,26.7,37.8,
목5동,양천구,행정동,37.53612290014116,126.87835492211136,단독다가구,전세,87,높음,법정동,,,,15900.0,11500.0,22750.0,,50.0,35.8,67.2,345.652
목5동,양천구,행정동,37.53612290014116,126.87835492211136,아파트,전세,562,높음,해당지역,,,,79900.0,55000.0,95000.0,,84.8,65.0,95.7,935.621
목5동,양천구,행정동,37.53612290014116,126.87835492211136,연립다세대,전세,712,높음,법정동,,,,20647.5,16200.0,24500.0,,41.1,29.8,54.1,474.838
목5동,양천구,행정동,37.53612290014116,126.87835492211136,오피스텔,전세,38,높음,해당지역,,,,18500.0,16250.0,21125.0,,37.8,29.5,38.2,503.623
신월1동,양천구,행정동,37.531643240116345,126.83420512614877,단독다가구,매매,11,보통,법정동,38000.0,30250.0,49150.0,,,,,149.8,109.7,191.7,252.101
신월1동,양천구,행정동,37.531643240116345,126.83420512614877,아파트,매매,21,보통,해당지역,42000.0,39000.0,45000.0,,,,,59.9,59.6,84.2,639.275
신월1동,양천구,행정동,37.531643240116345,126.83420512614877,연립다세대,매매,54,높음,해당지역,19150.0,17050.0,24000.0,,,,,38.3,29.9,51.0,477.543
신월1동,양천구,행정동,37.531643240116345,126.83420512614877,오피스텔,매매,211,높음,자치구,46000.0,22050.0,91500.0,,,,,56.2,37.8,88.9,788.664
신월1동,양천구,행정동,37.531643240116345,126.83420512614877,단독다가구,월세,380,높음,법정동,,,,800.0,,,40.0,35.0,28.2,47.4,
신월1동,양천구,행정동,37.531643240116345,126.83420512614877,아파트,월세,413,높음,법정동,,,,6642.0,,,65.0,59.2,46.0,74.6,
신월1동,양천구,행정동,37.531643240116345,126.83420512614877,연립다세대,월세,108,높음,해당지역,,,,3000.0,,,50.0,36.7,28.5,48.6,
신월1동,양천구,행정동,37.531643240116345,126.83420512614877,오피스텔,월세,19,보통,해당지역,,,,3000.0,,,80.0,32.4,25.4,33.1,
신월1동,양천구,행정동,37.531643240116345,126.83420512614877,단독다가구,전세,100,높음,법정동,,,,10000.0,5875.0,13000.0,,42.7,32.0,57.9,200.766
신월1동,양천구,행정동,37.531643240116345,126.83420512614877,아파트,전세,20,보통,해당지역,,,,29150.0,24787.5,33787.5,,59.9,59.7,84.9,421.188
신월1동,양천구,행정동,37.531643240116345,126.83420512614877,연립다세대,전세,83,높음,해당지역,,,,17820.0,13000.0,20500.0,,30.0,29.0,45.1,512.178
신월1동,양천구,행정동,37.531643240116345,126.83420512614877,오피스텔,전세,24,보통,법정동,,,,26800.0,17550.0,29900.0,,33.1,31.8,43.3,647.323
신월2동,양천구,행정동,37.52283838767945,126.84628979375562,단독다가구,매매,11,보통,법정동,38000.0,30250.0,49150.0,,,,,149.8,109.7,191.7,252.101
신월2동,양천구,행정동,37.52283838767945,126.84628979375562,아파트,매매,149,높음,해당지역,75000.0,60400.0,105500.0,,,,,83.4,59.9,85.0,954.294
신월2동,양천구,행정동,37.52283838767945,126.84628979375562,연립다세대,매매,86,높음,해당지역,22250.0,18500.0,27650.0,,,,,43.3,35.1,59.0,468.815
신월2동,양천구,행정동,37.52283838767945,126.84628979375562,오피스텔,매매,211,높음,자치구,46000.0,22050.0,91500.0,,,,,56.2,37.8,88.9,788.664
신월2동,양천구,행정동,37.52283838767945,126.84628979375562,단독다가구,월세,380,높음,법정동,,,,800.0,,,40.0,35.0,28.2,47.4,
신월2동,양천구,행정동,37.52283838767945,126.84628979375562,아파트,월세,61,높음,해당지역,,,,8000.0,,,60.0,59.9,36.8,84.8,
신월2동,양천구,행정동,37.52283838767945,126.84628979375562,연립다세대,월세,87,높음,해당지역,,,,3000.0,,,50.0,36.9,29.9,55.3,
신월2동,양천구,행정동,37.52283838767945,126.84628979375562,오피스텔,월세,47,높음,법정동,,,,3000.0,,,70.0,32.4,23.2,41.0,
신월2동,양천구,행정동,37.52283838767945,126.84628979375562,단독다가구,전세,100,높음,법정동,,,,10000.0,5875.0,13000.0,,42.7,32.0,57.9,200.766
신월2동,양천구,행정동,37.52283838767945,126.84628979375562,아파트,전세,120,높음,해당지역,,,,49000.0,35000.0,55150.0,,80.7,59.8,85.0,627.116
신월2동,양천구,행정동,37.52283838767945,126.84628979375562,연립다세대,전세,77,높음,해당지역,,,,14000.0,10500.0,17000.0,,41.0,33.7,50.8,303.9
신월2동,양천구,행정동,37.52283838767945,126.84628979375562,오피스텔,전세,24,보통,법정동,,,,26800.0,17550.0,29900.0,,33.1,31.8,43.3,647.323
신월3동,양천구,행정동,37.5335232805124,126.82769524806038,단독다가구,매매,11,보통,법정동,38000.0,30250.0,49150.0,,,,,149.8,109.7,191.7,252.101
신월3동,양천구,행정동,37.5335232805124,126.82769524806038,아파트,매매,19,보통,해당지역,46000.0,40250.0,50425.0,,,,,84.3,74.3,84.9,588.72
신월3동,양천구,행정동,37.5335232805124,126.82769524806038,연립다세대,매매,36,높음,해당지역,15850.0,12375.0,20000.0,,,,,40.9,31.5,48.3,373.614
신월3동,양천구,행정동,37.5335232805124,126.82769524806038,오피스텔,매매,211,높음,자치구,46000.0,22050.0,91500.0,,,,,56.2,37.8,88.9,788.664
신월3동,양천구,행정동,37.5335232805124,126.82769524806038,단독다가구,월세,380,높음,법정동,,,,800.0,,,40.0,35.0,28.2,47.4,
신월3동,양천구,행정동,37.5335232805124,126.82769524806038,아파트,월세,413,높음,법정동,,,,6642.0,,,65.0,59.2,46.0,74.6,
신월3동,양천구,행정동,37.5335232805124,126.82769524806038,연립다세대,월세,51,높음,해당지역,,,,2000.0,,,50.0,37.1,30.9,42.2,
신월3동,양천구,행정동,37.5335232805124,126.82769524806038,오피스텔,월세,47,높음,법정동,,,,3000.0,,,70.0,32.4,23.2,41.0,
신월3동,양천구,행정동,37.5335232805124,126.82769524806038,단독다가구,전세,100,높음,법정동,,,,10000.0,5875.0,13000.0,,42.7,32.0,57.9,200.766
신월3동,양천구,행정동,37.5335232805124,126.82769524806038,아파트,전세,13,보통,해당지역,,,,34000.0,25000.0,38000.0,,84.9,71.2,85.0,429.665
신월3동,양천구,행정동,37.5335232805124,126.82769524806038,연립다세대,전세,44,높음,해당지역,,,,11500.0,9075.0,17250.0,,37.4,26.9,42.2,264.177
신월3동,양천구,행정동,37.5335232805124,126.82769524806038,오피스텔,전세,24,보통,법정동,,,,26800.0,17550.0,29900.0,,33.1,31.8,43.3,647.323
신월4동,양천구,행정동,37.522366186077086,126.83981942510047,단독다가구,매매,11,보통,법정동,38000.0,30250.0,49150.0,,,,,149.8,109.7,191.7,252.101
신월4동,양천구,행정동,37.522366186077086,126.83981942510047,아파트,매매,99,높음,해당지역,60000.0,50000.0,69900.0,,,,,76.5,60.0,84.7,818.083
신월4동,양천구,행정동,37.522366186077086,126.83981942510047,연립다세대,매매,50,높음,해당지역,25033.0,20275.0,28000.0,,,,,48.9,39.6,57.9,519.678
신월4동,양천구,행정동,37.522366186077086,126.83981942510047,오피스텔,매매,211,높음,자치구,46000.0,22050.0,91500.0,,,,,56.2,37.8,88.9,788.664
신월4동,양천구,행정동,37.522366186077086,126.83981942510047,단독다가구,월세,380,높음,법정동,,,,800.0,,,40.0,35.0,28.2,47.4,
신월4동,양천구,행정동,37.522366186077086,126.83981942510047,아파트,월세,30,높음,해당지역,,,,10500.0,,,117.5,73.5,62.4,84.7,
신월4동,양천구,행정동,37.522366186077086,126.83981942510047,연립다세대,월세,63,높음,해당지역,,,,5000.0,,,45.0,40.0,29.8,49.0,
신월4동,양천구,행정동,37.522366186077086,126.83981942510047,오피스텔,월세,47,높음,법정동,,,,3000.0,,,70.0,32.4,23.2,41.0,
신월4동,양천구,행정동,37.522366186077086,126.83981942510047,단독다가구,전세,100,높음,법정동,,,,10000.0,5875.0,13000.0,,42.7,32.0,57.9,200.766
신월4동,양천구,행정동,37.522366186077086,126.83981942510047,아파트,전세,66,높음,해당지역,,,,39000.0,32125.0,43375.0,,76.3,59.9,84.3,515.877
신월4동,양천구,행정동,37.522366186077086,126.83981942510047,연립다세대,전세,52,높음,해당지역,,,,17190.0,12512.5,22425.0,,41.8,29.5,53.9,383.806
신월4동,양천구,행정동,37.522366186077086,126.83981942510047,오피스텔,전세,24,보통,법정동,,,,26800.0,17550.0,29900.0,,33.1,31.8,43.3,647.323
신월5동,양천구,행정동,37.53950044888321,126.83003715690403,단독다가구,매매,11,보통,법정동,38000.0,30250.0,49150.0,,,,,149.8,109.7,191.7,252.101
신월5동,양천구,행정동,37.53950044888321,126.83003715690403,아파트,매매,39,높음,해당지역,65000.0,58400.0,77500.0,,,,,84.4,83.2,85.0,815.034
신월5동,양천구,행정동,37.53950044888321,126.83003715690403,연립다세대,매매,51,높음,해당지역,26500.0,21750.0,29650.0,,,,,49.4,38.2,57.6,506.791
신월5동,양천구,행정동,37.53950044888321,126.83003715690403,오피스텔,매매,211,높음,자치구,46000.0,22050.0,91500.0,,,,,56.2,37.8,88.9,788.664
신월5동,양천구,행정동,37.53950044888321,126.83003715690403,단독다가구,월세,380,높음,법정동,,,,800.0,,,40.0,35.0,28.2,47.4,
신월5동,양천구,행정동,37.53950044888321,126.83003715690403,아파트,월세,413,높음,법정동,,,,6642.0,,,65.0,59.2,46.0,74.6,
신월5동,양천구,행정동,37.53950044888321,126.83003715690403,연립다세대,월세,42,높음,해당지역,,,,4337.0,,,41.0,33.2,27.0,47.3,
신월5동,양천구,행정동,37.53950044888321,126.83003715690403,오피스텔,월세,47,높음,법정동,,,,3000.0,,,70.0,32.4,23.2,41.0,
신월5동,양천구,행정동,37.53950044888321,126.83003715690403,단독다가구,전세,100,높음,법정동,,,,10000.0,5875.0,13000.0,,42.7,32.0,57.9,200.766
신월5동,양천구,행정동,37.53950044888321,126.83003715690403,아파트,전세,32,높음,해당지역,,,,43500.0,39700.0,51000.0,,84.5,75.8,85.0,523.295
신월5동,양천구,행정동,37.53950044888321,126.83003715690403,연립다세대,전세,54,높음,해당지역,,,,16780.0,14125.0,20875.0,,33.8,29.5,42.6,522.931
신월5동,양천구,행정동,37.53950044888321,126.83003715690403,오피스텔,전세,10,보통,해당지역,,,,29900.0,26800.0,29900.0,,43.3,33.1,43.3,690.212
신월6동,양천구,행정동,37.516348541315075,126.8434425748338,단독다가구,매매,11,보통,법정동,38000.0,30250.0,49150.0,,,,,149.8,109.7,191.7,252.101
신월6동,양천구,행정동,37.516348541315075,126.8434425748338,아파트,매매,158,높음,해당지역,120000.0,79375.0,129875.0,,,,,84.6,59.9,85.0,1529.862
신월6동,양천구,행정동,37.516348541315075,126.8434425748338,연립다세대,매매,386,높음,법정동,22050.0,17000.0,26000.0,,,,,40.9,36.3,52.3,501.432
신월6동,양천구,행정동,37.516348541315075,126.8434425748338,오피스텔,매매,211,높음,자치구,46000.0,22050.0,91500.0,,,,,56.2,37.8,88.9,788.664
신월6동,양천구,행정동,37.516348541315075,126.8434425748338,단독다가구,월세,380,높음,법정동,,,,800.0,,,40.0,35.0,28.2,47.4,
신월6동,양천구,행정동,37.516348541315075,126.8434425748338,아파트,월세,188,높음,해당지역,,,,10551.0,,,43.5,59.7,46.0,84.2,
신월6동,양천구,행정동,37.516348541315075,126.8434425748338,연립다세대,월세,10,보통,해당지역,,,,2500.0,,,50.0,38.7,36.6,41.0,
신월6동,양천구,행정동,37.516348541315075,126.8434425748338,오피스텔,월세,47,높음,법정동,,,,3000.0,,,70.0,32.4,23.2,41.0,
신월6동,양천구,행정동,37.516348541315075,126.8434425748338,단독다가구,전세,100,높음,법정동,,,,10000.0,5875.0,13000.0,,42.7,32.0,57.9,200.766
신월6동,양천구,행정동,37.516348541315075,126.8434425748338,아파트,전세,269,높음,해당지역,,,,57000.0,47250.0,65000.0,,84.0,59.7,85.0,823.723
신월6동,양천구,행정동,37.516348541315075,126.8434425748338,연립다세대,전세,444,높음,법정동,,,,13000.0,10000.0,18610.0,,37.9,30.4,44.1,301.459
신월6동,양천구,행정동,37.516348541315075,126.8434425748338,오피스텔,전세,24,보통,법정동,,,,26800.0,17550.0,29900.0,,33.1,31.8,43.3,647.323
신월7동,양천구,행정동,37.520117074031866,126.83305359312271,단독다가구,매매,11,보통,법정동,38000.0,30250.0,49150.0,,,,,149.8,109.7,191.7,252.101
신월7동,양천구,행정동,37.520117074031866,126.83305359312271,아파트,매매,41,높음,해당지역,63500.0,41000.0,74000.0,,,,,50.7,47.6,59.5,1381.488
신월7동,양천구,행정동,37.520117074031866,126.83305359312271,연립다세대,매매,101,높음,해당지역,22500.0,16000.0,25000.0,,,,,38.6,36.5,41.0,552.486
신월7동,양천구,행정동,37.520117074031866,126.83305359312271,오피스텔,매매,211,높음,자치구,46000.0,22050.0,91500.0,,,,,56.2,37.8,88.9,788.664
신월7동,양천구,행정동,37.520117074031866,126.83305359312271,단독다가구,월세,380,높음,법정동,,,,800.0,,,40.0,35.0,28.2,47.4,
신월7동,양천구,행정동,37.520117074031866,126.83305359312271,아파트,월세,114,높음,해당지역,,,,3000.0,,,70.0,49.8,43.2,50.7,
신월7동,양천구,행정동,37.520117074031866,126.83305359312271,연립다세대,월세,123,높음,해당지역,,,,1000.0,,,45.0,40.7,36.5,41.4,
신월7동,양천구,행정동,37.520117074031866,126.83305359312271,오피스텔,월세,12,보통,해당지역,,,,4000.0,,,75.5,37.2,19.1,68.0,
신월7동,양천구,행정동,37.520117074031866,126.83305359312271,단독다가구,전세,100,높음,법정동,,,,10000.0,5875.0,13000.0,,42.7,32.0,57.9,200.766
신월7동,양천구,행정동,37.520117074031866,126.83305359312271,아파트,전세,125,높음,해당지역,,,,21000.0,17000.0,24000.0,,50.7,43.2,50.7,434.182
신월7동,양천구,행정동,37.520117074031866,126.83305359312271,연립다세대,전세,127,높음,해당지역,,,,10500.0,8000.0,12400.0,,38.2,36.6,41.1,267.38
신월7동,양천구,행정동,37.520117074031866,126.83305359312271,오피스텔,전세,24,보통,법정동,,,,26800.0,17550.0,29900.0,,33.1,31.8,43.3,647.323
신정1동,양천구,행정동,37.518654794847585,126.85957083414206,단독다가구,매매,22,보통,법정동,141500.0,108250.0,168125.0,,,,,182.9,126.1,243.6,719.722
신정1동,양천구,행정동,37.518654794847585,126.85957083414206,아파트,매매,47,높음,해당지역,210000.0,183000.0,243500.0,,,,,85.0,70.2,106.3,2474.081
신정1동,양천구,행정동,37.518654794847585,126.85957083414206,연립다세대,매매,11,보통,해당지역,34400.0,24300.0,39750.0,,,,,48.3,38.0,52.3,786.539
신정1동,양천구,행정동,37.518654794847585,126.85957083414206,오피스텔,매매,77,높음,법정동,69000.0,33000.0,81500.0,,,,,59.7,45.6,79.8,929.629
신정1동,양천구,행정동,37.518654794847585,126.85957083414206,단독다가구,월세,595,높음,법정동,,,,1000.0,,,50.0,35.0,26.7,45.6,
신정1동,양천구,행정동,37.518654794847585,126.85957083414206,아파트,월세,120,높음,해당지역,,,,30000.0,,,100.0,70.2,53.8,85.0,
신정1동,양천구,행정동,37.518654794847585,126.85957083414206,연립다세대,월세,26,보통,해당지역,,,,4000.0,,,61.0,29.9,14.3,52.0,
신정1동,양천구,행정동,37.518654794847585,126.85957083414206,오피스텔,월세,194,높음,법정동,,,,3000.0,,,75.0,29.4,19.5,45.7,
신정1동,양천구,행정동,37.518654794847585,126.85957083414206,단독다가구,전세,124,높음,법정동,,,,13000.0,9300.0,18187.5,,47.1,33.6,68.8,297.398
신정1동,양천구,행정동,37.518654794847585,126.85957083414206,아파트,전세,261,높음,해당지역,,,,68000.0,50000.0,85050.0,,71.4,60.0,105.6,836.12
신정1동,양천구,행정동,37.518654794847585,126.85957083414206,연립다세대,전세,266,높음,법정동,,,,20000.0,16485.0,23575.0,,40.5,28.4,54.7,485.278
신정1동,양천구,행정동,37.518654794847585,126.85957083414206,오피스텔,전세,124,높음,법정동,,,,27900.0,23000.0,45000.0,,45.7,28.5,68.3,731.384
신정2동,양천구,행정동,37.51939692213532,126.87463387510343,단독다가구,매매,22,보통,법정동,141500.0,108250.0,168125.0,,,,,182.9,126.1,243.6,719.722
신정2동,양천구,행정동,37.51939692213532,126.87463387510343,아파트,매매,78,높음,해당지역,156250.0,141500.0,173000.0,,,,,84.8,84.7,85.0,1741.852
신정2동,양천구,행정동,37.51939692213532,126.87463387510343,연립다세대,매매,15,보통,해당지역,33500.0,23250.0,42950.0,,,,,40.9,32.8,58.2,717.639
신정2동,양천구,행정동,37.51939692213532,126.87463387510343,오피스텔,매매,77,높음,법정동,69000.0,33000.0,81500.0,,,,,59.7,45.6,79.8,929.629
신정2동,양천구,행정동,37.51939692213532,126.87463387510343,단독다가구,월세,595,높음,법정동,,,,1000.0,,,50.0,35.0,26.7,45.6,
신정2동,양천구,행정동,37.51939692213532,126.87463387510343,아파트,월세,73,높음,해당지역,,,,32000.0,,,146.0,84.8,84.7,85.0,
신정2동,양천구,행정동,37.51939692213532,126.87463387510343,연립다세대,월세,14,보통,해당지역,,,,7500.0,,,32.5,41.4,36.4,47.3,
신정2동,양천구,행정동,37.51939692213532,126.87463387510343,오피스텔,월세,194,높음,법정동,,,,3000.0,,,75.0,29.4,19.5,45.7,
신정2동,양천구,행정동,37.51939692213532,126.87463387510343,단독다가구,전세,124,높음,법정동,,,,13000.0,9300.0,18187.5,,47.1,33.6,68.8,297.398
신정2동,양천구,행정동,37.51939692213532,126.87463387510343,아파트,전세,144,높음,해당지역,,,,71000.0,63000.0,83250.0,,84.8,84.6,85.0,860.736
신정2동,양천구,행정동,37.51939692213532,126.87463387510343,연립다세대,전세,11,보통,해당지역,,,,20000.0,12500.0,29900.0,,37.7,36.2,61.9,457.339
신정2동,양천구,행정동,37.51939692213532,126.87463387510343,오피스텔,전세,124,높음,법정동,,,,27900.0,23000.0,45000.0,,45.7,28.5,68.3,731.384
신정3동,양천구,행정동,37.51313070552776,126.8412692991443,단독다가구,매매,22,보통,법정동,141500.0,108250.0,168125.0,,,,,182.9,126.1,243.6,719.722
신정3동,양천구,행정동,37.51313070552776,126.8412692991443,아파트,매매,327,높음,해당지역,80000.0,66000.0,102000.0,,,,,59.9,50.0,84.9,1200.24
신정3동,양천구,행정동,37.51313070552776,126.8412692991443,연립다세대,매매,28,보통,해당지역,92750.0,39375.0,105000.0,,,,,53.4,40.4,69.4,1694.863
신정3동,양천구,행정동,37.51313070552776,126.8412692991443,오피스텔,매매,11,보통,해당지역,47500.0,43350.0,59000.0,,,,,80.2,71.5,93.5,639.512
신정3동,양천구,행정동,37.51313070552776,126.8412692991443,단독다가구,월세,595,높음,법정동,,,,1000.0,,,50.0,35.0,26.7,45.6,
신정3동,양천구,행정동,37.51313070552776,126.8412692991443,아파트,월세,641,높음,해당지역,,,,6148.0,,,32.0,49.1,39.5,59.9,
신정3동,양천구,행정동,37.51313070552776,126.8412692991443,연립다세대,월세,17,보통,해당지역,,,,3000.0,,,45.0,41.0,36.7,47.2,
신정3동,양천구,행정동,37.51313070552776,126.8412692991443,오피스텔,월세,15,보통,해당지역,,,,10000.0,,,50.0,75.1,30.4,93.1,
신정3동,양천구,행정동,37.51313070552776,126.8412692991443,단독다가구,전세,124,높음,법정동,,,,13000.0,9300.0,18187.5,,47.1,33.6,68.8,297.398
신정3동,양천구,행정동,37.51313070552776,126.8412692991443,아파트,전세,490,높음,해당지역,,,,39123.0,30576.0,58375.0,,84.5,59.7,85.0,608.962
신정3동,양천구,행정동,37.51313070552776,126.8412692991443,연립다세대,전세,28,보통,해당지역,,,,19040.0,14775.0,23000.0,,43.6,34.4,61.1,391.295
신정3동,양천구,행정동,37.51313070552776,126.8412692991443,오피스텔,전세,19,보통,해당지역,,,,28000.0,13500.0,32950.0,,71.5,22.9,77.6,433.385
신정4동,양천구,행정동,37.524922893687126,126.85668169881714,단독다가구,매매,22,보통,법정동,141500.0,108250.0,168125.0,,,,,182.9,126.1,243.6,719.722
신정4동,양천구,행정동,37.524922893687126,126.85668169881714,아파트,매매,37,높음,해당지역,70200.0,55300.0,84000.0,,,,,81.1,66.5,84.6,919.638
신정4동,양천구,행정동,37.524922893687126,126.85668169881714,연립다세대,매매,201,높음,해당지역,37000.0,29000.0,48500.0,,,,,41.9,29.9,53.6,958.882
신정4동,양천구,행정동,37.524922893687126,126.85668169881714,오피스텔,매매,77,높음,법정동,69000.0,33000.0,81500.0,,,,,59.7,45.6,79.8,929.629
신정4동,양천구,행정동,37.524922893687126,126.85668169881714,단독다가구,월세,595,높음,법정동,,,,1000.0,,,50.0,35.0,26.7,45.6,
신정4동,양천구,행정동,37.524922893687126,126.85668169881714,아파트,월세,31,높음,해당지역,,,,9000.0,,,63.0,58.1,14.0,77.8,
신정4동,양천구,행정동,37.524922893687126,126.85668169881714,연립다세대,월세,362,높음,해당지역,,,,5000.0,,,50.0,33.1,25.9,46.6,
신정4동,양천구,행정동,37.524922893687126,126.85668169881714,오피스텔,월세,89,높음,해당지역,,,,1000.0,,,65.0,19.4,17.7,29.4,
신정4동,양천구,행정동,37.524922893687126,126.85668169881714,단독다가구,전세,124,높음,법정동,,,,13000.0,9300.0,18187.5,,47.1,33.6,68.8,297.398
신정4동,양천구,행정동,37.524922893687126,126.85668169881714,아파트,전세,51,높음,해당지역,,,,43000.0,37275.0,47730.0,,81.9,70.8,84.8,531.726
신정4동,양천구,행정동,37.524922893687126,126.85668169881714,연립다세대,전세,219,높음,해당지역,,,,20000.0,17000.0,23500.0,,40.2,27.1,53.6,500.351
신정4동,양천구,행정동,37.524922893687126,126.85668169881714,오피스텔,전세,26,보통,해당지역,,,,18000.0,16250.0,25345.0,,26.4,17.4,29.3,880.141
신정6동,양천구,행정동,37.51777847981081,126.86839237518201,단독다가구,매매,22,보통,법정동,141500.0,108250.0,168125.0,,,,,182.9,126.1,243.6,719.722
신정6동,양천구,행정동,37.51777847981081,126.86839237518201,아파트,매매,53,높음,해당지역,220000.0,193000.0,245000.0,,,,,70.7,55.0,98.6,3110.42
신정6동,양천구,행정동,37.51777847981081,126.86839237518201,연립다세대,매매,255,높음,법정동,38500.0,28600.0,50000.0,,,,,43.1,29.9,55.6,962.42
신정6동,양천구,행정동,37.51777847981081,126.86839237518201,오피스텔,매매,40,높음,해당지역,72500.0,51125.0,85500.0,,,,,59.2,53.2,68.7,1097.184
신정6동,양천구,행정동,37.51777847981081,126.86839237518201,단독다가구,월세,595,높음,법정동,,,,1000.0,,,50.0,35.0,26.7,45.6,
신정6동,양천구,행정동,37.51777847981081,126.86839237518201,아파트,월세,160,높음,해당지역,,,,30000.0,,,118.5,70.7,55.0,98.6,
신정6동,양천구,행정동,37.51777847981081,126.86839237518201,연립다세대,월세,428,높음,법정동,,,,5000.0,,,50.0,35.6,26.3,47.5,
신정6동,양천구,행정동,37.51777847981081,126.86839237518201,오피스텔,월세,58,높음,해당지역,,,,5000.0,,,100.0,41.4,28.5,58.6,
신정6동,양천구,행정동,37.51777847981081,126.86839237518201,단독다가구,전세,124,높음,법정동,,,,13000.0,9300.0,18187.5,,47.1,33.6,68.8,297.398
신정6동,양천구,행정동,37.51777847981081,126.86839237518201,아파트,전세,347,높음,해당지역,,,,54600.0,45000.0,70500.0,,70.7,55.0,83.9,794.237
신정6동,양천구,행정동,37.51777847981081,126.86839237518201,연립다세대,전세,266,높음,법정동,,,,20000.0,16485.0,23575.0,,40.5,28.4,54.7,485.278
신정6동,양천구,행정동,37.51777847981081,126.86839237518201,오피스텔,전세,65,높음,해당지역,,,,38000.0,27000.0,57000.0,,55.8,28.5,59.2,851.507
신정7동,양천구,행정동,37.51140259473817,126.86240812044187,단독다가구,매매,22,보통,법정동,141500.0,108250.0,168125.0,,,,,182.9,126.1,243.6,719.722
신정7동,양천구,행정동,37.51140259473817,126.86240812044187,아파트,매매,103,높음,해당지역,133000.0,120500.0,171000.0,,,,,85.0,66.2,104.6,1471.281
신정7동,양천구,행정동,37.51140259473817,126.86240812044187,연립다세대,매매,255,높음,법정동,38500.0,28600.0,50000.0,,,,,43.1,29.9,55.6,962.42
신정7동,양천구,행정동,37.51140259473817,126.86240812044187,오피스텔,매매,21,보통,해당지역,75000.0,51000.0,86000.0,,,,,79.3,56.2,92.5,907.635
신정7동,양천구,행정동,37.51140259473817,126.86240812044187,단독다가구,월세,595,높음,법정동,,,,1000.0,,,50.0,35.0,26.7,45.6,
신정7동,양천구,행정동,37.51140259473817,126.86240812044187,아파트,월세,282,높음,해당지역,,,,3500.0,,,29.0,51.5,33.6,70.4,
신정7동,양천구,행정동,37.51140259473817,126.86240812044187,연립다세대,월세,428,높음,법정동,,,,5000.0,,,50.0,35.6,26.3,47.5,
신정7동,양천구,행정동,37.51140259473817,126.86240812044187,오피스텔,월세,32,높음,해당지역,,,,5000.0,,,95.0,70.2,33.6,73.9,
신정7동,양천구,행정동,37.51140259473817,126.86240812044187,단독다가구,전세,124,높음,법정동,,,,13000.0,9300.0,18187.5,,47.1,33.6,68.8,297.398
신정7동,양천구,행정동,37.51140259473817,126.86240812044187,아파트,전세,332,높음,해당지역,,,,50000.0,40000.0,58000.0,,71.6,58.7,85.0,718.726
신정7동,양천구,행정동,37.51140259473817,126.86240812044187,연립다세대,전세,266,높음,법정동,,,,20000.0,16485.0,23575.0,,40.5,28.4,54.7,485.278
신정7동,양천구,행정동,37.51140259473817,126.86240812044187,오피스텔,전세,14,보통,해당지역,,,,46125.0,28500.0,55650.0,,79.8,50.5,83.4,578.008
당산1동,영등포구,행정동,37.52351412465849,126.89687140643665,단독다가구,매매,12,보통,해당지역,88500.0,68750.0,100150.0,,,,,158.7,141.1,209.1,564.588
당산1동,영등포구,행정동,37.52351412465849,126.89687140643665,아파트,매매,132,높음,해당지역,89350.0,62275.0,145062.5,,,,,59.4,42.3,82.8,1740.244
당산1동,영등포구,행정동,37.52351412465849,126.89687140643665,연립다세대,매매,92,높음,해당지역,36000.0,33225.0,39500.0,,,,,28.4,24.4,29.3,1332.59
당산1동,영등포구,행정동,37.52351412465849,126.89687140643665,오피스텔,매매,64,높음,해당지역,38500.0,29000.0,43225.0,,,,,30.8,29.4,47.9,926.12
당산1동,영등포구,행정동,37.52351412465849,126.89687140643665,단독다가구,월세,170,높음,해당지역,,,,2000.0,,,55.0,30.0,20.0,42.3,
당산1동,영등포구,행정동,37.52351412465849,126.89687140643665,아파트,월세,235,높음,해당지역,,,,11716.0,,,59.0,36.2,31.7,60.8,
당산1동,영등포구,행정동,37.52351412465849,126.89687140643665,연립다세대,월세,173,높음,해당지역,,,,22000.0,,,24.0,27.7,18.9,29.8,
당산1동,영등포구,행정동,37.52351412465849,126.89687140643665,오피스텔,월세,245,높음,해당지역,,,,11000.0,,,50.0,28.6,22.8,30.8,
당산1동,영등포구,행정동,37.52351412465849,126.89687140643665,단독다가구,전세,41,높음,해당지역,,,,13000.0,9500.0,17000.0,,37.7,25.0,49.9,362.147
당산1동,영등포구,행정동,37.52351412465849,126.89687140643665,아파트,전세,176,높음,해당지역,,,,54800.0,41212.5,66125.0,,62.4,42.0,82.8,829.867
당산1동,영등포구,행정동,37.52351412465849,126.89687140643665,연립다세대,전세,37,높음,해당지역,,,,26300.0,22000.0,29000.0,,29.1,25.3,29.7,936.768
당산1동,영등포구,행정동,37.52351412465849,126.89687140643665,오피스텔,전세,126,높음,해당지역,,,,31500.0,26605.0,37725.0,,29.5,25.2,47.3,932.592
당산2동,영등포구,행정동,37.53082569809975,126.90345211344085,단독다가구,매매,143,높음,자치구,93000.0,72500.0,119050.0,,,,,146.2,102.3,176.2,687.596
당산2동,영등포구,행정동,37.53082569809975,126.90345211344085,아파트,매매,206,높음,해당지역,160500.0,134625.0,187000.0,,,,,84.3,59.8,85.0,2005.344
당산2동,영등포구,행정동,37.53082569809975,126.90345211344085,연립다세대,매매,43,높음,해당지역,35000.0,26025.0,76300.0,,,,,29.1,23.6,31.4,1266.281
당산2동,영등포구,행정동,37.53082569809975,126.90345211344085,오피스텔,매매,78,높음,해당지역,20600.0,18912.5,23375.0,,,,,25.6,23.9,30.4,799.204
당산2동,영등포구,행정동,37.53082569809975,126.90345211344085,단독다가구,월세,99,높음,해당지역,,,,3000.0,,,58.0,29.0,19.8,40.0,
당산2동,영등포구,행정동,37.53082569809975,126.90345211344085,아파트,월세,413,높음,해당지역,,,,15000.0,,,80.0,59.8,20.5,84.5,
당산2동,영등포구,행정동,37.53082569809975,126.90345211344085,연립다세대,월세,168,높음,해당지역,,,,7500.0,,,43.0,23.3,16.4,29.1,
당산2동,영등포구,행정동,37.53082569809975,126.90345211344085,오피스텔,월세,865,높음,해당지역,,,,3000.0,,,55.0,23.9,21.0,28.2,
당산2동,영등포구,행정동,37.53082569809975,126.90345211344085,단독다가구,전세,22,보통,해당지역,,,,16000.0,13500.0,23750.0,,44.5,28.6,67.8,453.797
당산2동,영등포구,행정동,37.53082569809975,126.90345211344085,아파트,전세,441,높음,해당지역,,,,69000.0,56000.0,82950.0,,72.0,59.8,84.9,959.596
당산2동,영등포구,행정동,37.53082569809975,126.90345211344085,연립다세대,전세,82,높음,해당지역,,,,23000.0,19950.0,29875.0,,24.7,16.7,29.0,1041.676
당산2동,영등포구,행정동,37.53082569809975,126.90345211344085,오피스텔,전세,190,높음,해당지역,,,,23000.0,19262.5,28925.0,,26.2,19.8,34.6,854.415
대림1동,영등포구,행정동,37.493813600089226,126.90561301559767,단독다가구,매매,13,보통,법정동,73600.0,65000.0,81500.0,,,,,180.1,161.1,197.8,389.321
대림1동,영등포구,행정동,37.493813600089226,126.90561301559767,아파트,매매,86,높음,해당지역,93000.0,77125.0,139250.0,,,,,84.9,60.0,85.0,1115.821
대림1동,영등포구,행정동,37.493813600089226,126.90561301559767,연립다세대,매매,36,높음,해당지역,35000.0,29725.0,43375.0,,,,,38.3,29.6,50.0,839.032
대림1동,영등포구,행정동,37.493813600089226,126.90561301559767,오피스텔,매매,818,높음,자치구,32000.0,20700.0,58925.0,,,,,30.4,25.2,62.9,873.756
대림1동,영등포구,행정동,37.493813600089226,126.90561301559767,단독다가구,월세,1007,높음,법정동,,,,500.0,,,45.0,25.0,19.0,36.5,
대림1동,영등포구,행정동,37.493813600089226,126.90561301559767,아파트,월세,46,높음,해당지역,,,,20000.0,,,124.5,60.0,60.0,85.0,
대림1동,영등포구,행정동,37.493813600089226,126.90561301559767,연립다세대,월세,32,높음,해당지역,,,,2500.0,,,55.0,35.9,33.4,49.9,
대림1동,영등포구,행정동,37.493813600089226,126.90561301559767,오피스텔,월세,92,높음,법정동,,,,1250.0,,,50.0,22.6,20.0,24.1,
대림1동,영등포구,행정동,37.493813600089226,126.90561301559767,단독다가구,전세,181,높음,법정동,,,,12000.0,7000.0,15000.0,,34.4,20.0,52.2,310.372
대림1동,영등포구,행정동,37.493813600089226,126.90561301559767,아파트,전세,88,높음,해당지역,,,,65550.0,57500.0,73500.0,,84.9,60.0,85.0,879.96
대림1동,영등포구,행정동,37.493813600089226,126.90561301559767,연립다세대,전세,21,보통,해당지역,,,,16500.0,15000.0,20000.0,,34.5,29.7,46.0,454.052
대림1동,영등포구,행정동,37.493813600089226,126.90561301559767,오피스텔,전세,11,보통,법정동,,,,17000.0,13000.0,37000.0,,36.0,24.3,60.0,588.817
대림2동,영등포구,행정동,37.488751542407364,126.90082962996505,단독다가구,매매,13,보통,법정동,73600.0,65000.0,81500.0,,,,,180.1,161.1,197.8,389.321
대림2동,영등포구,행정동,37.488751542407364,126.90082962996505,아파트,매매,56,높음,해당지역,68500.0,61425.0,88250.0,,,,,84.4,49.0,84.9,1042.526
대림2동,영등포구,행정동,37.488751542407364,126.90082962996505,연립다세대,매매,16,보통,해당지역,24000.0,20900.0,31450.0,,,,,51.9,39.2,59.4,533.06
대림2동,영등포구,행정동,37.488751542407364,126.90082962996505,오피스텔,매매,818,높음,자치구,32000.0,20700.0,58925.0,,,,,30.4,25.2,62.9,873.756
대림2동,영등포구,행정동,37.488751542407364,126.90082962996505,단독다가구,월세,1007,높음,법정동,,,,500.0,,,45.0,25.0,19.0,36.5,
대림2동,영등포구,행정동,37.488751542407364,126.90082962996505,아파트,월세,79,높음,해당지역,,,,3000.0,,,65.0,16.1,16.1,49.0,
대림2동,영등포구,행정동,37.488751542407364,126.90082962996505,연립다세대,월세,61,높음,해당지역,,,,2500.0,,,49.0,26.9,19.1,36.1,
대림2동,영등포구,행정동,37.488751542407364,126.90082962996505,오피스텔,월세,53,높음,해당지역,,,,1000.0,,,50.0,20.2,20.1,22.8,
대림2동,영등포구,행정동,37.488751542407364,126.90082962996505,단독다가구,전세,181,높음,법정동,,,,12000.0,7000.0,15000.0,,34.4,20.0,52.2,310.372
대림2동,영등포구,행정동,37.488751542407364,126.90082962996505,아파트,전세,43,높음,해당지역,,,,55000.0,38000.0,59587.5,,84.4,49.0,84.9,698.846
대림2동,영등포구,행정동,37.488751542407364,126.90082962996505,연립다세대,전세,41,높음,해당지역,,,,21000.0,17500.0,25000.0,,29.5,27.7,50.1,707.071
대림2동,영등포구,행정동,37.488751542407364,126.90082962996505,오피스텔,전세,10,보통,해당지역,,,,23750.0,13000.0,37000.0,,40.7,23.5,60.0,601.188
대림3동,영등포구,행정동,37.50069708514677,126.89653566033437,단독다가구,매매,13,보통,법정동,73600.0,65000.0,81500.0,,,,,180.1,161.1,197.8,389.321
대림3동,영등포구,행정동,37.50069708514677,126.89653566033437,아파트,매매,222,높음,해당지역,76750.0,60250.0,89025.0,,,,,67.4,53.4,84.8,1003.987
대림3동,영등포구,행정동,37.50069708514677,126.89653566033437,연립다세대,매매,44,높음,해당지역,30000.0,22125.0,37000.0,,,,,42.1,35.0,54.0,628.703
대림3동,영등포구,행정동,37.50069708514677,126.89653566033437,오피스텔,매매,818,높음,자치구,32000.0,20700.0,58925.0,,,,,30.4,25.2,62.9,873.756
대림3동,영등포구,행정동,37.50069708514677,126.89653566033437,단독다가구,월세,1007,높음,법정동,,,,500.0,,,45.0,25.0,19.0,36.5,
대림3동,영등포구,행정동,37.50069708514677,126.89653566033437,아파트,월세,95,높음,해당지역,,,,10000.0,,,90.0,59.8,43.9,84.7,
대림3동,영등포구,행정동,37.50069708514677,126.89653566033437,연립다세대,월세,112,높음,해당지역,,,,3000.0,,,39.0,29.9,28.4,42.1,
대림3동,영등포구,행정동,37.50069708514677,126.89653566033437,오피스텔,월세,39,높음,해당지역,,,,2000.0,,,50.0,24.1,18.2,28.8,
대림3동,영등포구,행정동,37.50069708514677,126.89653566033437,단독다가구,전세,181,높음,법정동,,,,12000.0,7000.0,15000.0,,34.4,20.0,52.2,310.372
대림3동,영등포구,행정동,37.50069708514677,126.89653566033437,아파트,전세,114,높음,해당지역,,,,37400.0,33000.0,48000.0,,60.4,55.3,84.8,617.456
대림3동,영등포구,행정동,37.50069708514677,126.89653566033437,연립다세대,전세,19,보통,해당지역,,,,21000.0,18000.0,25750.0,,29.7,28.5,39.0,617.284
대림3동,영등포구,행정동,37.50069708514677,126.89653566033437,오피스텔,전세,11,보통,법정동,,,,17000.0,13000.0,37000.0,,36.0,24.3,60.0,588.817
도림동,영등포구,행정동,37.50904102154706,126.8983775801048,단독다가구,매매,16,보통,해당지역,91750.0,75250.0,100000.0,,,,,146.7,124.6,183.0,567.006
도림동,영등포구,행정동,37.50904102154706,126.8983775801048,아파트,매매,36,높음,해당지역,124500.0,94500.0,153850.0,,,,,84.9,84.8,85.0,1291.326
도림동,영등포구,행정동,37.50904102154706,126.8983775801048,연립다세대,매매,49,높음,해당지역,54500.0,43000.0,63500.0,,,,,40.2,29.7,50.3,1536.15
도림동,영등포구,행정동,37.50904102154706,126.8983775801048,오피스텔,매매,60,높음,해당지역,57000.0,29850.0,70250.0,,,,,62.9,48.3,87.2,816.9
도림동,영등포구,행정동,37.50904102154706,126.8983775801048,단독다가구,월세,271,높음,해당지역,,,,1000.0,,,45.0,29.4,20.0,39.5,
도림동,영등포구,행정동,37.50904102154706,126.8983775801048,아파트,월세,69,높음,해당지역,,,,7800.0,,,52.0,37.6,16.0,51.0,
도림동,영등포구,행정동,37.50904102154706,126.8983775801048,연립다세대,월세,60,높음,해당지역,,,,13000.0,,,41.5,35.1,26.1,45.7,
도림동,영등포구,행정동,37.50904102154706,126.8983775801048,오피스텔,월세,162,높음,해당지역,,,,3000.0,,,85.0,35.8,29.6,62.3,
도림동,영등포구,행정동,37.50904102154706,126.8983775801048,단독다가구,전세,81,높음,해당지역,,,,11000.0,8000.0,15500.0,,35.0,26.1,47.0,308.854
도림동,영등포구,행정동,37.50904102154706,126.8983775801048,아파트,전세,59,높음,해당지역,,,,56000.0,41250.0,69300.0,,84.9,59.9,85.0,693.4
도림동,영등포구,행정동,37.50904102154706,126.8983775801048,연립다세대,전세,67,높음,해당지역,,,,23100.0,18750.0,26145.0,,29.6,25.9,42.8,801.282
도림동,영등포구,행정동,37.50904102154706,126.8983775801048,오피스텔,전세,107,높음,해당지역,,,,37800.0,31500.0,47625.0,,58.0,29.5,62.9,737.889
문래동,영등포구,행정동,37.51824291991681,126.88785892826739,단독다가구,매매,143,높음,자치구,93000.0,72500.0,119050.0,,,,,146.2,102.3,176.2,687.596
문래동,영등포구,행정동,37.51824291991681,126.88785892826739,아파트,매매,211,높음,해당지역,109000.0,94750.0,141250.0,,,,,79.7,59.4,85.0,1629.227
문래동,영등포구,행정동,37.51824291991681,126.88785892826739,연립다세대,매매,645,높음,자치구,36000.0,28900.0,48000.0,,,,,29.8,26.5,44.5,1133.094
문래동,영등포구,행정동,37.51824291991681,126.88785892826739,오피스텔,매매,96,높음,해당지역,64250.0,44750.0,104250.0,,,,,85.3,56.9,99.5,831.256
문래동,영등포구,행정동,37.51824291991681,126.88785892826739,단독다가구,월세,3042,높음,자치구,,,,1000.0,,,47.0,27.5,19.5,40.0,
문래동,영등포구,행정동,37.51824291991681,126.88785892826739,아파트,월세,495,높음,해당지역,,,,25000.0,,,66.0,59.9,53.9,59.9,
문래동,영등포구,행정동,37.51824291991681,126.88785892826739,연립다세대,월세,1569,높음,자치구,,,,10000.0,,,35.0,27.9,19.8,30.0,
문래동,영등포구,행정동,37.51824291991681,126.88785892826739,오피스텔,월세,182,높음,해당지역,,,,10000.0,,,60.0,30.1,27.6,65.5,
문래동,영등포구,행정동,37.51824291991681,126.88785892826739,단독다가구,전세,636,높음,자치구,,,,13000.0,8000.0,17000.0,,37.9,26.4,54.5,313.253
문래동,영등포구,행정동,37.51824291991681,126.88785892826739,아파트,전세,256,높음,해당지역,,,,50000.0,42000.0,67325.0,,79.7,59.8,84.9,717.902
문래동,영등포구,행정동,37.51824291991681,126.88785892826739,연립다세대,전세,701,높음,자치구,,,,24000.0,18000.0,27700.0,,29.3,25.0,37.5,833.611
문래동,영등포구,행정동,37.51824291991681,126.88785892826739,오피스텔,전세,180,높음,해당지역,,,,38000.0,31545.0,50400.0,,65.5,34.9,84.6,640.33
신길1동,영등포구,행정동,37.512681025522525,126.91978891967135,단독다가구,매매,85,높음,법정동,105000.0,80000.0,125000.0,,,,,138.0,99.5,172.8,722.042
신길1동,영등포구,행정동,37.512681025522525,126.91978891967135,아파트,매매,67,높음,해당지역,122700.0,69000.0,148000.0,,,,,59.9,59.4,60.0,1667.779
신길1동,영등포구,행정동,37.512681025522525,126.91978891967135,연립다세대,매매,59,높음,해당지역,49500.0,38250.0,64050.0,,,,,35.3,29.6,45.3,1300.0
신길1동,영등포구,행정동,37.512681025522525,126.91978891967135,오피스텔,매매,15,보통,해당지역,15000.0,12850.0,19150.0,,,,,27.7,23.0,28.3,551.934
신길1동,영등포구,행정동,37.512681025522525,126.91978891967135,단독다가구,월세,1126,높음,법정동,,,,1000.0,,,45.0,29.8,19.0,42.9,
신길1동,영등포구,행정동,37.512681025522525,126.91978891967135,아파트,월세,95,높음,해당지역,,,,9184.0,,,60.0,16.1,13.2,59.9,
신길1동,영등포구,행정동,37.512681025522525,126.91978891967135,연립다세대,월세,74,높음,해당지역,,,,4000.0,,,52.0,29.9,21.4,38.9,
신길1동,영등포구,행정동,37.512681025522525,126.91978891967135,오피스텔,월세,128,높음,해당지역,,,,1000.0,,,70.0,20.3,16.6,28.3,
신길1동,영등포구,행정동,37.512681025522525,126.91978891967135,단독다가구,전세,251,높음,법정동,,,,13000.0,8000.0,17000.0,,39.8,28.7,60.2,300.541
신길1동,영등포구,행정동,37.512681025522525,126.91978891967135,아파트,전세,67,높음,해당지역,,,,55650.0,36600.0,70000.0,,60.0,59.4,84.9,833.889
신길1동,영등포구,행정동,37.512681025522525,126.91978891967135,연립다세대,전세,62,높음,해당지역,,,,24000.0,21786.2,29300.0,,30.0,27.6,46.6,741.039
신길1동,영등포구,행정동,37.512681025522525,126.91978891967135,오피스텔,전세,40,높음,해당지역,,,,19250.0,17225.0,20000.0,,17.4,15.9,27.7,1148.765
신길3동,영등포구,행정동,37.50586620179164,126.90574094506869,단독다가구,매매,85,높음,법정동,105000.0,80000.0,125000.0,,,,,138.0,99.5,172.8,722.042
신길3동,영등포구,행정동,37.50586620179164,126.90574094506869,아파트,매매,111,높음,해당지역,115000.0,94850.0,144200.0,,,,,64.4,49.6,85.0,1778.978
신길3동,영등포구,행정동,37.50586620179164,126.90574094506869,연립다세대,매매,25,보통,해당지역,65000.0,56500.0,74000.0,,,,,28.2,25.4,29.6,2106.793
신길3동,영등포구,행정동,37.50586620179164,126.90574094506869,오피스텔,매매,22,보통,법정동,19150.0,13550.0,31300.0,,,,,28.3,27.7,40.7,676.918
신길3동,영등포구,행정동,37.50586620179164,126.90574094506869,단독다가구,월세,1126,높음,법정동,,,,1000.0,,,45.0,29.8,19.0,42.9,
신길3동,영등포구,행정동,37.50586620179164,126.90574094506869,아파트,월세,58,높음,해당지역,,,,15000.0,,,105.0,60.0,49.6,85.0,
신길3동,영등포구,행정동,37.50586620179164,126.90574094506869,연립다세대,월세,11,보통,해당지역,,,,2500.0,,,43.0,27.5,21.3,30.1,
신길3동,영등포구,행정동,37.50586620179164,126.90574094506869,오피스텔,월세,243,높음,법정동,,,,1000.0,,,85.0,28.3,18.6,29.5,
신길3동,영등포구,행정동,37.50586620179164,126.90574094506869,단독다가구,전세,251,높음,법정동,,,,13000.0,8000.0,17000.0,,39.8,28.7,60.2,300.541
신길3동,영등포구,행정동,37.50586620179164,126.90574094506869,아파트,전세,131,높음,해당지역,,,,54000.0,40897.0,65000.0,,60.0,60.0,85.0,847.258
신길3동,영등포구,행정동,37.50586620179164,126.90574094506869,연립다세대,전세,58,높음,해당지역,,,,25000.0,21125.0,26500.0,,29.6,27.8,30.0,855.435
신길3동,영등포구,행정동,37.50586620179164,126.90574094506869,오피스텔,전세,78,높음,법정동,,,,20000.0,17300.0,27512.5,,26.7,15.9,29.8,979.596
신길4동,영등포구,행정동,37.50524547651722,126.91261553831367,단독다가구,매매,85,높음,법정동,105000.0,80000.0,125000.0,,,,,138.0,99.5,172.8,722.042
신길4동,영등포구,행정동,37.50524547651722,126.91261553831367,아파트,매매,59,높음,해당지역,130000.0,117750.0,167250.0,,,,,59.9,59.9,84.9,1946.739
신길4동,영등포구,행정동,37.50524547651722,126.91261553831367,연립다세대,매매,182,높음,법정동,42000.0,32125.0,59650.0,,,,,34.3,27.9,47.9,1172.851
신길4동,영등포구,행정동,37.50524547651722,126.91261553831367,오피스텔,매매,22,보통,법정동,19150.0,13550.0,31300.0,,,,,28.3,27.7,40.7,676.918
신길4동,영등포구,행정동,37.50524547651722,126.91261553831367,단독다가구,월세,1126,높음,법정동,,,,1000.0,,,45.0,29.8,19.0,42.9,
신길4동,영등포구,행정동,37.50524547651722,126.91261553831367,아파트,월세,57,높음,해당지역,,,,20000.0,,,95.0,59.9,42.7,59.9,
신길4동,영등포구,행정동,37.50524547651722,126.91261553831367,연립다세대,월세,12,보통,해당지역,,,,1000.0,,,42.5,36.1,27.4,61.6,
신길4동,영등포구,행정동,37.50524547651722,126.91261553831367,오피스텔,월세,100,높음,해당지역,,,,1000.0,,,120.0,29.5,28.9,29.5,
신길4동,영등포구,행정동,37.50524547651722,126.91261553831367,단독다가구,전세,251,높음,법정동,,,,13000.0,8000.0,17000.0,,39.8,28.7,60.2,300.541
신길4동,영등포구,행정동,37.50524547651722,126.91261553831367,아파트,전세,78,높음,해당지역,,,,67100.0,55250.0,74625.0,,59.9,59.9,84.9,1101.652
신길4동,영등포구,행정동,37.50524547651722,126.91261553831367,연립다세대,전세,11,보통,해당지역,,,,23500.0,16750.0,25300.0,,29.9,29.2,51.1,589.623
신길4동,영등포구,행정동,37.50524547651722,126.91261553831367,오피스텔,전세,15,보통,해당지역,,,,25000.0,12000.0,26575.0,,29.3,16.6,29.8,852.079
신길5동,영등포구,행정동,37.5024697575968,126.90708616636421,단독다가구,매매,85,높음,법정동,105000.0,80000.0,125000.0,,,,,138.0,99.5,172.8,722.042
신길5동,영등포구,행정동,37.5024697575968,126.90708616636421,아파트,매매,30,높음,해당지역,169000.0,146625.0,185750.0,,,,,83.5,60.0,85.0,2206.402
신길5동,영등포구,행정동,37.5024697575968,126.90708616636421,연립다세대,매매,17,보통,해당지역,33500.0,26000.0,41500.0,,,,,39.8,34.4,56.3,744.059
신길5동,영등포구,행정동,37.5024697575968,126.90708616636421,오피스텔,매매,22,보통,법정동,19150.0,13550.0,31300.0,,,,,28.3,27.7,40.7,676.918
신길5동,영등포구,행정동,37.5024697575968,126.90708616636421,단독다가구,월세,1126,높음,법정동,,,,1000.0,,,45.0,29.8,19.0,42.9,
신길5동,영등포구,행정동,37.5024697575968,126.90708616636421,아파트,월세,63,높음,해당지역,,,,15000.0,,,70.0,60.0,48.0,84.6,
신길5동,영등포구,행정동,37.5024697575968,126.90708616636421,연립다세대,월세,22,보통,해당지역,,,,3000.0,,,50.0,30.7,21.7,57.5,
신길5동,영등포구,행정동,37.5024697575968,126.90708616636421,오피스텔,월세,243,높음,법정동,,,,1000.0,,,85.0,28.3,18.6,29.5,
신길5동,영등포구,행정동,37.5024697575968,126.90708616636421,단독다가구,전세,251,높음,법정동,,,,13000.0,8000.0,17000.0,,39.8,28.7,60.2,300.541
신길5동,영등포구,행정동,37.5024697575968,126.90708616636421,아파트,전세,87,높음,해당지역,,,,69300.0,64750.0,73500.0,,75.5,60.0,85.0,982.059
신길5동,영등포구,행정동,37.5024697575968,126.90708616636421,연립다세대,전세,22,보통,해당지역,,,,15550.0,13000.0,19437.5,,37.0,30.3,44.6,361.017
신길5동,영등포구,행정동,37.5024697575968,126.90708616636421,오피스텔,전세,78,높음,법정동,,,,20000.0,17300.0,27512.5,,26.7,15.9,29.8,979.596
신길6동,영등포구,행정동,37.497797193031424,126.91182957868529,단독다가구,매매,85,높음,법정동,105000.0,80000.0,125000.0,,,,,138.0,99.5,172.8,722.042
신길6동,영등포구,행정동,37.497797193031424,126.91182957868529,아파트,매매,121,높음,해당지역,130000.0,108000.0,142500.0,,,,,75.8,60.5,84.8,1785.714
신길6동,영등포구,행정동,37.497797193031424,126.91182957868529,연립다세대,매매,40,높음,해당지역,37050.0,32675.0,41625.0,,,,,29.2,23.6,47.3,1074.889
신길6동,영등포구,행정동,37.497797193031424,126.91182957868529,오피스텔,매매,22,보통,법정동,19150.0,13550.0,31300.0,,,,,28.3,27.7,40.7,676.918
신길6동,영등포구,행정동,37.497797193031424,126.91182957868529,단독다가구,월세,1126,높음,법정동,,,,1000.0,,,45.0,29.8,19.0,42.9,
신길6동,영등포구,행정동,37.497797193031424,126.91182957868529,아파트,월세,96,높음,해당지역,,,,20000.0,,,67.5,60.0,52.5,74.0,
신길6동,영등포구,행정동,37.497797193031424,126.91182957868529,연립다세대,월세,56,높음,해당지역,,,,2646.0,,,30.5,27.7,26.2,29.4,
신길6동,영등포구,행정동,37.497797193031424,126.91182957868529,오피스텔,월세,243,높음,법정동,,,,1000.0,,,85.0,28.3,18.6,29.5,
신길6동,영등포구,행정동,37.497797193031424,126.91182957868529,단독다가구,전세,251,높음,법정동,,,,13000.0,8000.0,17000.0,,39.8,28.7,60.2,300.541
신길6동,영등포구,행정동,37.497797193031424,126.91182957868529,아파트,전세,115,높음,해당지역,,,,40000.0,31000.0,55000.0,,64.4,59.8,84.8,598.623
신길6동,영등포구,행정동,37.497797193031424,126.91182957868529,연립다세대,전세,25,보통,해당지역,,,,22000.0,17500.0,28000.0,,29.8,20.1,51.0,637.523
신길6동,영등포구,행정동,37.497797193031424,126.91182957868529,오피스텔,전세,78,높음,법정동,,,,20000.0,17300.0,27512.5,,26.7,15.9,29.8,979.596
신길7동,영등포구,행정동,37.50487340127255,126.91813188380306,단독다가구,매매,85,높음,법정동,105000.0,80000.0,125000.0,,,,,138.0,99.5,172.8,722.042
신길7동,영등포구,행정동,37.50487340127255,126.91813188380306,아파트,매매,94,높음,해당지역,156250.0,120250.0,193000.0,,,,,84.8,59.9,85.0,2128.804
신길7동,영등포구,행정동,37.50487340127255,126.91813188380306,연립다세대,매매,10,보통,해당지역,43950.0,31278.8,64750.0,,,,,40.3,31.7,44.5,1498.584
신길7동,영등포구,행정동,37.50487340127255,126.91813188380306,오피스텔,매매,22,보통,법정동,19150.0,13550.0,31300.0,,,,,28.3,27.7,40.7,676.918
신길7동,영등포구,행정동,37.50487340127255,126.91813188380306,단독다가구,월세,1126,높음,법정동,,,,1000.0,,,45.0,29.8,19.0,42.9,
신길7동,영등포구,행정동,37.50487340127255,126.91813188380306,아파트,월세,167,높음,해당지역,,,,10000.0,,,60.0,60.0,50.0,84.8,
신길7동,영등포구,행정동,37.50487340127255,126.91813188380306,연립다세대,월세,28,보통,해당지역,,,,500.0,,,41.5,23.8,23.4,27.9,
신길7동,영등포구,행정동,37.50487340127255,126.91813188380306,오피스텔,월세,243,높음,법정동,,,,1000.0,,,85.0,28.3,18.6,29.5,
신길7동,영등포구,행정동,37.50487340127255,126.91813188380306,단독다가구,전세,251,높음,법정동,,,,13000.0,8000.0,17000.0,,39.8,28.7,60.2,300.541
신길7동,영등포구,행정동,37.50487340127255,126.91813188380306,아파트,전세,218,높음,해당지역,,,,73250.0,57880.0,82000.0,,84.8,60.0,85.0,955.756
신길7동,영등포구,행정동,37.50487340127255,126.91813188380306,연립다세대,전세,21,보통,해당지역,,,,29600.0,26000.0,30000.0,,29.6,28.0,30.0,1009.421
신길7동,영등포구,행정동,37.50487340127255,126.91813188380306,오피스텔,전세,78,높음,법정동,,,,20000.0,17300.0,27512.5,,26.7,15.9,29.8,979.596
양평1동,영등포구,행정동,37.52435383848003,126.8859844122351,단독다가구,매매,143,높음,자치구,93000.0,72500.0,119050.0,,,,,146.2,102.3,176.2,687.596
양평1동,영등포구,행정동,37.52435383848003,126.8859844122351,아파트,매매,121,높음,해당지역,99000.0,85000.0,114500.0,,,,,59.9,59.5,84.9,1460.222
양평1동,영등포구,행정동,37.52435383848003,126.8859844122351,연립다세대,매매,645,높음,자치구,36000.0,28900.0,48000.0,,,,,29.8,26.5,44.5,1133.094
양평1동,영등포구,행정동,37.52435383848003,126.8859844122351,오피스텔,매매,99,높음,해당지역,38000.0,13250.0,62250.0,,,,,57.7,18.8,79.8,731.13
양평1동,영등포구,행정동,37.52435383848003,126.8859844122351,단독다가구,월세,51,높음,해당지역,,,,1500.0,,,55.0,36.6,23.7,47.0,
양평1동,영등포구,행정동,37.52435383848003,126.8859844122351,아파트,월세,95,높음,해당지역,,,,10000.0,,,110.0,59.6,50.8,61.6,
양평1동,영등포구,행정동,37.52435383848003,126.8859844122351,연립다세대,월세,65,높음,해당지역,,,,17100.0,,,37.0,22.0,18.4,29.3,
양평1동,영등포구,행정동,37.52435383848003,126.8859844122351,오피스텔,월세,363,높음,해당지역,,,,5000.0,,,50.0,25.2,18.8,29.6,
양평1동,영등포구,행정동,37.52435383848003,126.8859844122351,단독다가구,전세,636,높음,자치구,,,,13000.0,8000.0,17000.0,,37.9,26.4,54.5,313.253
양평1동,영등포구,행정동,37.52435383848003,126.8859844122351,아파트,전세,155,높음,해당지역,,,,44500.0,35500.0,56700.0,,59.7,50.8,61.6,728.203
양평1동,영등포구,행정동,37.52435383848003,126.8859844122351,연립다세대,전세,24,보통,해당지역,,,,27750.0,24975.0,30250.0,,27.7,24.4,30.0,1028.261
양평1동,영등포구,행정동,37.52435383848003,126.8859844122351,오피스텔,전세,252,높음,해당지역,,,,28534.5,25200.0,42000.0,,33.5,28.6,71.5,770.615
양평2동,영등포구,행정동,37.53848710495243,126.89306219504269,단독다가구,매매,143,높음,자치구,93000.0,72500.0,119050.0,,,,,146.2,102.3,176.2,687.596
양평2동,영등포구,행정동,37.53848710495243,126.89306219504269,아파트,매매,128,높음,해당지역,133250.0,114875.0,140000.0,,,,,80.9,59.9,84.9,1723.91
양평2동,영등포구,행정동,37.53848710495243,126.89306219504269,연립다세대,매매,116,높음,해당지역,27100.0,18650.0,34050.0,,,,,28.1,17.0,30.0,1006.553
양평2동,영등포구,행정동,37.53848710495243,126.89306219504269,오피스텔,매매,44,높음,해당지역,32200.0,28750.0,45875.0,,,,,34.6,28.6,65.3,959.408
양평2동,영등포구,행정동,37.53848710495243,126.89306219504269,단독다가구,월세,62,높음,해당지역,,,,1000.0,,,64.0,26.7,20.0,35.0,
양평2동,영등포구,행정동,37.53848710495243,126.89306219504269,아파트,월세,105,높음,해당지역,,,,30000.0,,,120.0,71.5,59.9,84.9,
양평2동,영등포구,행정동,37.53848710495243,126.89306219504269,연립다세대,월세,291,높음,해당지역,,,,18900.0,,,28.0,29.4,24.3,29.9,
양평2동,영등포구,행정동,37.53848710495243,126.89306219504269,오피스텔,월세,319,높음,해당지역,,,,20000.0,,,30.0,28.6,28.0,30.0,
양평2동,영등포구,행정동,37.53848710495243,126.89306219504269,단독다가구,전세,13,보통,해당지역,,,,19100.0,13000.0,31500.0,,53.9,33.0,72.0,388.916
양평2동,영등포구,행정동,37.53848710495243,126.89306219504269,아파트,전세,176,높음,해당지역,,,,57000.0,52000.0,63000.0,,65.0,59.9,84.9,800.094
양평2동,영등포구,행정동,37.53848710495243,126.89306219504269,연립다세대,전세,80,높음,해당지역,,,,23731.0,15790.0,27787.2,,29.6,24.8,36.8,674.526
양평2동,영등포구,행정동,37.53848710495243,126.89306219504269,오피스텔,전세,194,높음,해당지역,,,,29725.0,25125.0,36300.0,,29.5,28.0,36.0,977.543
여의동,영등포구,행정동,37.52342078849293,126.92858024289079,단독다가구,매매,143,높음,자치구,93000.0,72500.0,119050.0,,,,,146.2,102.3,176.2,687.596
여의동,영등포구,행정동,37.52342078849293,126.92858024289079,아파트,매매,157,높음,해당지역,290000.0,257000.0,340000.0,,,,,102.2,79.2,131.6,2963.088
여의동,영등포구,행정동,37.52342078849293,126.92858024289079,연립다세대,매매,645,높음,자치구,36000.0,28900.0,48000.0,,,,,29.8,26.5,44.5,1133.094
여의동,영등포구,행정동,37.52342078849293,126.92858024289079,오피스텔,매매,137,높음,해당지역,51473.0,30500.0,99000.0,,,,,41.6,30.0,68.9,1279.608
여의동,영등포구,행정동,37.52342078849293,126.92858024289079,단독다가구,월세,3042,높음,자치구,,,,1000.0,,,47.0,27.5,19.5,40.0,
여의동,영등포구,행정동,37.52342078849293,126.92858024289079,아파트,월세,267,높음,해당지역,,,,20000.0,,,158.0,102.0,89.3,133.6,
여의동,영등포구,행정동,37.52342078849293,126.92858024289079,연립다세대,월세,1569,높음,자치구,,,,10000.0,,,35.0,27.9,19.8,30.0,
여의동,영등포구,행정동,37.52342078849293,126.92858024289079,오피스텔,월세,345,높음,해당지역,,,,2000.0,,,95.0,27.0,23.6,36.5,
여의동,영등포구,행정동,37.52342078849293,126.92858024289079,단독다가구,전세,636,높음,자치구,,,,13000.0,8000.0,17000.0,,37.9,26.4,54.5,313.253
여의동,영등포구,행정동,37.52342078849293,126.92858024289079,아파트,전세,363,높음,해당지역,,,,71000.0,50700.0,100000.0,,102.8,84.1,133.7,659.452
여의동,영등포구,행정동,37.52342078849293,126.92858024289079,연립다세대,전세,701,높음,자치구,,,,24000.0,18000.0,27700.0,,29.3,25.0,37.5,833.611
여의동,영등포구,행정동,37.52342078849293,126.92858024289079,오피스텔,전세,156,높음,해당지역,,,,49000.0,24750.0,71100.0,,31.6,27.4,60.0,1010.024
영등포동,영등포구,행정동,37.52135520011564,126.90905229491483,단독다가구,매매,143,높음,자치구,93000.0,72500.0,119050.0,,,,,146.2,102.3,176.2,687.596
영등포동,영등포구,행정동,37.52135520011564,126.90905229491483,아파트,매매,131,높음,해당지역,109500.0,49250.0,166500.0,,,,,59.9,36.8,84.8,1473.05
영등포동,영등포구,행정동,37.52135520011564,126.90905229491483,연립다세대,매매,27,보통,해당지역,32000.0,28750.0,36500.0,,,,,29.5,27.7,36.5,1085.142
영등포동,영등포구,행정동,37.52135520011564,126.90905229491483,오피스텔,매매,208,높음,해당지역,23350.0,17650.0,33000.0,,,,,21.7,18.7,29.5,1069.741
영등포동,영등포구,행정동,37.52135520011564,126.90905229491483,단독다가구,월세,68,높음,해당지역,,,,3000.0,,,50.0,26.8,20.8,44.0,
영등포동,영등포구,행정동,37.52135520011564,126.90905229491483,아파트,월세,383,높음,해당지역,,,,6836.0,,,60.0,16.6,13.3,33.8,
영등포동,영등포구,행정동,37.52135520011564,126.90905229491483,연립다세대,월세,335,높음,해당지역,,,,12500.0,,,35.0,25.3,16.8,29.5,
영등포동,영등포구,행정동,37.52135520011564,126.90905229491483,오피스텔,월세,1703,높음,해당지역,,,,5000.0,,,55.0,21.4,18.1,28.1,
영등포동,영등포구,행정동,37.52135520011564,126.90905229491483,단독다가구,전세,10,보통,해당지역,,,,20000.0,13312.5,24250.0,,41.3,39.2,50.8,491.419
영등포동,영등포구,행정동,37.52135520011564,126.90905229491483,아파트,전세,239,높음,해당지역,,,,62000.0,40345.0,82000.0,,59.9,51.5,84.8,1003.423
영등포동,영등포구,행정동,37.52135520011564,126.90905229491483,연립다세대,전세,70,높음,해당지역,,,,25000.0,15000.0,27450.0,,26.2,18.1,29.6,934.886
영등포동,영등포구,행정동,37.52135520011564,126.90905229491483,오피스텔,전세,668,높음,해당지역,,,,22500.0,19415.0,26725.0,,22.2,17.7,29.2,986.832
영등포본동,영등포구,행정동,37.51323985022654,126.90860588710743,단독다가구,매매,143,높음,자치구,93000.0,72500.0,119050.0,,,,,146.2,102.3,176.2,687.596
영등포본동,영등포구,행정동,37.51323985022654,126.90860588710743,아파트,매매,81,높음,해당지역,144000.0,113000.0,153000.0,,,,,73.1,59.9,79.8,1892.776
영등포본동,영등포구,행정동,37.51323985022654,126.90860588710743,연립다세대,매매,60,높음,해당지역,53000.0,28300.0,75000.0,,,,,33.3,27.9,50.9,1455.933
영등포본동,영등포구,행정동,37.51323985022654,126.90860588710743,오피스텔,매매,818,높음,자치구,32000.0,20700.0,58925.0,,,,,30.4,25.2,62.9,873.756
영등포본동,영등포구,행정동,37.51323985022654,126.90860588710743,단독다가구,월세,136,높음,해당지역,,,,1000.0,,,48.0,27.8,19.8,37.9,
영등포본동,영등포구,행정동,37.51323985022654,126.90860588710743,아파트,월세,102,높음,해당지역,,,,10000.0,,,110.0,73.1,30.7,79.8,
영등포본동,영등포구,행정동,37.51323985022654,126.90860588710743,연립다세대,월세,66,높음,해당지역,,,,7000.0,,,43.5,29.9,21.7,51.7,
영등포본동,영등포구,행정동,37.51323985022654,126.90860588710743,오피스텔,월세,10,보통,해당지역,,,,7250.0,,,29.0,28.0,23.4,30.6,
영등포본동,영등포구,행정동,37.51323985022654,126.90860588710743,단독다가구,전세,24,보통,해당지역,,,,10250.0,7750.0,14250.0,,38.3,29.4,45.1,265.05
영등포본동,영등포구,행정동,37.51323985022654,126.90860588710743,아파트,전세,158,높음,해당지역,,,,59800.0,52000.0,65000.0,,79.8,59.9,84.2,814.771
영등포본동,영등포구,행정동,37.51323985022654,126.90860588710743,연립다세대,전세,56,높음,해당지역,,,,24200.0,17712.5,29550.0,,29.5,24.9,54.8,627.956
영등포본동,영등포구,행정동,37.51323985022654,126.90860588710743,오피스텔,전세,13,보통,해당지역,,,,30000.0,12000.0,31500.0,,30.2,24.2,30.7,977.517
남영동,용산구,행정동,37.548994992603525,126.97307609233857,단독다가구,매매,139,높음,자치구,169000.0,100500.0,375000.0,,,,,136.5,45.8,205.1,1824.374
남영동,용산구,행정동,37.548994992603525,126.97307609233857,아파트,매매,682,높음,자치구,205000.0,145000.0,298375.0,,,,,84.9,59.9,114.9,2418.534
남영동,용산구,행정동,37.548994992603525,126.97307609233857,연립다세대,매매,11,보통,해당지역,116500.0,99500.0,148000.0,,,,,55.1,33.1,59.1,2564.556
남영동,용산구,행정동,37.548994992603525,126.97307609233857,오피스텔,매매,19,보통,해당지역,32500.0,29150.0,39350.0,,,,,28.3,27.4,30.0,1185.309
남영동,용산구,행정동,37.548994992603525,126.97307609233857,단독다가구,월세,60,높음,해당지역,,,,1250.0,,,55.0,40.6,28.8,68.4,
남영동,용산구,행정동,37.548994992603525,126.97307609233857,아파트,월세,47,높음,해당지역,,,,11600.0,,,592.0,131.0,49.8,145.2,
남영동,용산구,행정동,37.548994992603525,126.97307609233857,연립다세대,월세,40,높음,해당지역,,,,3000.0,,,70.0,49.4,33.6,60.4,
남영동,용산구,행정동,37.548994992603525,126.97307609233857,오피스텔,월세,72,높음,해당지역,,,,1000.0,,,120.0,27.4,23.0,30.0,
남영동,용산구,행정동,37.548994992603525,126.97307609233857,단독다가구,전세,12,보통,해당지역,,,,18000.0,8750.0,22850.0,,51.8,39.7,85.7,358.562
남영동,용산구,행정동,37.548994992603525,126.97307609233857,아파트,전세,10,보통,해당지역,,,,106000.0,96775.0,115000.0,,131.0,128.1,145.2,781.682
남영동,용산구,행정동,37.548994992603525,126.97307609233857,연립다세대,전세,25,보통,해당지역,,,,29000.0,17000.0,33000.0,,55.8,37.4,61.1,540.091
남영동,용산구,행정동,37.548994992603525,126.97307609233857,오피스텔,전세,32,높음,해당지역,,,,29000.0,26000.0,29700.0,,27.4,25.4,28.3,1039.534
보광동,용산구,행정동,37.52540097799655,127.00060380115013,단독다가구,매매,15,보통,해당지역,550000.0,430000.0,610000.0,,,,,145.9,89.8,238.8,3180.31
보광동,용산구,행정동,37.52540097799655,127.00060380115013,아파트,매매,14,보통,해당지역,407000.0,290000.0,431250.0,,,,,84.9,84.8,84.9,4792.182
보광동,용산구,행정동,37.52540097799655,127.00060380115013,연립다세대,매매,580,높음,자치구,75000.0,58000.0,100250.0,,,,,41.5,28.3,59.2,1945.581
보광동,용산구,행정동,37.52540097799655,127.00060380115013,오피스텔,매매,205,높음,자치구,42000.0,29100.0,78000.0,,,,,34.4,29.6,48.6,1185.266
보광동,용산구,행정동,37.52540097799655,127.00060380115013,단독다가구,월세,52,높음,해당지역,,,,1000.0,,,60.0,43.9,30.0,54.4,
보광동,용산구,행정동,37.52540097799655,127.00060380115013,아파트,월세,12,보통,해당지역,,,,5000.0,,,157.5,84.7,84.7,84.9,
보광동,용산구,행정동,37.52540097799655,127.00060380115013,연립다세대,월세,1041,높음,자치구,,,,3000.0,,,73.0,39.7,26.4,60.4,
보광동,용산구,행정동,37.52540097799655,127.00060380115013,오피스텔,월세,634,높음,자치구,,,,3000.0,,,100.0,29.5,24.1,38.1,
보광동,용산구,행정동,37.52540097799655,127.00060380115013,단독다가구,전세,27,보통,해당지역,,,,15750.0,10000.0,21500.0,,54.2,40.5,66.0,304.26
보광동,용산구,행정동,37.52540097799655,127.00060380115013,아파트,전세,24,보통,해당지역,,,,56750.0,54375.0,65000.0,,84.9,84.7,84.9,694.69
보광동,용산구,행정동,37.52540097799655,127.00060380115013,연립다세대,전세,1980,높음,자치구,,,,26000.0,21000.0,30000.0,,29.7,25.9,48.2,856.383
보광동,용산구,행정동,37.52540097799655,127.00060380115013,오피스텔,전세,481,높음,자치구,,,,30900.0,26000.0,40950.0,,32.8,28.2,40.0,937.5
서빙고동,용산구,행정동,37.521464672300745,126.9923928274271,단독다가구,매매,13,보통,해당지역,660000.0,600000.0,800000.0,,,,,216.9,139.3,282.0,3042.456
서빙고동,용산구,행정동,37.521464672300745,126.9923928274271,아파트,매매,21,보통,해당지역,370000.0,297000.0,460000.0,,,,,140.8,95.7,167.0,2904.539
서빙고동,용산구,행정동,37.521464672300745,126.9923928274271,연립다세대,매매,29,보통,해당지역,365000.0,125000.0,420000.0,,,,,55.4,43.9,71.0,6055.485
서빙고동,용산구,행정동,37.521464672300745,126.9923928274271,오피스텔,매매,205,높음,자치구,42000.0,29100.0,78000.0,,,,,34.4,29.6,48.6,1185.266
서빙고동,용산구,행정동,37.521464672300745,126.9923928274271,단독다가구,월세,44,높음,해당지역,,,,1000.0,,,55.0,46.8,35.2,62.8,
서빙고동,용산구,행정동,37.521464672300745,126.9923928274271,아파트,월세,40,높음,해당지역,,,,20000.0,,,260.0,140.8,95.7,156.0,
서빙고동,용산구,행정동,37.521464672300745,126.9923928274271,연립다세대,월세,33,높음,해당지역,,,,5000.0,,,60.0,53.0,25.8,78.3,
서빙고동,용산구,행정동,37.521464672300745,126.9923928274271,오피스텔,월세,634,높음,자치구,,,,3000.0,,,100.0,29.5,24.1,38.1,
서빙고동,용산구,행정동,37.521464672300745,126.9923928274271,단독다가구,전세,26,보통,해당지역,,,,15375.0,12125.0,20000.0,,49.9,40.1,56.0,318.14
서빙고동,용산구,행정동,37.521464672300745,126.9923928274271,아파트,전세,48,높음,해당지역,,,,91000.0,70000.0,108500.0,,140.8,95.7,141.8,710.177
서빙고동,용산구,행정동,37.521464672300745,126.9923928274271,연립다세대,전세,73,높음,해당지역,,,,24000.0,15750.0,25500.0,,36.4,20.4,63.4,568.752
서빙고동,용산구,행정동,37.521464672300745,126.9923928274271,오피스텔,전세,481,높음,자치구,,,,30900.0,26000.0,40950.0,,32.8,28.2,40.0,937.5
용문동,용산구,행정동,37.53767926687288,126.95809106979593,단독다가구,매매,139,높음,자치구,169000.0,100500.0,375000.0,,,,,136.5,45.8,205.1,1824.374
용문동,용산구,행정동,37.53767926687288,126.95809106979593,아파트,매매,41,높음,해당지역,178000.0,162700.0,183500.0,,,,,84.7,59.9,84.9,2184.437
용문동,용산구,행정동,37.53767926687288,126.95809106979593,연립다세대,매매,40,높음,해당지역,64650.0,52250.0,73000.0,,,,,40.8,26.0,60.2,1490.519
용문동,용산구,행정동,37.53767926687288,126.95809106979593,오피스텔,매매,205,높음,자치구,42000.0,29100.0,78000.0,,,,,34.4,29.6,48.6,1185.266
용문동,용산구,행정동,37.53767926687288,126.95809106979593,단독다가구,월세,62,높음,해당지역,,,,3000.0,,,69.0,44.1,32.7,54.2,
용문동,용산구,행정동,37.53767926687288,126.95809106979593,아파트,월세,47,높음,해당지역,,,,30000.0,,,140.0,59.9,59.9,84.7,
용문동,용산구,행정동,37.53767926687288,126.95809106979593,연립다세대,월세,73,높음,해당지역,,,,10000.0,,,64.0,28.9,23.0,40.2,
용문동,용산구,행정동,37.53767926687288,126.95809106979593,오피스텔,월세,634,높음,자치구,,,,3000.0,,,100.0,29.5,24.1,38.1,
용문동,용산구,행정동,37.53767926687288,126.95809106979593,단독다가구,전세,424,높음,자치구,,,,16544.0,12000.0,22000.0,,45.0,33.0,60.8,386.419
용문동,용산구,행정동,37.53767926687288,126.95809106979593,아파트,전세,84,높음,해당지역,,,,65500.0,61987.5,73000.0,,59.9,59.9,84.7,930.621
용문동,용산구,행정동,37.53767926687288,126.95809106979593,연립다세대,전세,221,높음,해당지역,,,,26250.0,22000.0,29000.0,,27.9,23.1,34.5,927.175
용문동,용산구,행정동,37.53767926687288,126.95809106979593,오피스텔,전세,481,높음,자치구,,,,30900.0,26000.0,40950.0,,32.8,28.2,40.0,937.5
용산2가동,용산구,행정동,37.543845397514964,126.98574916485559,단독다가구,매매,17,보통,해당지역,150000.0,127500.0,190000.0,,,,,183.2,145.8,237.8,834.068
용산2가동,용산구,행정동,37.543845397514964,126.98574916485559,아파트,매매,682,높음,자치구,205000.0,145000.0,298375.0,,,,,84.9,59.9,114.9,2418.534
용산2가동,용산구,행정동,37.543845397514964,126.98574916485559,연립다세대,매매,78,높음,해당지역,60000.0,50000.0,73750.0,,,,,37.4,26.2,51.7,1824.809
용산2가동,용산구,행정동,37.543845397514964,126.98574916485559,오피스텔,매매,205,높음,자치구,42000.0,29100.0,78000.0,,,,,34.4,29.6,48.6,1185.266
용산2가동,용산구,행정동,37.543845397514964,126.98574916485559,단독다가구,월세,117,높음,해당지역,,,,1000.0,,,70.0,45.0,33.0,58.4,
용산2가동,용산구,행정동,37.543845397514964,126.98574916485559,아파트,월세,2033,높음,자치구,,,,13533.0,,,100.0,59.8,39.8,100.3,
용산2가동,용산구,행정동,37.543845397514964,126.98574916485559,연립다세대,월세,62,높음,해당지역,,,,2000.0,,,60.0,37.7,23.2,50.7,
용산2가동,용산구,행정동,37.543845397514964,126.98574916485559,오피스텔,월세,634,높음,자치구,,,,3000.0,,,100.0,29.5,24.1,38.1,
용산2가동,용산구,행정동,37.543845397514964,126.98574916485559,단독다가구,전세,34,높음,해당지역,,,,17000.0,15000.0,25000.0,,53.3,43.0,62.6,362.405
용산2가동,용산구,행정동,37.543845397514964,126.98574916485559,아파트,전세,1447,높음,자치구,,,,72000.0,57750.0,97250.0,,84.8,59.9,104.7,963.905
용산2가동,용산구,행정동,37.543845397514964,126.98574916485559,연립다세대,전세,126,높음,해당지역,,,,20000.0,15000.0,26000.0,,40.4,26.4,52.0,494.2
용산2가동,용산구,행정동,37.543845397514964,126.98574916485559,오피스텔,전세,481,높음,자치구,,,,30900.0,26000.0,40950.0,,32.8,28.2,40.0,937.5
원효로1동,용산구,행정동,37.53911225805412,126.96808800386263,단독다가구,매매,139,높음,자치구,169000.0,100500.0,375000.0,,,,,136.5,45.8,205.1,1824.374
원효로1동,용산구,행정동,37.53911225805412,126.96808800386263,아파트,매매,70,높음,해당지역,165000.0,125500.0,203750.0,,,,,84.9,71.0,109.9,1691.838
원효로1동,용산구,행정동,37.53911225805412,126.96808800386263,연립다세대,매매,28,보통,해당지역,75500.0,60000.0,102750.0,,,,,29.1,24.3,29.9,2564.544
원효로1동,용산구,행정동,37.53911225805412,126.96808800386263,오피스텔,매매,41,높음,해당지역,39900.0,20000.0,59900.0,,,,,34.0,25.5,40.9,1023.548
원효로1동,용산구,행정동,37.53911225805412,126.96808800386263,단독다가구,월세,69,높음,해당지역,,,,2000.0,,,55.0,33.0,22.4,47.8,
원효로1동,용산구,행정동,37.53911225805412,126.96808800386263,아파트,월세,680,높음,해당지역,,,,13533.0,,,66.5,34.0,30.0,44.0,
원효로1동,용산구,행정동,37.53911225805412,126.96808800386263,연립다세대,월세,109,높음,해당지역,,,,5000.0,,,75.0,26.9,23.9,29.8,
원효로1동,용산구,행정동,37.53911225805412,126.96808800386263,오피스텔,월세,249,높음,해당지역,,,,3000.0,,,95.0,27.8,20.9,32.8,
원효로1동,용산구,행정동,37.53911225805412,126.96808800386263,단독다가구,전세,25,보통,해당지역,,,,16000.0,13000.0,21370.0,,50.8,34.2,69.8,383.656
원효로1동,용산구,행정동,37.53911225805412,126.96808800386263,아파트,전세,227,높음,해당지역,,,,80850.0,68000.0,95000.0,,84.9,83.9,85.0,1009.381
원효로1동,용산구,행정동,37.53911225805412,126.96808800386263,연립다세대,전세,205,높음,해당지역,,,,26200.0,24000.0,29500.0,,29.4,27.0,30.0,914.236
원효로1동,용산구,행정동,37.53911225805412,126.96808800386263,오피스텔,전세,183,높음,해당지역,,,,33240.0,29912.5,42000.0,,33.6,29.3,42.7,937.447
원효로2동,용산구,행정동,37.534257923584235,126.95335648781291,단독다가구,매매,139,높음,자치구,169000.0,100500.0,375000.0,,,,,136.5,45.8,205.1,1824.374
원효로2동,용산구,행정동,37.534257923584235,126.95335648781291,아파트,매매,62,높음,해당지역,172250.0,139300.0,220000.0,,,,,78.1,59.6,103.7,2176.291
원효로2동,용산구,행정동,37.534257923584235,126.95335648781291,연립다세대,매매,18,보통,해당지역,75000.0,59000.0,90000.0,,,,,29.7,22.7,53.3,2011.482
원효로2동,용산구,행정동,37.534257923584235,126.95335648781291,오피스텔,매매,205,높음,자치구,42000.0,29100.0,78000.0,,,,,34.4,29.6,48.6,1185.266
원효로2동,용산구,행정동,37.534257923584235,126.95335648781291,단독다가구,월세,65,높음,해당지역,,,,2000.0,,,50.0,40.5,26.4,51.1,
원효로2동,용산구,행정동,37.534257923584235,126.95335648781291,아파트,월세,77,높음,해당지역,,,,20000.0,,,100.0,78.1,59.6,86.1,
원효로2동,용산구,행정동,37.534257923584235,126.95335648781291,연립다세대,월세,55,높음,해당지역,,,,3000.0,,,70.0,27.0,19.9,29.6,
원효로2동,용산구,행정동,37.534257923584235,126.95335648781291,오피스텔,월세,15,보통,해당지역,,,,1000.0,,,90.0,18.7,17.1,21.6,
원효로2동,용산구,행정동,37.534257923584235,126.95335648781291,단독다가구,전세,31,높음,해당지역,,,,15500.0,11775.0,19450.0,,43.0,34.2,53.5,366.279
원효로2동,용산구,행정동,37.534257923584235,126.95335648781291,아파트,전세,127,높음,해당지역,,,,58000.0,49000.0,64750.0,,78.1,59.6,85.0,804.155
원효로2동,용산구,행정동,37.534257923584235,126.95335648781291,연립다세대,전세,161,높음,해당지역,,,,22000.0,19000.0,24675.0,,27.0,21.5,29.8,848.956
원효로2동,용산구,행정동,37.534257923584235,126.95335648781291,오피스텔,전세,52,높음,해당지역,,,,24375.0,17875.0,30000.0,,26.0,23.0,29.9,1038.861
이촌1동,용산구,행정동,37.52029607419268,126.97309323935168,단독다가구,매매,139,높음,자치구,169000.0,100500.0,375000.0,,,,,136.5,45.8,205.1,1824.374
이촌1동,용산구,행정동,37.52029607419268,126.97309323935168,아파트,매매,142,높음,해당지역,277500.0,245750.0,333750.0,,,,,95.0,60.0,124.0,3107.747
이촌1동,용산구,행정동,37.52029607419268,126.97309323935168,연립다세대,매매,13,보통,법정동,135000.0,103500.0,140000.0,,,,,54.4,48.1,59.6,2347.024
이촌1동,용산구,행정동,37.52029607419268,126.97309323935168,오피스텔,매매,205,높음,자치구,42000.0,29100.0,78000.0,,,,,34.4,29.6,48.6,1185.266
이촌1동,용산구,행정동,37.52029607419268,126.97309323935168,단독다가구,월세,1401,높음,자치구,,,,1000.0,,,65.0,37.4,23.9,52.8,
이촌1동,용산구,행정동,37.52029607419268,126.97309323935168,아파트,월세,331,높음,해당지역,,,,20000.0,,,220.0,85.0,59.9,114.6,
이촌1동,용산구,행정동,37.52029607419268,126.97309323935168,연립다세대,월세,14,보통,법정동,,,,2000.0,,,68.0,47.4,41.4,49.6,
이촌1동,용산구,행정동,37.52029607419268,126.97309323935168,오피스텔,월세,634,높음,자치구,,,,3000.0,,,100.0,29.5,24.1,38.1,
이촌1동,용산구,행정동,37.52029607419268,126.97309323935168,단독다가구,전세,424,높음,자치구,,,,16544.0,12000.0,22000.0,,45.0,33.0,60.8,386.419
이촌1동,용산구,행정동,37.52029607419268,126.97309323935168,아파트,전세,322,높음,해당지역,,,,75000.0,63250.0,105000.0,,85.0,59.9,114.9,1085.397
이촌1동,용산구,행정동,37.52029607419268,126.97309323935168,연립다세대,전세,1980,높음,자치구,,,,26000.0,21000.0,30000.0,,29.7,25.9,48.2,856.383
이촌1동,용산구,행정동,37.52029607419268,126.97309323935168,오피스텔,전세,481,높음,자치구,,,,30900.0,26000.0,40950.0,,32.8,28.2,40.0,937.5
이촌2동,용산구,행정동,37.525468239717156,126.95591235875915,단독다가구,매매,139,높음,자치구,169000.0,100500.0,375000.0,,,,,136.5,45.8,205.1,1824.374
이촌2동,용산구,행정동,37.525468239717156,126.95591235875915,아파트,매매,34,높음,해당지역,200250.0,145000.0,219750.0,,,,,59.6,59.5,79.7,3030.305
이촌2동,용산구,행정동,37.525468239717156,126.95591235875915,연립다세대,매매,13,보통,해당지역,135000.0,103500.0,140000.0,,,,,54.4,48.1,59.6,2347.024
이촌2동,용산구,행정동,37.525468239717156,126.95591235875915,오피스텔,매매,205,높음,자치구,42000.0,29100.0,78000.0,,,,,34.4,29.6,48.6,1185.266
이촌2동,용산구,행정동,37.525468239717156,126.95591235875915,단독다가구,월세,1401,높음,자치구,,,,1000.0,,,65.0,37.4,23.9,52.8,
이촌2동,용산구,행정동,37.525468239717156,126.95591235875915,아파트,월세,89,높음,해당지역,,,,12000.0,,,100.0,59.6,59.6,84.8,
이촌2동,용산구,행정동,37.525468239717156,126.95591235875915,연립다세대,월세,14,보통,해당지역,,,,2000.0,,,68.0,47.4,41.4,49.6,
이촌2동,용산구,행정동,37.525468239717156,126.95591235875915,오피스텔,월세,634,높음,자치구,,,,3000.0,,,100.0,29.5,24.1,38.1,
이촌2동,용산구,행정동,37.525468239717156,126.95591235875915,단독다가구,전세,424,높음,자치구,,,,16544.0,12000.0,22000.0,,45.0,33.0,60.8,386.419
이촌2동,용산구,행정동,37.525468239717156,126.95591235875915,아파트,전세,160,높음,해당지역,,,,54600.0,42987.5,63000.0,,59.6,59.5,84.8,805.24
이촌2동,용산구,행정동,37.525468239717156,126.95591235875915,연립다세대,전세,1980,높음,자치구,,,,26000.0,21000.0,30000.0,,29.7,25.9,48.2,856.383
이촌2동,용산구,행정동,37.525468239717156,126.95591235875915,오피스텔,전세,481,높음,자치구,,,,30900.0,26000.0,40950.0,,32.8,28.2,40.0,937.5
이태원1동,용산구,행정동,37.53318729790294,126.99310524807674,단독다가구,매매,15,보통,법정동,125000.0,76200.0,257500.0,,,,,145.3,45.2,207.7,1213.335
이태원1동,용산구,행정동,37.53318729790294,126.99310524807674,아파트,매매,11,보통,해당지역,340000.0,305000.0,381000.0,,,,,142.7,105.9,158.6,2465.879
이태원1동,용산구,행정동,37.53318729790294,126.99310524807674,연립다세대,매매,25,보통,해당지역,130000.0,110000.0,165000.0,,,,,74.4,59.4,93.8,1840.388
이태원1동,용산구,행정동,37.53318729790294,126.99310524807674,오피스텔,매매,205,높음,자치구,42000.0,29100.0,78000.0,,,,,34.4,29.6,48.6,1185.266
이태원1동,용산구,행정동,37.53318729790294,126.99310524807674,단독다가구,월세,313,높음,법정동,,,,1000.0,,,90.0,44.3,33.0,60.5,
이태원1동,용산구,행정동,37.53318729790294,126.99310524807674,아파트,월세,23,보통,해당지역,,,,10000.0,,,330.0,142.7,142.7,174.4,
이태원1동,용산구,행정동,37.53318729790294,126.99310524807674,연립다세대,월세,43,높음,해당지역,,,,3000.0,,,135.0,59.4,48.9,116.4,
이태원1동,용산구,행정동,37.53318729790294,126.99310524807674,오피스텔,월세,634,높음,자치구,,,,3000.0,,,100.0,29.5,24.1,38.1,
이태원1동,용산구,행정동,37.53318729790294,126.99310524807674,단독다가구,전세,64,높음,법정동,,,,20000.0,14750.0,25000.0,,41.4,35.7,49.8,470.723
이태원1동,용산구,행정동,37.53318729790294,126.99310524807674,아파트,전세,18,보통,해당지역,,,,70000.0,57187.5,85037.5,,105.9,89.0,145.3,604.239
이태원1동,용산구,행정동,37.53318729790294,126.99310524807674,연립다세대,전세,39,높음,해당지역,,,,30000.0,25000.0,40000.0,,32.6,27.1,62.5,887.097
이태원1동,용산구,행정동,37.53318729790294,126.99310524807674,오피스텔,전세,481,높음,자치구,,,,30900.0,26000.0,40950.0,,32.8,28.2,40.0,937.5
이태원2동,용산구,행정동,37.53938436786288,126.99059452971639,단독다가구,매매,15,보통,법정동,125000.0,76200.0,257500.0,,,,,145.3,45.2,207.7,1213.335
이태원2동,용산구,행정동,37.53938436786288,126.99059452971639,아파트,매매,18,보통,해당지역,159000.0,66250.0,187500.0,,,,,59.9,51.3,84.8,1297.055
이태원2동,용산구,행정동,37.53938436786288,126.99059452971639,연립다세대,매매,29,보통,해당지역,49600.0,43500.0,62000.0,,,,,37.1,27.7,58.6,1427.802
이태원2동,용산구,행정동,37.53938436786288,126.99059452971639,오피스텔,매매,205,높음,자치구,42000.0,29100.0,78000.0,,,,,34.4,29.6,48.6,1185.266
이태원2동,용산구,행정동,37.53938436786288,126.99059452971639,단독다가구,월세,313,높음,법정동,,,,1000.0,,,90.0,44.3,33.0,60.5,
이태원2동,용산구,행정동,37.53938436786288,126.99059452971639,아파트,월세,34,높음,해당지역,,,,5000.0,,,190.0,59.9,59.9,84.7,
이태원2동,용산구,행정동,37.53938436786288,126.99059452971639,연립다세대,월세,100,높음,해당지역,,,,2000.0,,,132.0,61.6,29.8,99.4,
이태원2동,용산구,행정동,37.53938436786288,126.99059452971639,오피스텔,월세,634,높음,자치구,,,,3000.0,,,100.0,29.5,24.1,38.1,
이태원2동,용산구,행정동,37.53938436786288,126.99059452971639,단독다가구,전세,64,높음,법정동,,,,20000.0,14750.0,25000.0,,41.4,35.7,49.8,470.723
이태원2동,용산구,행정동,37.53938436786288,126.99059452971639,아파트,전세,35,높음,해당지역,,,,55000.0,25000.0,66500.0,,59.9,51.3,84.7,744.153
이태원2동,용산구,행정동,37.53938436786288,126.99059452971639,연립다세대,전세,77,높음,해당지역,,,,30450.0,26000.0,41000.0,,34.3,28.7,49.8,925.926
이태원2동,용산구,행정동,37.53938436786288,126.99059452971639,오피스텔,전세,481,높음,자치구,,,,30900.0,26000.0,40950.0,,32.8,28.2,40.0,937.5
청파동,용산구,행정동,37.54647657365015,126.96744952810344,단독다가구,매매,25,보통,해당지역,84600.0,59000.0,120000.0,,,,,37.7,21.1,136.5,1752.494
청파동,용산구,행정동,37.54647657365015,126.96744952810344,아파트,매매,682,높음,자치구,205000.0,145000.0,298375.0,,,,,84.9,59.9,114.9,2418.534
청파동,용산구,행정동,37.54647657365015,126.96744952810344,연립다세대,매매,136,높음,해당지역,76250.0,60000.0,91500.0,,,,,38.9,28.5,55.4,1945.581
청파동,용산구,행정동,37.54647657365015,126.96744952810344,오피스텔,매매,205,높음,자치구,42000.0,29100.0,78000.0,,,,,34.4,29.6,48.6,1185.266
청파동,용산구,행정동,37.54647657365015,126.96744952810344,단독다가구,월세,312,높음,해당지역,,,,1000.0,,,58.0,21.7,16.5,33.6,
청파동,용산구,행정동,37.54647657365015,126.96744952810344,아파트,월세,13,보통,해당지역,,,,10800.0,,,49.0,20.9,19.6,21.9,
청파동,용산구,행정동,37.54647657365015,126.96744952810344,연립다세대,월세,176,높음,해당지역,,,,5000.0,,,56.5,42.9,27.6,54.8,
청파동,용산구,행정동,37.54647657365015,126.96744952810344,오피스텔,월세,45,높음,해당지역,,,,17000.0,,,30.0,18.1,18.0,18.1,
청파동,용산구,행정동,37.54647657365015,126.96744952810344,단독다가구,전세,74,높음,해당지역,,,,14500.0,11000.0,18675.0,,33.1,22.0,55.7,421.849
청파동,용산구,행정동,37.54647657365015,126.96744952810344,아파트,전세,1447,높음,자치구,,,,72000.0,57750.0,97250.0,,84.8,59.9,104.7,963.905
청파동,용산구,행정동,37.54647657365015,126.96744952810344,연립다세대,전세,471,높음,해당지역,,,,26600.0,22000.0,30000.0,,29.6,25.9,42.9,901.503
청파동,용산구,행정동,37.54647657365015,126.96744952810344,오피스텔,전세,25,보통,해당지역,,,,23500.0,18450.0,26250.0,,19.5,18.1,25.8,1019.9
한강로동,용산구,행정동,37.52989051672816,126.96885790984027,단독다가구,매매,139,높음,자치구,169000.0,100500.0,375000.0,,,,,136.5,45.8,205.1,1824.374
한강로동,용산구,행정동,37.52989051672816,126.96885790984027,아파트,매매,112,높음,해당지역,342500.0,222250.0,381250.0,,,,,114.5,99.7,125.7,2815.751
한강로동,용산구,행정동,37.52989051672816,126.96885790984027,연립다세대,매매,19,보통,해당지역,37000.0,29000.0,67500.0,,,,,19.5,15.0,49.7,1804.605
한강로동,용산구,행정동,37.52989051672816,126.96885790984027,오피스텔,매매,120,높음,해당지역,52850.0,31300.0,81750.0,,,,,42.4,32.2,50.4,1335.032
한강로동,용산구,행정동,37.52989051672816,126.96885790984027,단독다가구,월세,24,보통,해당지역,,,,1000.0,,,60.0,43.3,29.6,67.3,
한강로동,용산구,행정동,37.52989051672816,126.96885790984027,아파트,월세,387,높음,해당지역,,,,16052.0,,,140.0,84.7,39.8,124.5,
한강로동,용산구,행정동,37.52989051672816,126.96885790984027,연립다세대,월세,15,보통,해당지역,,,,2000.0,,,71.0,26.9,21.2,44.1,
한강로동,용산구,행정동,37.52989051672816,126.96885790984027,오피스텔,월세,236,높음,해당지역,,,,3000.0,,,111.0,37.3,29.8,47.6,
한강로동,용산구,행정동,37.52989051672816,126.96885790984027,단독다가구,전세,18,보통,해당지역,,,,12060.0,5250.0,19725.0,,42.4,31.6,61.6,169.849
한강로동,용산구,행정동,37.52989051672816,126.96885790984027,아파트,전세,164,높음,해당지역,,,,150000.0,81875.0,187500.0,,114.5,85.0,130.8,1204.96
한강로동,용산구,행정동,37.52989051672816,126.96885790984027,연립다세대,전세,57,높음,해당지역,,,,21500.0,17000.0,25000.0,,27.0,17.9,40.3,889.123
한강로동,용산구,행정동,37.52989051672816,126.96885790984027,오피스텔,전세,179,높음,해당지역,,,,32400.0,26800.0,44650.0,,36.6,30.4,43.8,904.707
한남동,용산구,행정동,37.53449412763246,127.00617970419277,단독다가구,매매,139,높음,자치구,169000.0,100500.0,375000.0,,,,,136.5,45.8,205.1,1824.374
한남동,용산구,행정동,37.53449412763246,127.00617970419277,아파트,매매,92,높음,해당지역,112750.0,87625.0,169125.0,,,,,64.0,49.6,84.8,1920.975
한남동,용산구,행정동,37.53449412763246,127.00617970419277,연립다세대,매매,18,보통,해당지역,117500.0,91250.0,188000.0,,,,,76.0,69.6,127.4,1517.92
한남동,용산구,행정동,37.53449412763246,127.00617970419277,오피스텔,매매,205,높음,자치구,42000.0,29100.0,78000.0,,,,,34.4,29.6,48.6,1185.266
한남동,용산구,행정동,37.53449412763246,127.00617970419277,단독다가구,월세,66,높음,해당지역,,,,1500.0,,,75.0,38.6,25.0,53.4,
한남동,용산구,행정동,37.53449412763246,127.00617970419277,아파트,월세,137,높음,해당지역,,,,10000.0,,,300.0,66.0,49.7,127.2,
한남동,용산구,행정동,37.53449412763246,127.00617970419277,연립다세대,월세,96,높음,해당지역,,,,3000.0,,,280.0,76.4,54.8,145.1,
한남동,용산구,행정동,37.53449412763246,127.00617970419277,오피스텔,월세,634,높음,자치구,,,,3000.0,,,100.0,29.5,24.1,38.1,
한남동,용산구,행정동,37.53449412763246,127.00617970419277,단독다가구,전세,17,보통,해당지역,,,,17000.0,12000.0,25000.0,,51.8,35.0,58.1,438.596
한남동,용산구,행정동,37.53449412763246,127.00617970419277,아파트,전세,99,높음,해당지역,,,,76000.0,61975.0,194500.0,,66.8,59.5,160.4,1167.744
한남동,용산구,행정동,37.53449412763246,127.00617970419277,연립다세대,전세,47,높음,해당지역,,,,45000.0,36000.0,130000.0,,63.6,35.5,111.8,940.394
한남동,용산구,행정동,37.53449412763246,127.00617970419277,오피스텔,전세,481,높음,자치구,,,,30900.0,26000.0,40950.0,,32.8,28.2,40.0,937.5
효창동,용산구,행정동,37.54198793753997,126.96171455686151,단독다가구,매매,139,높음,자치구,169000.0,100500.0,375000.0,,,,,136.5,45.8,205.1,1824.374
효창동,용산구,행정동,37.54198793753997,126.96171455686151,아파트,매매,39,높음,해당지역,170000.0,144000.0,205000.0,,,,,84.4,59.8,84.9,2522.202
효창동,용산구,행정동,37.54198793753997,126.96171455686151,연립다세대,매매,60,높음,해당지역,66500.0,58750.0,90000.0,,,,,34.5,28.9,55.6,1917.137
효창동,용산구,행정동,37.54198793753997,126.96171455686151,오피스텔,매매,205,높음,자치구,42000.0,29100.0,78000.0,,,,,34.4,29.6,48.6,1185.266
효창동,용산구,행정동,37.54198793753997,126.96171455686151,단독다가구,월세,46,높음,해당지역,,,,3000.0,,,65.0,40.0,32.3,58.9,
효창동,용산구,행정동,37.54198793753997,126.96171455686151,아파트,월세,96,높음,해당지역,,,,20000.0,,,130.0,59.8,56.0,84.4,
효창동,용산구,행정동,37.54198793753997,126.96171455686151,연립다세대,월세,73,높음,해당지역,,,,3000.0,,,60.0,29.3,24.2,46.8,
효창동,용산구,행정동,37.54198793753997,126.96171455686151,오피스텔,월세,634,높음,자치구,,,,3000.0,,,100.0,29.5,24.1,38.1,
효창동,용산구,행정동,37.54198793753997,126.96171455686151,단독다가구,전세,12,보통,해당지역,,,,17000.0,10875.0,31125.0,,56.6,22.6,97.6,419.655
효창동,용산구,행정동,37.54198793753997,126.96171455686151,아파트,전세,107,높음,해당지역,,,,84000.0,73500.0,92200.0,,73.1,59.8,84.9,1184.133
효창동,용산구,행정동,37.54198793753997,126.96171455686151,연립다세대,전세,230,높음,해당지역,,,,28000.0,24237.5,32375.0,,29.4,26.1,48.1,853.574
효창동,용산구,행정동,37.54198793753997,126.96171455686151,오피스텔,전세,481,높음,자치구,,,,30900.0,26000.0,40950.0,,32.8,28.2,40.0,937.5
후암동,용산구,행정동,37.54943724383777,126.9792603830537,단독다가구,매매,23,보통,해당지역,145000.0,101500.0,182500.0,,,,,82.7,51.1,170.4,1449.525
후암동,용산구,행정동,37.54943724383777,126.9792603830537,아파트,매매,14,보통,해당지역,104500.0,99625.0,127750.0,,,,,63.6,62.3,77.5,1595.276
후암동,용산구,행정동,37.54943724383777,126.9792603830537,연립다세대,매매,70,높음,해당지역,80000.0,61625.0,96500.0,,,,,43.7,29.3,60.8,1956.639
후암동,용산구,행정동,37.54943724383777,126.9792603830537,오피스텔,매매,205,높음,자치구,42000.0,29100.0,78000.0,,,,,34.4,29.6,48.6,1185.266
후암동,용산구,행정동,37.54943724383777,126.9792603830537,단독다가구,월세,167,높음,해당지역,,,,1000.0,,,58.0,36.5,24.0,48.6,
후암동,용산구,행정동,37.54943724383777,126.9792603830537,아파트,월세,15,보통,해당지역,,,,10000.0,,,84.0,64.9,63.0,72.8,
후암동,용산구,행정동,37.54943724383777,126.9792603830537,연립다세대,월세,144,높음,해당지역,,,,5000.0,,,78.5,47.7,29.7,65.7,
후암동,용산구,행정동,37.54943724383777,126.9792603830537,오피스텔,월세,634,높음,자치구,,,,3000.0,,,100.0,29.5,24.1,38.1,
후암동,용산구,행정동,37.54943724383777,126.9792603830537,단독다가구,전세,76,높음,해당지역,,,,18250.0,13000.0,25625.0,,48.9,34.9,68.2,411.255
후암동,용산구,행정동,37.54943724383777,126.9792603830537,아파트,전세,14,보통,해당지역,,,,33000.0,29625.0,43100.0,,63.1,62.4,82.6,521.153
후암동,용산구,행정동,37.54943724383777,126.9792603830537,연립다세대,전세,238,높음,해당지역,,,,26200.0,22000.0,31000.0,,32.5,29.1,57.4,654.126
후암동,용산구,행정동,37.54943724383777,126.9792603830537,오피스텔,전세,481,높음,자치구,,,,30900.0,26000.0,40950.0,,32.8,28.2,40.0,937.5
갈현1동,은평구,행정동,37.624462021407446,126.91684634994431,단독다가구,매매,44,높음,자치구,94378.5,73500.0,124700.0,,,,,168.8,112.6,230.5,525.656
갈현1동,은평구,행정동,37.624462021407446,126.91684634994431,아파트,매매,43,높음,해당지역,60500.0,53700.0,68800.0,,,,,59.2,47.7,84.9,889.451
갈현1동,은평구,행정동,37.624462021407446,126.91684634994431,연립다세대,매매,100,높음,해당지역,26250.0,22375.0,33237.5,,,,,43.0,30.0,52.2,664.852
갈현1동,은평구,행정동,37.624462021407446,126.91684634994431,오피스텔,매매,184,높음,자치구,14450.0,12300.0,26550.0,,,,,26.0,21.9,31.2,589.491
갈현1동,은평구,행정동,37.624462021407446,126.91684634994431,단독다가구,월세,279,높음,법정동,,,,2000.0,,,50.0,39.8,23.0,55.4,
갈현1동,은평구,행정동,37.624462021407446,126.91684634994431,아파트,월세,25,보통,해당지역,,,,10000.0,,,50.0,16.8,16.8,17.1,
갈현1동,은평구,행정동,37.624462021407446,126.91684634994431,연립다세대,월세,112,높음,해당지역,,,,7800.0,,,40.0,36.9,29.0,48.7,
갈현1동,은평구,행정동,37.624462021407446,126.91684634994431,오피스텔,월세,1452,높음,자치구,,,,1000.0,,,60.0,22.7,19.1,26.2,
갈현1동,은평구,행정동,37.624462021407446,126.91684634994431,단독다가구,전세,65,높음,법정동,,,,10500.0,8000.0,15000.0,,40.0,31.4,66.2,262.5
갈현1동,은평구,행정동,37.624462021407446,126.91684634994431,아파트,전세,21,보통,해당지역,,,,24100.0,20750.0,30000.0,,59.2,25.1,60.0,567.089
갈현1동,은평구,행정동,37.624462021407446,126.91684634994431,연립다세대,전세,70,높음,해당지역,,,,18000.0,13000.0,20957.5,,43.3,29.9,58.3,366.386
갈현1동,은평구,행정동,37.624462021407446,126.91684634994431,오피스텔,전세,353,높음,자치구,,,,18690.0,14438.0,24000.0,,24.9,18.8,44.9,658.117
갈현2동,은평구,행정동,37.61681099235501,126.91461092685243,단독다가구,매매,44,높음,자치구,94378.5,73500.0,124700.0,,,,,168.8,112.6,230.5,525.656
갈현2동,은평구,행정동,37.61681099235501,126.91461092685243,아파트,매매,27,보통,해당지역,56000.0,45750.0,62700.0,,,,,79.1,59.6,85.0,725.726
갈현2동,은평구,행정동,37.61681099235501,126.91461092685243,연립다세대,매매,212,높음,해당지역,26000.0,19500.0,32275.0,,,,,45.2,36.0,59.7,532.175
갈현2동,은평구,행정동,37.61681099235501,126.91461092685243,오피스텔,매매,184,높음,자치구,14450.0,12300.0,26550.0,,,,,26.0,21.9,31.2,589.491
갈현2동,은평구,행정동,37.61681099235501,126.91461092685243,단독다가구,월세,279,높음,법정동,,,,2000.0,,,50.0,39.8,23.0,55.4,
갈현2동,은평구,행정동,37.61681099235501,126.91461092685243,아파트,월세,88,높음,해당지역,,,,7800.0,,,39.0,19.2,17.9,19.9,
갈현2동,은평구,행정동,37.61681099235501,126.91461092685243,연립다세대,월세,220,높음,해당지역,,,,6000.0,,,40.0,37.3,29.7,50.2,
갈현2동,은평구,행정동,37.61681099235501,126.91461092685243,오피스텔,월세,1452,높음,자치구,,,,1000.0,,,60.0,22.7,19.1,26.2,
갈현2동,은평구,행정동,37.61681099235501,126.91461092685243,단독다가구,전세,65,높음,법정동,,,,10500.0,8000.0,15000.0,,40.0,31.4,66.2,262.5
갈현2동,은평구,행정동,37.61681099235501,126.91461092685243,아파트,전세,43,높음,해당지역,,,,46000.0,41000.0,54200.0,,56.7,56.7,59.6,801.776
갈현2동,은평구,행정동,37.61681099235501,126.91461092685243,연립다세대,전세,117,높음,해당지역,,,,19500.0,15000.0,23600.0,,42.6,29.9,56.1,445.493
갈현2동,은평구,행정동,37.61681099235501,126.91461092685243,오피스텔,전세,353,높음,자치구,,,,18690.0,14438.0,24000.0,,24.9,18.8,44.9,658.117
구산동,은평구,행정동,37.61058742528303,126.91056461593098,단독다가구,매매,44,높음,자치구,94378.5,73500.0,124700.0,,,,,168.8,112.6,230.5,525.656
구산동,은평구,행정동,37.61058742528303,126.91056461593098,아파트,매매,70,높음,해당지역,59450.0,47725.0,65000.0,,,,,84.7,84.1,85.0,728.85
구산동,은평구,행정동,37.61058742528303,126.91056461593098,연립다세대,매매,173,높음,해당지역,22500.0,17500.0,29500.0,,,,,45.1,30.7,57.5,495.805
구산동,은평구,행정동,37.61058742528303,126.91056461593098,오피스텔,매매,184,높음,자치구,14450.0,12300.0,26550.0,,,,,26.0,21.9,31.2,589.491
구산동,은평구,행정동,37.61058742528303,126.91056461593098,단독다가구,월세,84,높음,해당지역,,,,2000.0,,,50.0,39.5,30.8,50.3,
구산동,은평구,행정동,37.61058742528303,126.91056461593098,아파트,월세,103,높음,해당지역,,,,5300.0,,,39.0,29.6,17.6,34.0,
구산동,은평구,행정동,37.61058742528303,126.91056461593098,연립다세대,월세,168,높음,해당지역,,,,3000.0,,,39.5,35.5,28.7,48.1,
구산동,은평구,행정동,37.61058742528303,126.91056461593098,오피스텔,월세,1452,높음,자치구,,,,1000.0,,,60.0,22.7,19.1,26.2,
구산동,은평구,행정동,37.61058742528303,126.91056461593098,단독다가구,전세,19,보통,해당지역,,,,13000.0,8500.0,17500.0,,48.0,35.0,64.5,302.245
구산동,은평구,행정동,37.61058742528303,126.91056461593098,아파트,전세,30,높음,해당지역,,,,42000.0,35625.0,45000.0,,84.7,84.6,85.0,510.686
구산동,은평구,행정동,37.61058742528303,126.91056461593098,연립다세대,전세,64,높음,해당지역,,,,19500.0,14770.0,23125.0,,50.3,38.0,59.8,371.038
구산동,은평구,행정동,37.61058742528303,126.91056461593098,오피스텔,전세,353,높음,자치구,,,,18690.0,14438.0,24000.0,,24.9,18.8,44.9,658.117
녹번동,은평구,행정동,37.60450474513858,126.93119934487096,단독다가구,매매,44,높음,자치구,94378.5,73500.0,124700.0,,,,,168.8,112.6,230.5,525.656
녹번동,은평구,행정동,37.60450474513858,126.93119934487096,아파트,매매,182,높음,해당지역,113750.0,76625.0,125000.0,,,,,84.9,60.0,85.0,1358.983
녹번동,은평구,행정동,37.60450474513858,126.93119934487096,연립다세대,매매,165,높음,해당지역,33000.0,27000.0,40000.0,,,,,41.6,30.3,53.8,776.336
녹번동,은평구,행정동,37.60450474513858,126.93119934487096,오피스텔,매매,184,높음,자치구,14450.0,12300.0,26550.0,,,,,26.0,21.9,31.2,589.491
녹번동,은평구,행정동,37.60450474513858,126.93119934487096,단독다가구,월세,201,높음,해당지역,,,,1000.0,,,50.0,38.8,30.0,48.1,
녹번동,은평구,행정동,37.60450474513858,126.93119934487096,아파트,월세,117,높음,해당지역,,,,17760.0,,,64.0,59.9,42.3,84.9,
녹번동,은평구,행정동,37.60450474513858,126.93119934487096,연립다세대,월세,237,높음,해당지역,,,,4000.0,,,50.0,36.7,29.4,51.6,
녹번동,은평구,행정동,37.60450474513858,126.93119934487096,오피스텔,월세,115,높음,해당지역,,,,1000.0,,,58.0,20.5,20.5,27.6,
녹번동,은평구,행정동,37.60450474513858,126.93119934487096,단독다가구,전세,40,높음,해당지역,,,,14750.0,8000.0,20000.0,,49.3,33.8,65.9,247.666
녹번동,은평구,행정동,37.60450474513858,126.93119934487096,아파트,전세,175,높음,해당지역,,,,61000.0,48307.5,68650.0,,84.9,59.9,85.0,802.835
녹번동,은평구,행정동,37.60450474513858,126.93119934487096,연립다세대,전세,220,높음,해당지역,,,,21000.0,16000.0,24025.0,,39.6,29.6,51.1,500.157
녹번동,은평구,행정동,37.60450474513858,126.93119934487096,오피스텔,전세,29,보통,해당지역,,,,20000.0,17300.0,23300.0,,22.7,18.7,44.9,811.359
대조동,은평구,행정동,37.613132061503144,126.92402319057042,단독다가구,매매,44,높음,자치구,94378.5,73500.0,124700.0,,,,,168.8,112.6,230.5,525.656
대조동,은평구,행정동,37.613132061503144,126.92402319057042,아파트,매매,115,높음,해당지역,26000.0,12500.0,49000.0,,,,,24.4,14.9,48.8,978.97
대조동,은평구,행정동,37.613132061503144,126.92402319057042,연립다세대,매매,180,높음,해당지역,32000.0,25500.0,39000.0,,,,,43.0,34.0,52.5,756.907
대조동,은평구,행정동,37.613132061503144,126.92402319057042,오피스텔,매매,184,높음,자치구,14450.0,12300.0,26550.0,,,,,26.0,21.9,31.2,589.491
대조동,은평구,행정동,37.613132061503144,126.92402319057042,단독다가구,월세,219,높음,해당지역,,,,1000.0,,,45.0,36.2,29.5,46.0,
대조동,은평구,행정동,37.613132061503144,126.92402319057042,아파트,월세,378,높음,해당지역,,,,8050.0,,,29.0,22.0,14.7,36.2,
대조동,은평구,행정동,37.613132061503144,126.92402319057042,연립다세대,월세,208,높음,해당지역,,,,9650.0,,,34.0,37.7,29.1,47.7,
대조동,은평구,행정동,37.613132061503144,126.92402319057042,오피스텔,월세,169,높음,해당지역,,,,1000.0,,,57.0,17.4,17.1,21.8,
대조동,은평구,행정동,37.613132061503144,126.92402319057042,단독다가구,전세,31,높음,해당지역,,,,12000.0,9000.0,13250.0,,45.0,38.5,60.5,256.59
대조동,은평구,행정동,37.613132061503144,126.92402319057042,아파트,전세,79,높음,해당지역,,,,15000.0,9650.0,30100.0,,16.6,14.0,40.8,690.236
대조동,은평구,행정동,37.613132061503144,126.92402319057042,연립다세대,전세,170,높음,해당지역,,,,20850.0,16150.0,24112.5,,42.9,30.0,54.0,426.345
대조동,은평구,행정동,37.613132061503144,126.92402319057042,오피스텔,전세,58,높음,해당지역,,,,14700.0,13625.0,19750.0,,17.1,17.1,25.5,802.217
불광1동,은평구,행정동,37.61630479968877,126.92915844838939,단독다가구,매매,44,높음,자치구,94378.5,73500.0,124700.0,,,,,168.8,112.6,230.5,525.656
불광1동,은평구,행정동,37.61630479968877,126.92915844838939,아파트,매매,270,높음,해당지역,94000.0,84500.0,104000.0,,,,,84.4,60.0,85.0,1229.45
불광1동,은평구,행정동,37.61630479968877,126.92915844838939,연립다세대,매매,134,높음,해당지역,43000.0,34250.0,51650.0,,,,,45.7,36.3,56.8,887.321
불광1동,은평구,행정동,37.61630479968877,126.92915844838939,오피스텔,매매,11,보통,해당지역,28000.0,22850.0,35500.0,,,,,33.6,28.1,51.8,685.064
불광1동,은평구,행정동,37.61630479968877,126.92915844838939,단독다가구,월세,381,높음,법정동,,,,1000.0,,,45.0,38.1,30.0,47.5,
불광1동,은평구,행정동,37.61630479968877,126.92915844838939,아파트,월세,266,높음,해당지역,,,,7382.0,,,47.0,35.6,17.1,60.0,
불광1동,은평구,행정동,37.61630479968877,126.92915844838939,연립다세대,월세,156,높음,해당지역,,,,3000.0,,,41.0,32.1,26.1,44.0,
불광1동,은평구,행정동,37.61630479968877,126.92915844838939,오피스텔,월세,36,높음,해당지역,,,,3000.0,,,52.0,27.3,21.6,37.4,
불광1동,은평구,행정동,37.61630479968877,126.92915844838939,단독다가구,전세,97,높음,법정동,,,,12000.0,8000.0,16000.0,,44.2,35.3,63.3,251.467
불광1동,은평구,행정동,37.61630479968877,126.92915844838939,아파트,전세,210,높음,해당지역,,,,50000.0,40000.0,57750.0,,84.6,60.0,85.0,648.534
불광1동,은평구,행정동,37.61630479968877,126.92915844838939,연립다세대,전세,165,높음,해당지역,,,,19500.0,14000.0,24000.0,,43.1,29.9,54.0,415.692
불광1동,은평구,행정동,37.61630479968877,126.92915844838939,오피스텔,전세,27,보통,해당지역,,,,21000.0,17500.0,26700.0,,36.5,28.2,48.5,619.452
불광2동,은평구,행정동,37.623623790136286,126.92486576810605,단독다가구,매매,44,높음,자치구,94378.5,73500.0,124700.0,,,,,168.8,112.6,230.5,525.656
불광2동,은평구,행정동,37.623623790136286,126.92486576810605,아파트,매매,27,보통,해당지역,60000.0,35900.0,70000.0,,,,,59.8,36.0,84.7,1005.193
불광2동,은평구,행정동,37.623623790136286,126.92486576810605,연립다세대,매매,178,높음,해당지역,28250.0,23000.0,35000.0,,,,,40.8,29.9,50.0,686.709
불광2동,은평구,행정동,37.623623790136286,126.92486576810605,오피스텔,매매,14,보통,법정동,27600.0,23200.0,33875.0,,,,,32.5,29.2,50.5,711.232
불광2동,은평구,행정동,37.623623790136286,126.92486576810605,단독다가구,월세,381,높음,법정동,,,,1000.0,,,45.0,38.1,30.0,47.5,
불광2동,은평구,행정동,37.623623790136286,126.92486576810605,아파트,월세,19,보통,해당지역,,,,10650.0,,,42.0,24.2,21.3,44.3,
불광2동,은평구,행정동,37.623623790136286,126.92486576810605,연립다세대,월세,171,높음,해당지역,,,,7000.0,,,31.0,37.6,29.6,47.7,
불광2동,은평구,행정동,37.623623790136286,126.92486576810605,오피스텔,월세,40,높음,법정동,,,,3000.0,,,51.0,23.8,20.6,32.7,
불광2동,은평구,행정동,37.623623790136286,126.92486576810605,단독다가구,전세,97,높음,법정동,,,,12000.0,8000.0,16000.0,,44.2,35.3,63.3,251.467
불광2동,은평구,행정동,37.623623790136286,126.92486576810605,아파트,전세,18,보통,해당지역,,,,34550.0,25950.0,39000.0,,59.8,33.2,76.7,593.663
불광2동,은평구,행정동,37.623623790136286,126.92486576810605,연립다세대,전세,211,높음,해당지역,,,,19000.0,14995.0,24000.0,,41.3,30.9,51.8,442.708
불광2동,은평구,행정동,37.623623790136286,126.92486576810605,오피스텔,전세,34,높음,법정동,,,,19950.0,18050.0,25817.5,,29.4,20.1,42.0,654.291
수색동,은평구,행정동,37.58443044877579,126.89538771610907,단독다가구,매매,44,높음,자치구,94378.5,73500.0,124700.0,,,,,168.8,112.6,230.5,525.656
수색동,은평구,행정동,37.58443044877579,126.89538771610907,아파트,매매,240,높음,해당지역,115500.0,84650.0,130000.0,,,,,74.9,60.0,85.0,1590.597
수색동,은평구,행정동,37.58443044877579,126.89538771610907,연립다세대,매매,1883,높음,자치구,28500.0,22000.0,36000.0,,,,,44.0,33.6,55.9,650.503
수색동,은평구,행정동,37.58443044877579,126.89538771610907,오피스텔,매매,184,높음,자치구,14450.0,12300.0,26550.0,,,,,26.0,21.9,31.2,589.491
수색동,은평구,행정동,37.58443044877579,126.89538771610907,단독다가구,월세,19,보통,해당지역,,,,1000.0,,,65.0,47.0,32.4,101.8,
수색동,은평구,행정동,37.58443044877579,126.89538771610907,아파트,월세,208,높음,해당지역,,,,10000.0,,,110.0,60.0,49.5,84.9,
수색동,은평구,행정동,37.58443044877579,126.89538771610907,연립다세대,월세,22,보통,해당지역,,,,3500.0,,,51.0,29.9,19.3,37.8,
수색동,은평구,행정동,37.58443044877579,126.89538771610907,오피스텔,월세,1452,높음,자치구,,,,1000.0,,,60.0,22.7,19.1,26.2,
수색동,은평구,행정동,37.58443044877579,126.89538771610907,단독다가구,전세,459,높음,자치구,,,,12000.0,8000.0,16000.0,,43.5,34.0,61.9,252.525
수색동,은평구,행정동,37.58443044877579,126.89538771610907,아파트,전세,245,높음,해당지역,,,,65000.0,50000.0,73500.0,,78.3,60.0,85.0,868.779
수색동,은평구,행정동,37.58443044877579,126.89538771610907,연립다세대,전세,34,높음,해당지역,,,,21000.0,15500.0,23000.0,,28.5,25.2,38.5,620.717
수색동,은평구,행정동,37.58443044877579,126.89538771610907,오피스텔,전세,353,높음,자치구,,,,18690.0,14438.0,24000.0,,24.9,18.8,44.9,658.117
신사1동,은평구,행정동,37.598373706564715,126.91023364687977,단독다가구,매매,44,높음,자치구,94378.5,73500.0,124700.0,,,,,168.8,112.6,230.5,525.656
신사1동,은평구,행정동,37.598373706564715,126.91023364687977,아파트,매매,104,높음,해당지역,63200.0,50000.0,76500.0,,,,,83.0,60.0,84.8,792.842
신사1동,은평구,행정동,37.598373706564715,126.91023364687977,연립다세대,매매,121,높음,해당지역,24400.0,19900.0,30500.0,,,,,45.7,36.9,57.9,534.135
신사1동,은평구,행정동,37.598373706564715,126.91023364687977,오피스텔,매매,184,높음,자치구,14450.0,12300.0,26550.0,,,,,26.0,21.9,31.2,589.491
신사1동,은평구,행정동,37.598373706564715,126.91023364687977,단독다가구,월세,212,높음,법정동,,,,1000.0,,,45.0,33.4,20.0,43.9,
신사1동,은평구,행정동,37.598373706564715,126.91023364687977,아파트,월세,50,높음,해당지역,,,,10000.0,,,110.0,71.5,50.0,83.8,
신사1동,은평구,행정동,37.598373706564715,126.91023364687977,연립다세대,월세,147,높음,해당지역,,,,5000.0,,,35.0,43.5,29.9,55.1,
신사1동,은평구,행정동,37.598373706564715,126.91023364687977,오피스텔,월세,41,높음,해당지역,,,,3000.0,,,60.0,20.3,18.6,25.9,
신사1동,은평구,행정동,37.598373706564715,126.91023364687977,단독다가구,전세,41,높음,법정동,,,,10000.0,7000.0,15000.0,,44.0,38.5,55.4,241.896
신사1동,은평구,행정동,37.598373706564715,126.91023364687977,아파트,전세,119,높음,해당지역,,,,42000.0,35000.0,49000.0,,59.9,50.0,84.6,609.045
신사1동,은평구,행정동,37.598373706564715,126.91023364687977,연립다세대,전세,82,높음,해당지역,,,,18850.0,14250.0,22140.0,,50.0,36.4,58.7,359.078
신사1동,은평구,행정동,37.598373706564715,126.91023364687977,오피스텔,전세,22,보통,해당지역,,,,19445.0,13875.0,33800.0,,36.4,29.0,70.6,492.009
신사2동,은평구,행정동,37.59254161652368,126.90788237907367,단독다가구,매매,44,높음,자치구,94378.5,73500.0,124700.0,,,,,168.8,112.6,230.5,525.656
신사2동,은평구,행정동,37.59254161652368,126.90788237907367,아파트,매매,83,높음,해당지역,59300.0,54000.0,62650.0,,,,,83.3,63.5,84.2,753.573
신사2동,은평구,행정동,37.59254161652368,126.90788237907367,연립다세대,매매,79,높음,해당지역,29500.0,20250.0,36450.0,,,,,48.6,34.9,58.3,625.823
신사2동,은평구,행정동,37.59254161652368,126.90788237907367,오피스텔,매매,184,높음,자치구,14450.0,12300.0,26550.0,,,,,26.0,21.9,31.2,589.491
신사2동,은평구,행정동,37.59254161652368,126.90788237907367,단독다가구,월세,212,높음,법정동,,,,1000.0,,,45.0,33.4,20.0,43.9,
신사2동,은평구,행정동,37.59254161652368,126.90788237907367,아파트,월세,40,높음,해당지역,,,,16500.0,,,110.0,71.8,63.5,85.0,
신사2동,은평구,행정동,37.59254161652368,126.90788237907367,연립다세대,월세,92,높음,해당지역,,,,2864.0,,,50.0,35.6,29.3,51.2,
신사2동,은평구,행정동,37.59254161652368,126.90788237907367,오피스텔,월세,14,보통,해당지역,,,,1250.0,,,90.0,17.7,17.2,33.2,
신사2동,은평구,행정동,37.59254161652368,126.90788237907367,단독다가구,전세,41,높음,법정동,,,,10000.0,7000.0,15000.0,,44.0,38.5,55.4,241.896
신사2동,은평구,행정동,37.59254161652368,126.90788237907367,아파트,전세,99,높음,해당지역,,,,36750.0,31000.0,50000.0,,83.3,63.5,84.9,503.699
신사2동,은평구,행정동,37.59254161652368,126.90788237907367,연립다세대,전세,62,높음,해당지역,,,,17675.0,11250.0,23750.0,,40.8,36.1,55.0,382.997
신사2동,은평구,행정동,37.59254161652368,126.90788237907367,오피스텔,전세,25,보통,법정동,,,,17900.0,15000.0,33500.0,,33.2,29.4,70.6,510.031
역촌동,은평구,행정동,37.604529845980124,126.9161445851277,단독다가구,매매,44,높음,자치구,94378.5,73500.0,124700.0,,,,,168.8,112.6,230.5,525.656
역촌동,은평구,행정동,37.604529845980124,126.9161445851277,아파트,매매,46,높음,해당지역,59250.0,49000.0,76925.0,,,,,83.8,62.1,84.9,801.132
역촌동,은평구,행정동,37.604529845980124,126.9161445851277,연립다세대,매매,282,높음,해당지역,26325.0,20000.0,33000.0,,,,,44.5,34.5,54.1,588.353
역촌동,은평구,행정동,37.604529845980124,126.9161445851277,오피스텔,매매,12,보통,해당지역,21500.0,13492.5,25750.0,,,,,46.2,38.8,59.4,397.79
역촌동,은평구,행정동,37.604529845980124,126.9161445851277,단독다가구,월세,272,높음,해당지역,,,,1000.0,,,50.0,36.9,26.2,42.3,
역촌동,은평구,행정동,37.604529845980124,126.9161445851277,아파트,월세,25,보통,해당지역,,,,11000.0,,,61.0,60.0,52.3,83.2,
역촌동,은평구,행정동,37.604529845980124,126.9161445851277,연립다세대,월세,305,높음,해당지역,,,,5000.0,,,40.0,41.4,29.9,55.3,
역촌동,은평구,행정동,37.604529845980124,126.9161445851277,오피스텔,월세,25,보통,해당지역,,,,1000.0,,,60.0,23.5,16.5,34.0,
역촌동,은평구,행정동,37.604529845980124,126.9161445851277,단독다가구,전세,48,높음,해당지역,,,,12500.0,7950.0,16000.0,,40.0,26.9,60.9,301.515
역촌동,은평구,행정동,37.604529845980124,126.9161445851277,아파트,전세,42,높음,해당지역,,,,44500.0,41000.0,51087.5,,82.4,57.4,85.0,623.742
역촌동,은평구,행정동,37.604529845980124,126.9161445851277,연립다세대,전세,163,높음,해당지역,,,,19600.0,16000.0,23450.0,,44.6,29.9,57.8,415.617
역촌동,은평구,행정동,37.604529845980124,126.9161445851277,오피스텔,전세,39,높음,해당지역,,,,21000.0,19750.0,23500.0,,29.0,20.8,44.1,784.379
응암1동,은평구,행정동,37.599272847320016,126.92591430174562,단독다가구,매매,44,높음,자치구,94378.5,73500.0,124700.0,,,,,168.8,112.6,230.5,525.656
응암1동,은평구,행정동,37.599272847320016,126.92591430174562,아파트,매매,187,높음,해당지역,95000.0,58200.0,132000.0,,,,,60.0,59.7,84.9,1350.225
응암1동,은평구,행정동,37.599272847320016,126.92591430174562,연립다세대,매매,82,높음,해당지역,29600.0,22100.0,34725.0,,,,,45.7,36.0,57.9,583.681
응암1동,은평구,행정동,37.599272847320016,126.92591430174562,오피스텔,매매,17,보통,해당지역,13100.0,12300.0,18500.0,,,,,27.4,24.8,41.1,499.195
응암1동,은평구,행정동,37.599272847320016,126.92591430174562,단독다가구,월세,427,높음,법정동,,,,1000.0,,,47.0,35.0,27.1,45.0,
응암1동,은평구,행정동,37.599272847320016,126.92591430174562,아파트,월세,196,높음,해당지역,,,,13088.0,,,94.0,59.9,40.0,60.0,
응암1동,은평구,행정동,37.599272847320016,126.92591430174562,연립다세대,월세,119,높음,해당지역,,,,5500.0,,,40.0,36.0,26.4,47.3,
응암1동,은평구,행정동,37.599272847320016,126.92591430174562,오피스텔,월세,223,높음,해당지역,,,,1000.0,,,55.0,23.9,20.1,31.3,
응암1동,은평구,행정동,37.599272847320016,126.92591430174562,단독다가구,전세,100,높음,법정동,,,,10995.0,8000.0,15000.0,,42.4,35.3,60.1,241.394
응암1동,은평구,행정동,37.599272847320016,126.92591430174562,아파트,전세,283,높음,해당지역,,,,60900.0,51000.0,68600.0,,60.0,60.0,84.9,941.398
응암1동,은평구,행정동,37.599272847320016,126.92591430174562,연립다세대,전세,67,높음,해당지역,,,,20500.0,16750.0,24000.0,,41.4,30.8,55.4,427.35
응암1동,은평구,행정동,37.599272847320016,126.92591430174562,오피스텔,전세,65,높음,해당지역,,,,18200.0,17800.0,23000.0,,18.8,18.8,39.6,930.356
응암2동,은평구,행정동,37.59279954509625,126.92228544054439,단독다가구,매매,44,높음,자치구,94378.5,73500.0,124700.0,,,,,168.8,112.6,230.5,525.656
응암2동,은평구,행정동,37.59279954509625,126.92228544054439,아파트,매매,317,높음,해당지역,90500.0,83500.0,100000.0,,,,,84.3,59.9,84.9,1288.213
응암2동,은평구,행정동,37.59279954509625,126.92228544054439,연립다세대,매매,32,높음,해당지역,22200.0,17750.0,27775.0,,,,,41.1,29.8,49.4,579.147
응암2동,은평구,행정동,37.59279954509625,126.92228544054439,오피스텔,매매,55,높음,법정동,24908.0,18800.0,27690.0,,,,,28.0,26.0,30.5,877.159
응암2동,은평구,행정동,37.59279954509625,126.92228544054439,단독다가구,월세,427,높음,법정동,,,,1000.0,,,47.0,35.0,27.1,45.0,
응암2동,은평구,행정동,37.59279954509625,126.92228544054439,아파트,월세,202,높음,해당지역,,,,15000.0,,,80.0,59.9,43.1,84.4,
응암2동,은평구,행정동,37.59279954509625,126.92228544054439,연립다세대,월세,51,높음,해당지역,,,,5000.0,,,50.0,33.2,29.0,42.6,
응암2동,은평구,행정동,37.59279954509625,126.92228544054439,오피스텔,월세,321,높음,법정동,,,,2000.0,,,55.0,24.5,19.9,34.5,
응암2동,은평구,행정동,37.59279954509625,126.92228544054439,단독다가구,전세,100,높음,법정동,,,,10995.0,8000.0,15000.0,,42.4,35.3,60.1,241.394
응암2동,은평구,행정동,37.59279954509625,126.92228544054439,아파트,전세,306,높음,해당지역,,,,54250.0,48300.0,59000.0,,60.0,59.9,84.7,752.869
응암2동,은평구,행정동,37.59279954509625,126.92228544054439,연립다세대,전세,13,보통,해당지역,,,,18700.0,16000.0,23000.0,,45.2,31.4,60.1,369.887
응암2동,은평구,행정동,37.59279954509625,126.92228544054439,오피스텔,전세,117,높음,법정동,,,,18200.0,14500.0,23000.0,,21.9,18.8,40.7,638.664
응암3동,은평구,행정동,37.58995034007577,126.9172989409388,단독다가구,매매,44,높음,자치구,94378.5,73500.0,124700.0,,,,,168.8,112.6,230.5,525.656
응암3동,은평구,행정동,37.58995034007577,126.9172989409388,아파트,매매,39,높음,해당지역,48000.0,44500.0,54150.0,,,,,59.4,51.3,70.9,777.202
응암3동,은평구,행정동,37.58995034007577,126.9172989409388,연립다세대,매매,90,높음,해당지역,29000.0,22925.0,35000.0,,,,,44.7,30.0,54.4,618.209
응암3동,은평구,행정동,37.58995034007577,126.9172989409388,오피스텔,매매,38,높음,해당지역,25376.0,23275.0,28080.0,,,,,28.9,26.7,29.8,893.289
응암3동,은평구,행정동,37.58995034007577,126.9172989409388,단독다가구,월세,427,높음,법정동,,,,1000.0,,,47.0,35.0,27.1,45.0,
응암3동,은평구,행정동,37.58995034007577,126.9172989409388,아파트,월세,405,높음,법정동,,,,13656.0,,,85.0,59.9,40.7,74.9,
응암3동,은평구,행정동,37.58995034007577,126.9172989409388,연립다세대,월세,170,높음,해당지역,,,,3000.0,,,38.5,34.5,27.7,45.6,
응암3동,은평구,행정동,37.58995034007577,126.9172989409388,오피스텔,월세,89,높음,해당지역,,,,2000.0,,,40.0,28.0,18.0,37.4,
응암3동,은평구,행정동,37.58995034007577,126.9172989409388,단독다가구,전세,100,높음,법정동,,,,10995.0,8000.0,15000.0,,42.4,35.3,60.1,241.394
응암3동,은평구,행정동,37.58995034007577,126.9172989409388,아파트,전세,20,보통,해당지역,,,,33250.0,29750.0,36725.0,,64.6,59.4,75.9,513.904
응암3동,은평구,행정동,37.58995034007577,126.9172989409388,연립다세대,전세,99,높음,해당지역,,,,17000.0,10000.0,23250.0,,34.3,29.4,46.9,418.934
응암3동,은평구,행정동,37.58995034007577,126.9172989409388,오피스텔,전세,44,높음,해당지역,,,,17250.0,10750.0,24950.0,,29.8,18.0,52.3,508.732
증산동,은평구,행정동,37.58149209027166,126.90489178674126,단독다가구,매매,44,높음,자치구,94378.5,73500.0,124700.0,,,,,168.8,112.6,230.5,525.656
증산동,은평구,행정동,37.58149209027166,126.90489178674126,아파트,매매,97,높음,해당지역,119000.0,84700.0,161000.0,,,,,72.8,59.9,84.9,1966.744
증산동,은평구,행정동,37.58149209027166,126.90489178674126,연립다세대,매매,39,높음,해당지역,65800.0,37250.0,75975.0,,,,,50.7,41.2,59.2,1144.599
증산동,은평구,행정동,37.58149209027166,126.90489178674126,오피스텔,매매,184,높음,자치구,14450.0,12300.0,26550.0,,,,,26.0,21.9,31.2,589.491
증산동,은평구,행정동,37.58149209027166,126.90489178674126,단독다가구,월세,31,높음,해당지역,,,,1000.0,,,45.0,39.4,24.2,58.1,
증산동,은평구,행정동,37.58149209027166,126.90489178674126,아파트,월세,114,높음,해당지역,,,,10000.0,,,60.0,59.9,39.5,84.9,
증산동,은평구,행정동,37.58149209027166,126.90489178674126,연립다세대,월세,39,높음,해당지역,,,,2000.0,,,50.0,38.2,30.0,49.0,
증산동,은평구,행정동,37.58149209027166,126.90489178674126,오피스텔,월세,1452,높음,자치구,,,,1000.0,,,60.0,22.7,19.1,26.2,
증산동,은평구,행정동,37.58149209027166,126.90489178674126,단독다가구,전세,459,높음,자치구,,,,12000.0,8000.0,16000.0,,43.5,34.0,61.9,252.525
증산동,은평구,행정동,37.58149209027166,126.90489178674126,아파트,전세,180,높음,해당지역,,,,73500.0,55000.0,81900.0,,84.9,60.0,85.0,939.431
증산동,은평구,행정동,37.58149209027166,126.90489178674126,연립다세대,전세,35,높음,해당지역,,,,23000.0,18700.0,29200.0,,45.7,32.7,55.8,655.738
증산동,은평구,행정동,37.58149209027166,126.90489178674126,오피스텔,전세,353,높음,자치구,,,,18690.0,14438.0,24000.0,,24.9,18.8,44.9,658.117
진관동,은평구,행정동,37.63728654672127,126.92217085039171,단독다가구,매매,44,높음,자치구,94378.5,73500.0,124700.0,,,,,168.8,112.6,230.5,525.656
진관동,은평구,행정동,37.63728654672127,126.92217085039171,아파트,매매,309,높음,해당지역,91000.0,80000.0,105000.0,,,,,84.8,60.0,101.8,1065.861
진관동,은평구,행정동,37.63728654672127,126.92217085039171,연립다세대,매매,1883,높음,자치구,28500.0,22000.0,36000.0,,,,,44.0,33.6,55.9,650.503
진관동,은평구,행정동,37.63728654672127,126.92217085039171,오피스텔,매매,84,높음,해당지역,12300.0,11500.0,13000.0,,,,,23.0,19.8,24.9,570.676
진관동,은평구,행정동,37.63728654672127,126.92217085039171,단독다가구,월세,2129,높음,자치구,,,,1000.0,,,48.0,37.3,27.0,47.6,
진관동,은평구,행정동,37.63728654672127,126.92217085039171,아파트,월세,489,높음,해당지역,,,,8583.0,,,37.0,59.4,39.9,60.0,
진관동,은평구,행정동,37.63728654672127,126.92217085039171,연립다세대,월세,2220,높음,자치구,,,,5000.0,,,40.0,37.2,29.3,49.6,
진관동,은평구,행정동,37.63728654672127,126.92217085039171,오피스텔,월세,719,높음,해당지역,,,,1000.0,,,62.0,22.8,19.8,24.9,
진관동,은평구,행정동,37.63728654672127,126.92217085039171,단독다가구,전세,459,높음,자치구,,,,12000.0,8000.0,16000.0,,43.5,34.0,61.9,252.525
진관동,은평구,행정동,37.63728654672127,126.92217085039171,아파트,전세,856,높음,해당지역,,,,39771.0,25117.0,55000.0,,84.8,84.0,84.9,470.718
진관동,은평구,행정동,37.63728654672127,126.92217085039171,연립다세대,전세,10,보통,해당지역,,,,57375.0,55162.5,62000.0,,84.4,84.4,84.7,677.31
진관동,은평구,행정동,37.63728654672127,126.92217085039171,오피스텔,전세,42,높음,해당지역,,,,15026.5,12500.0,38637.5,,25.6,20.0,56.7,629.816
가회동,종로구,행정동,37.582145462138584,126.98802035167469,단독다가구,매매,14,보통,해당지역,214000.0,126000.0,286500.0,,,,,106.0,52.5,178.4,1680.158
가회동,종로구,행정동,37.582145462138584,126.98802035167469,아파트,매매,390,높음,자치구,95250.0,63075.0,141750.0,,,,,79.9,54.7,84.9,1267.465
가회동,종로구,행정동,37.582145462138584,126.98802035167469,연립다세대,매매,374,높음,자치구,47500.0,36000.0,63000.0,,,,,59.8,48.6,84.0,765.231
가회동,종로구,행정동,37.582145462138584,126.98802035167469,오피스텔,매매,268,높음,자치구,25700.0,19000.0,35775.0,,,,,32.4,25.1,39.6,806.922
가회동,종로구,행정동,37.582145462138584,126.98802035167469,단독다가구,월세,34,높음,해당지역,,,,4500.0,,,92.5,43.7,30.6,68.1,
가회동,종로구,행정동,37.582145462138584,126.98802035167469,아파트,월세,730,높음,자치구,,,,7415.0,,,88.5,41.1,18.4,80.1,
가회동,종로구,행정동,37.582145462138584,126.98802035167469,연립다세대,월세,43,높음,해당지역,,,,3000.0,,,60.0,43.0,25.7,58.8,
가회동,종로구,행정동,37.582145462138584,126.98802035167469,오피스텔,월세,967,높음,자치구,,,,1000.0,,,70.0,24.0,20.1,30.4,
가회동,종로구,행정동,37.582145462138584,126.98802035167469,단독다가구,전세,203,높음,자치구,,,,15000.0,11000.0,25000.0,,45.0,30.0,65.8,375.0
가회동,종로구,행정동,37.582145462138584,126.98802035167469,아파트,전세,411,높음,자치구,,,,65000.0,43000.0,95000.0,,84.6,59.9,84.9,824.907
가회동,종로구,행정동,37.582145462138584,126.98802035167469,연립다세대,전세,10,보통,해당지역,,,,24750.0,24000.0,25750.0,,54.4,39.4,59.1,498.545
가회동,종로구,행정동,37.582145462138584,126.98802035167469,오피스텔,전세,255,높음,자치구,,,,23500.0,20000.0,26450.0,,24.8,19.8,31.9,909.504
교남동,종로구,행정동,37.571247511147014,126.96357131443652,단독다가구,매매,116,높음,자치구,131000.0,77875.0,207500.0,,,,,100.7,49.9,223.1,1252.668
교남동,종로구,행정동,37.571247511147014,126.96357131443652,아파트,매매,49,높음,해당지역,209000.0,100000.0,260000.0,,,,,59.9,45.9,84.8,3029.709
교남동,종로구,행정동,37.571247511147014,126.96357131443652,연립다세대,매매,13,보통,해당지역,43000.0,34000.0,60000.0,,,,,51.9,37.0,57.0,987.798
교남동,종로구,행정동,37.571247511147014,126.96357131443652,오피스텔,매매,268,높음,자치구,25700.0,19000.0,35775.0,,,,,32.4,25.1,39.6,806.922
교남동,종로구,행정동,37.571247511147014,126.96357131443652,단독다가구,월세,36,높음,해당지역,,,,1000.0,,,50.0,34.6,26.8,42.3,
교남동,종로구,행정동,37.571247511147014,126.96357131443652,아파트,월세,152,높음,해당지역,,,,20000.0,,,165.0,59.9,39.1,84.7,
교남동,종로구,행정동,37.571247511147014,126.96357131443652,연립다세대,월세,46,높음,해당지역,,,,3000.0,,,60.0,44.3,32.6,55.6,
교남동,종로구,행정동,37.571247511147014,126.96357131443652,오피스텔,월세,14,보통,해당지역,,,,1000.0,,,105.0,25.9,25.7,25.9,
교남동,종로구,행정동,37.571247511147014,126.96357131443652,단독다가구,전세,203,높음,자치구,,,,15000.0,11000.0,25000.0,,45.0,30.0,65.8,375.0
교남동,종로구,행정동,37.571247511147014,126.96357131443652,아파트,전세,92,높음,해당지역,,,,112675.0,92375.0,124250.0,,84.6,59.9,84.8,1441.891
교남동,종로구,행정동,37.571247511147014,126.96357131443652,연립다세대,전세,28,보통,해당지역,,,,20000.0,18000.0,25000.0,,52.4,42.6,59.3,372.869
교남동,종로구,행정동,37.571247511147014,126.96357131443652,오피스텔,전세,255,높음,자치구,,,,23500.0,20000.0,26450.0,,24.8,19.8,31.9,909.504
무악동,종로구,행정동,37.57593391332178,126.95929187095894,단독다가구,매매,116,높음,자치구,131000.0,77875.0,207500.0,,,,,100.7,49.9,223.1,1252.668
무악동,종로구,행정동,37.57593391332178,126.95929187095894,아파트,매매,48,높음,해당지역,153500.0,143735.0,159937.8,,,,,84.9,84.9,84.9,1743.832
무악동,종로구,행정동,37.57593391332178,126.95929187095894,연립다세대,매매,374,높음,자치구,47500.0,36000.0,63000.0,,,,,59.8,48.6,84.0,765.231
무악동,종로구,행정동,37.57593391332178,126.95929187095894,오피스텔,매매,268,높음,자치구,25700.0,19000.0,35775.0,,,,,32.4,25.1,39.6,806.922
무악동,종로구,행정동,37.57593391332178,126.95929187095894,단독다가구,월세,1499,높음,자치구,,,,1000.0,,,55.0,26.4,18.0,42.1,
무악동,종로구,행정동,37.57593391332178,126.95929187095894,아파트,월세,49,높음,해당지역,,,,15000.0,,,190.0,84.9,84.9,84.9,
무악동,종로구,행정동,37.57593391332178,126.95929187095894,연립다세대,월세,839,높음,자치구,,,,2000.0,,,60.0,39.5,23.0,55.6,
무악동,종로구,행정동,37.57593391332178,126.95929187095894,오피스텔,월세,967,높음,자치구,,,,1000.0,,,70.0,24.0,20.1,30.4,
무악동,종로구,행정동,37.57593391332178,126.95929187095894,단독다가구,전세,203,높음,자치구,,,,15000.0,11000.0,25000.0,,45.0,30.0,65.8,375.0
무악동,종로구,행정동,37.57593391332178,126.95929187095894,아파트,전세,69,높음,해당지역,,,,79800.0,70000.0,82000.0,,84.9,84.9,84.9,883.184
무악동,종로구,행정동,37.57593391332178,126.95929187095894,연립다세대,전세,369,높음,자치구,,,,25000.0,16000.0,34200.0,,52.2,35.3,70.1,470.963
무악동,종로구,행정동,37.57593391332178,126.95929187095894,오피스텔,전세,255,높음,자치구,,,,23500.0,20000.0,26450.0,,24.8,19.8,31.9,909.504
부암동,종로구,행정동,37.599498940951214,126.96203454055082,단독다가구,매매,10,보통,해당지역,167250.0,100750.0,261646.8,,,,,176.1,95.4,261.2,1104.037
부암동,종로구,행정동,37.599498940951214,126.96203454055082,아파트,매매,390,높음,자치구,95250.0,63075.0,141750.0,,,,,79.9,54.7,84.9,1267.465
부암동,종로구,행정동,37.599498940951214,126.96203454055082,연립다세대,매매,49,높음,해당지역,52000.0,38500.0,63000.0,,,,,83.0,66.6,102.3,658.446
부암동,종로구,행정동,37.599498940951214,126.96203454055082,오피스텔,매매,268,높음,자치구,25700.0,19000.0,35775.0,,,,,32.4,25.1,39.6,806.922
부암동,종로구,행정동,37.599498940951214,126.96203454055082,단독다가구,월세,53,높음,해당지역,,,,2000.0,,,50.0,34.6,19.5,61.7,
부암동,종로구,행정동,37.599498940951214,126.96203454055082,아파트,월세,730,높음,자치구,,,,7415.0,,,88.5,41.1,18.4,80.1,
부암동,종로구,행정동,37.599498940951214,126.96203454055082,연립다세대,월세,58,높음,해당지역,,,,10000.0,,,56.5,49.5,34.0,74.4,
부암동,종로구,행정동,37.599498940951214,126.96203454055082,오피스텔,월세,16,보통,해당지역,,,,1000.0,,,60.0,31.3,24.5,38.4,
부암동,종로구,행정동,37.599498940951214,126.96203454055082,단독다가구,전세,10,보통,해당지역,,,,30000.0,27250.0,34750.0,,65.6,45.3,81.6,490.024
부암동,종로구,행정동,37.599498940951214,126.96203454055082,아파트,전세,411,높음,자치구,,,,65000.0,43000.0,95000.0,,84.6,59.9,84.9,824.907
부암동,종로구,행정동,37.599498940951214,126.96203454055082,연립다세대,전세,36,높음,해당지역,,,,32275.0,19975.0,37575.0,,60.1,47.6,77.9,449.131
부암동,종로구,행정동,37.599498940951214,126.96203454055082,오피스텔,전세,255,높음,자치구,,,,23500.0,20000.0,26450.0,,24.8,19.8,31.9,909.504
사직동,종로구,행정동,37.57368806329355,126.97125133445991,단독다가구,매매,11,보통,해당지역,152000.0,101375.0,188000.0,,,,,109.1,43.0,143.9,1377.772
사직동,종로구,행정동,37.57368806329355,126.97125133445991,아파트,매매,26,보통,해당지역,240000.0,199375.0,269250.0,,,,,146.9,117.6,156.7,1699.354
사직동,종로구,행정동,37.57368806329355,126.97125133445991,연립다세대,매매,15,보통,해당지역,64000.0,41500.0,132475.0,,,,,66.8,54.5,123.3,917.085
사직동,종로구,행정동,37.57368806329355,126.97125133445991,오피스텔,매매,82,높음,해당지역,32000.0,28162.5,40700.0,,,,,37.5,33.2,42.3,889.775
사직동,종로구,행정동,37.57368806329355,126.97125133445991,단독다가구,월세,30,높음,해당지역,,,,1250.0,,,60.0,31.5,21.2,48.3,
사직동,종로구,행정동,37.57368806329355,126.97125133445991,아파트,월세,41,높음,해당지역,,,,20000.0,,,240.0,117.3,94.5,149.0,
사직동,종로구,행정동,37.57368806329355,126.97125133445991,연립다세대,월세,15,보통,해당지역,,,,3000.0,,,60.0,33.5,25.1,61.9,
사직동,종로구,행정동,37.57368806329355,126.97125133445991,오피스텔,월세,119,높음,해당지역,,,,1000.0,,,105.0,37.5,32.0,39.5,
사직동,종로구,행정동,37.57368806329355,126.97125133445991,단독다가구,전세,203,높음,자치구,,,,15000.0,11000.0,25000.0,,45.0,30.0,65.8,375.0
사직동,종로구,행정동,37.57368806329355,126.97125133445991,아파트,전세,37,높음,해당지역,,,,115500.0,65000.0,135000.0,,123.1,102.9,149.0,882.493
사직동,종로구,행정동,37.57368806329355,126.97125133445991,연립다세대,전세,11,보통,해당지역,,,,33570.0,31000.0,49000.0,,69.0,55.8,77.4,557.567
사직동,종로구,행정동,37.57368806329355,126.97125133445991,오피스텔,전세,38,높음,해당지역,,,,25000.0,23500.0,27375.0,,34.9,33.0,37.6,716.332
삼청동,종로구,행정동,37.579152335756504,126.98375176827926,단독다가구,매매,116,높음,자치구,131000.0,77875.0,207500.0,,,,,100.7,49.9,223.1,1252.668
삼청동,종로구,행정동,37.579152335756504,126.98375176827926,아파트,매매,390,높음,자치구,95250.0,63075.0,141750.0,,,,,79.9,54.7,84.9,1267.465
삼청동,종로구,행정동,37.579152335756504,126.98375176827926,연립다세대,매매,374,높음,자치구,47500.0,36000.0,63000.0,,,,,59.8,48.6,84.0,765.231
삼청동,종로구,행정동,37.579152335756504,126.98375176827926,오피스텔,매매,268,높음,자치구,25700.0,19000.0,35775.0,,,,,32.4,25.1,39.6,806.922
삼청동,종로구,행정동,37.579152335756504,126.98375176827926,단독다가구,월세,17,보통,해당지역,,,,5000.0,,,70.0,50.0,43.0,85.3,
삼청동,종로구,행정동,37.579152335756504,126.98375176827926,아파트,월세,730,높음,자치구,,,,7415.0,,,88.5,41.1,18.4,80.1,
삼청동,종로구,행정동,37.579152335756504,126.98375176827926,연립다세대,월세,839,높음,자치구,,,,2000.0,,,60.0,39.5,23.0,55.6,
삼청동,종로구,행정동,37.579152335756504,126.98375176827926,오피스텔,월세,967,높음,자치구,,,,1000.0,,,70.0,24.0,20.1,30.4,
삼청동,종로구,행정동,37.579152335756504,126.98375176827926,단독다가구,전세,203,높음,자치구,,,,15000.0,11000.0,25000.0,,45.0,30.0,65.8,375.0
삼청동,종로구,행정동,37.579152335756504,126.98375176827926,아파트,전세,411,높음,자치구,,,,65000.0,43000.0,95000.0,,84.6,59.9,84.9,824.907
삼청동,종로구,행정동,37.579152335756504,126.98375176827926,연립다세대,전세,369,높음,자치구,,,,25000.0,16000.0,34200.0,,52.2,35.3,70.1,470.963
삼청동,종로구,행정동,37.579152335756504,126.98375176827926,오피스텔,전세,255,높음,자치구,,,,23500.0,20000.0,26450.0,,24.8,19.8,31.9,909.504
숭인1동,종로구,행정동,37.57681749106942,127.01643322398684,단독다가구,매매,116,높음,자치구,131000.0,77875.0,207500.0,,,,,100.7,49.9,223.1,1252.668
숭인1동,종로구,행정동,37.57681749106942,127.01643322398684,아파트,매매,18,보통,해당지역,116000.0,105250.0,122500.0,,,,,84.9,59.9,111.7,1442.534
숭인1동,종로구,행정동,37.57681749106942,127.01643322398684,연립다세대,매매,44,높음,법정동,35250.0,26125.0,44625.0,,,,,47.9,36.9,59.0,690.61
숭인1동,종로구,행정동,37.57681749106942,127.01643322398684,오피스텔,매매,16,보통,해당지역,25450.0,21500.0,28750.0,,,,,39.6,39.6,39.6,642.677
숭인1동,종로구,행정동,37.57681749106942,127.01643322398684,단독다가구,월세,144,높음,법정동,,,,1000.0,,,50.0,33.0,22.8,43.0,
숭인1동,종로구,행정동,37.57681749106942,127.01643322398684,아파트,월세,246,높음,법정동,,,,2000.0,,,57.5,17.4,15.1,24.5,
숭인1동,종로구,행정동,37.57681749106942,127.01643322398684,연립다세대,월세,17,보통,해당지역,,,,2479.0,,,39.0,43.0,29.8,44.6,
숭인1동,종로구,행정동,37.57681749106942,127.01643322398684,오피스텔,월세,43,높음,해당지역,,,,1000.0,,,90.0,39.6,39.6,39.6,
숭인1동,종로구,행정동,37.57681749106942,127.01643322398684,단독다가구,전세,16,보통,법정동,,,,13000.0,9750.0,17750.0,,36.1,21.6,49.0,371.189
숭인1동,종로구,행정동,37.57681749106942,127.01643322398684,아파트,전세,24,보통,해당지역,,,,60000.0,49837.5,75675.0,,76.8,59.9,111.9,753.582
숭인1동,종로구,행정동,37.57681749106942,127.01643322398684,연립다세대,전세,15,보통,해당지역,,,,26500.0,21000.0,29200.0,,43.7,36.6,53.6,608.57
숭인1동,종로구,행정동,37.57681749106942,127.01643322398684,오피스텔,전세,125,높음,법정동,,,,23100.0,18500.0,26500.0,,24.0,21.0,27.0,931.195
숭인2동,종로구,행정동,37.57371049769774,127.02077883251495,단독다가구,매매,116,높음,자치구,131000.0,77875.0,207500.0,,,,,100.7,49.9,223.1,1252.668
숭인2동,종로구,행정동,37.57371049769774,127.02077883251495,아파트,매매,40,높음,해당지역,12950.0,11450.0,63350.0,,,,,19.5,15.9,59.9,728.122
숭인2동,종로구,행정동,37.57371049769774,127.02077883251495,연립다세대,매매,36,높음,해당지역,34250.0,21875.0,40675.0,,,,,49.2,36.9,59.3,634.522
숭인2동,종로구,행정동,37.57371049769774,127.02077883251495,오피스텔,매매,75,높음,해당지역,19340.0,12700.0,21985.0,,,,,27.1,21.7,27.9,769.292
숭인2동,종로구,행정동,37.57371049769774,127.02077883251495,단독다가구,월세,144,높음,법정동,,,,1000.0,,,50.0,33.0,22.8,43.0,
숭인2동,종로구,행정동,37.57371049769774,127.02077883251495,아파트,월세,240,높음,해당지역,,,,2000.0,,,56.5,17.0,15.1,21.9,
숭인2동,종로구,행정동,37.57371049769774,127.02077883251495,연립다세대,월세,54,높음,해당지역,,,,2000.0,,,55.0,36.6,21.7,55.2,
숭인2동,종로구,행정동,37.57371049769774,127.02077883251495,오피스텔,월세,522,높음,해당지역,,,,1000.0,,,66.0,22.4,19.7,25.7,
숭인2동,종로구,행정동,37.57371049769774,127.02077883251495,단독다가구,전세,16,보통,법정동,,,,13000.0,9750.0,17750.0,,36.1,21.6,49.0,371.189
숭인2동,종로구,행정동,37.57371049769774,127.02077883251495,아파트,전세,17,보통,해당지역,,,,35000.0,22500.0,50000.0,,51.1,27.3,78.8,729.867
숭인2동,종로구,행정동,37.57371049769774,127.02077883251495,연립다세대,전세,26,보통,해당지역,,,,22000.0,16150.0,29875.0,,55.1,43.2,68.3,393.507
숭인2동,종로구,행정동,37.57371049769774,127.02077883251495,오피스텔,전세,123,높음,해당지역,,,,23000.0,18400.0,26500.0,,24.0,20.8,27.0,931.264
이화동,종로구,행정동,37.57973802771642,127.00329635799082,단독다가구,매매,116,높음,자치구,131000.0,77875.0,207500.0,,,,,100.7,49.9,223.1,1252.668
이화동,종로구,행정동,37.57973802771642,127.00329635799082,아파트,매매,390,높음,자치구,95250.0,63075.0,141750.0,,,,,79.9,54.7,84.9,1267.465
이화동,종로구,행정동,37.57973802771642,127.00329635799082,연립다세대,매매,14,보통,해당지역,39200.0,25875.0,56875.0,,,,,56.2,41.4,81.6,640.334
이화동,종로구,행정동,37.57973802771642,127.00329635799082,오피스텔,매매,268,높음,자치구,25700.0,19000.0,35775.0,,,,,32.4,25.1,39.6,806.922
이화동,종로구,행정동,37.57973802771642,127.00329635799082,단독다가구,월세,126,높음,해당지역,,,,1000.0,,,57.5,28.0,20.0,34.0,
이화동,종로구,행정동,37.57973802771642,127.00329635799082,아파트,월세,19,보통,해당지역,,,,1000.0,,,85.0,17.0,17.0,18.4,
이화동,종로구,행정동,37.57973802771642,127.00329635799082,연립다세대,월세,119,높음,해당지역,,,,3000.0,,,50.0,29.2,20.0,44.9,
이화동,종로구,행정동,37.57973802771642,127.00329635799082,오피스텔,월세,11,보통,해당지역,,,,1000.0,,,75.0,26.5,26.5,26.5,
이화동,종로구,행정동,37.57973802771642,127.00329635799082,단독다가구,전세,21,보통,해당지역,,,,15000.0,9000.0,25000.0,,31.5,27.3,45.3,347.759
이화동,종로구,행정동,37.57973802771642,127.00329635799082,아파트,전세,411,높음,자치구,,,,65000.0,43000.0,95000.0,,84.6,59.9,84.9,824.907
이화동,종로구,행정동,37.57973802771642,127.00329635799082,연립다세대,전세,25,보통,해당지역,,,,16500.0,9400.0,23000.0,,38.1,28.3,50.0,380.585
이화동,종로구,행정동,37.57973802771642,127.00329635799082,오피스텔,전세,255,높음,자치구,,,,23500.0,20000.0,26450.0,,24.8,19.8,31.9,909.504
종로1.2.3.4가동,종로구,행정동,37.57319641065186,126.99113195803409,단독다가구,매매,116,높음,자치구,131000.0,77875.0,207500.0,,,,,100.7,49.9,223.1,1252.668
종로1.2.3.4가동,종로구,행정동,37.57319641065186,126.99113195803409,아파트,매매,18,보통,해당지역,49400.0,42750.0,101250.0,,,,,48.5,44.6,84.0,1026.635
종로1.2.3.4가동,종로구,행정동,37.57319641065186,126.99113195803409,연립다세대,매매,374,높음,자치구,47500.0,36000.0,63000.0,,,,,59.8,48.6,84.0,765.231
종로1.2.3.4가동,종로구,행정동,37.57319641065186,126.99113195803409,오피스텔,매매,71,높음,해당지역,29800.0,17600.0,47500.0,,,,,36.2,23.1,54.9,852.485
종로1.2.3.4가동,종로구,행정동,37.57319641065186,126.99113195803409,단독다가구,월세,40,높음,해당지역,,,,500.0,,,65.0,16.5,13.2,24.3,
종로1.2.3.4가동,종로구,행정동,37.57319641065186,126.99113195803409,아파트,월세,38,높음,해당지역,,,,3000.0,,,125.0,48.5,40.5,90.9,
종로1.2.3.4가동,종로구,행정동,37.57319641065186,126.99113195803409,연립다세대,월세,839,높음,자치구,,,,2000.0,,,60.0,39.5,23.0,55.6,
종로1.2.3.4가동,종로구,행정동,37.57319641065186,126.99113195803409,오피스텔,월세,59,높음,해당지역,,,,1000.0,,,75.0,23.1,19.1,24.8,
종로1.2.3.4가동,종로구,행정동,37.57319641065186,126.99113195803409,단독다가구,전세,203,높음,자치구,,,,15000.0,11000.0,25000.0,,45.0,30.0,65.8,375.0
종로1.2.3.4가동,종로구,행정동,37.57319641065186,126.99113195803409,아파트,전세,12,보통,해당지역,,,,32750.0,29850.0,69750.0,,64.7,48.3,86.9,678.117
종로1.2.3.4가동,종로구,행정동,37.57319641065186,126.99113195803409,연립다세대,전세,369,높음,자치구,,,,25000.0,16000.0,34200.0,,52.2,35.3,70.1,470.963
종로1.2.3.4가동,종로구,행정동,37.57319641065186,126.99113195803409,오피스텔,전세,20,보통,해당지역,,,,23150.0,22000.0,25250.0,,28.2,19.3,40.1,758.053
종로5.6가동,종로구,행정동,37.573535360512324,127.00227915241686,단독다가구,매매,116,높음,자치구,131000.0,77875.0,207500.0,,,,,100.7,49.9,223.1,1252.668
종로5.6가동,종로구,행정동,37.573535360512324,127.00227915241686,아파트,매매,12,보통,해당지역,15175.0,14200.0,20625.0,,,,,19.6,16.7,22.2,903.198
종로5.6가동,종로구,행정동,37.573535360512324,127.00227915241686,연립다세대,매매,374,높음,자치구,47500.0,36000.0,63000.0,,,,,59.8,48.6,84.0,765.231
종로5.6가동,종로구,행정동,37.573535360512324,127.00227915241686,오피스텔,매매,11,보통,해당지역,22000.0,16500.0,26250.0,,,,,20.5,18.8,28.2,1041.667
종로5.6가동,종로구,행정동,37.573535360512324,127.00227915241686,단독다가구,월세,54,높음,해당지역,,,,2000.0,,,60.0,33.5,25.8,50.7,
종로5.6가동,종로구,행정동,37.573535360512324,127.00227915241686,아파트,월세,88,높음,해당지역,,,,2000.0,,,99.5,20.9,17.7,26.6,
종로5.6가동,종로구,행정동,37.573535360512324,127.00227915241686,연립다세대,월세,14,보통,해당지역,,,,60.0,,,39.5,17.1,17.1,21.5,
종로5.6가동,종로구,행정동,37.573535360512324,127.00227915241686,오피스텔,월세,119,높음,해당지역,,,,1000.0,,,73.0,20.2,18.7,26.1,
종로5.6가동,종로구,행정동,37.573535360512324,127.00227915241686,단독다가구,전세,16,보통,해당지역,,,,13000.0,9540.0,16050.0,,47.1,31.1,62.8,300.157
종로5.6가동,종로구,행정동,37.573535360512324,127.00227915241686,아파트,전세,12,보통,해당지역,,,,81500.0,32400.0,96250.0,,70.0,26.1,85.0,1177.094
종로5.6가동,종로구,행정동,37.573535360512324,127.00227915241686,연립다세대,전세,15,보통,해당지역,,,,30000.0,26250.0,30000.0,,27.8,26.8,29.8,1079.914
종로5.6가동,종로구,행정동,37.573535360512324,127.00227915241686,오피스텔,전세,46,높음,해당지역,,,,22500.0,19586.2,24112.5,,19.0,18.7,20.5,1162.362
창신1동,종로구,행정동,37.573325967134934,127.01426485059424,단독다가구,매매,116,높음,자치구,131000.0,77875.0,207500.0,,,,,100.7,49.9,223.1,1252.668
창신1동,종로구,행정동,37.573325967134934,127.01426485059424,아파트,매매,29,보통,해당지역,90500.0,86000.0,107000.0,,,,,60.0,60.0,84.9,1393.404
창신1동,종로구,행정동,37.573325967134934,127.01426485059424,연립다세대,매매,40,높음,법정동,42750.0,34000.0,55750.0,,,,,45.6,34.6,57.2,1060.997
창신1동,종로구,행정동,37.573325967134934,127.01426485059424,오피스텔,매매,268,높음,자치구,25700.0,19000.0,35775.0,,,,,32.4,25.1,39.6,806.922
창신1동,종로구,행정동,37.573325967134934,127.01426485059424,단독다가구,월세,183,높음,법정동,,,,500.0,,,45.0,34.8,22.7,56.5,
창신1동,종로구,행정동,37.573325967134934,127.01426485059424,아파트,월세,23,보통,해당지역,,,,5000.0,,,137.0,60.0,51.3,60.0,
창신1동,종로구,행정동,37.573325967134934,127.01426485059424,연립다세대,월세,20,보통,해당지역,,,,3350.0,,,41.5,34.4,19.4,40.9,
창신1동,종로구,행정동,37.573325967134934,127.01426485059424,오피스텔,월세,11,보통,해당지역,,,,1000.0,,,100.0,19.3,17.8,19.3,
창신1동,종로구,행정동,37.573325967134934,127.01426485059424,단독다가구,전세,23,보통,법정동,,,,13000.0,11500.0,15500.0,,47.8,39.4,100.3,246.731
창신1동,종로구,행정동,37.573325967134934,127.01426485059424,아파트,전세,17,보통,해당지역,,,,46200.0,41500.0,53000.0,,60.0,60.0,60.0,697.248
창신1동,종로구,행정동,37.573325967134934,127.01426485059424,연립다세대,전세,17,보통,해당지역,,,,19950.0,18000.0,21920.0,,28.8,20.2,40.9,798.057
창신1동,종로구,행정동,37.573325967134934,127.01426485059424,오피스텔,전세,11,보통,해당지역,,,,21000.0,20000.0,21497.0,,24.9,18.6,25.6,842.912
창신2동,종로구,행정동,37.575827162773756,127.00968872438327,단독다가구,매매,116,높음,자치구,131000.0,77875.0,207500.0,,,,,100.7,49.9,223.1,1252.668
창신2동,종로구,행정동,37.575827162773756,127.00968872438327,아파트,매매,102,높음,법정동,81500.0,71700.0,91525.0,,,,,64.7,59.1,84.3,1159.023
창신2동,종로구,행정동,37.575827162773756,127.00968872438327,연립다세대,매매,36,높음,해당지역,41500.0,34000.0,55750.0,,,,,46.4,34.6,57.2,1060.997
창신2동,종로구,행정동,37.575827162773756,127.00968872438327,오피스텔,매매,268,높음,자치구,25700.0,19000.0,35775.0,,,,,32.4,25.1,39.6,806.922
창신2동,종로구,행정동,37.575827162773756,127.00968872438327,단독다가구,월세,183,높음,법정동,,,,500.0,,,45.0,34.8,22.7,56.5,
창신2동,종로구,행정동,37.575827162773756,127.00968872438327,아파트,월세,63,높음,법정동,,,,10000.0,,,120.0,64.7,58.1,79.9,
창신2동,종로구,행정동,37.575827162773756,127.00968872438327,연립다세대,월세,26,보통,해당지역,,,,1250.0,,,50.0,42.3,37.4,47.2,
창신2동,종로구,행정동,37.575827162773756,127.00968872438327,오피스텔,월세,11,보통,법정동,,,,1000.0,,,100.0,19.3,17.8,19.3,
창신2동,종로구,행정동,37.575827162773756,127.00968872438327,단독다가구,전세,23,보통,법정동,,,,13000.0,11500.0,15500.0,,47.8,39.4,100.3,246.731
창신2동,종로구,행정동,37.575827162773756,127.00968872438327,아파트,전세,12,보통,해당지역,,,,25500.0,23750.0,27500.0,,59.3,59.0,65.9,399.921
창신2동,종로구,행정동,37.575827162773756,127.00968872438327,연립다세대,전세,41,높음,해당지역,,,,15750.0,11000.0,22000.0,,41.2,36.3,53.6,341.649
창신2동,종로구,행정동,37.575827162773756,127.00968872438327,오피스텔,전세,11,보통,법정동,,,,21000.0,20000.0,21497.0,,24.9,18.6,25.6,842.912
창신3동,종로구,행정동,37.579984999614204,127.012914975612,단독다가구,매매,116,높음,자치구,131000.0,77875.0,207500.0,,,,,100.7,49.9,223.1,1252.668
창신3동,종로구,행정동,37.579984999614204,127.012914975612,아파트,매매,65,높음,해당지역,78000.0,72800.0,89000.0,,,,,79.9,54.7,79.9,1126.046
창신3동,종로구,행정동,37.579984999614204,127.012914975612,연립다세대,매매,40,높음,법정동,42750.0,34000.0,55750.0,,,,,45.6,34.6,57.2,1060.997
창신3동,종로구,행정동,37.579984999614204,127.012914975612,오피스텔,매매,268,높음,자치구,25700.0,19000.0,35775.0,,,,,32.4,25.1,39.6,806.922
창신3동,종로구,행정동,37.579984999614204,127.012914975612,단독다가구,월세,183,높음,법정동,,,,500.0,,,45.0,34.8,22.7,56.5,
창신3동,종로구,행정동,37.579984999614204,127.012914975612,아파트,월세,37,높음,해당지역,,,,15000.0,,,100.0,79.9,64.7,79.9,
창신3동,종로구,행정동,37.579984999614204,127.012914975612,연립다세대,월세,51,높음,법정동,,,,2000.0,,,50.0,38.6,31.5,44.6,
창신3동,종로구,행정동,37.579984999614204,127.012914975612,오피스텔,월세,11,보통,법정동,,,,1000.0,,,100.0,19.3,17.8,19.3,
창신3동,종로구,행정동,37.579984999614204,127.012914975612,단독다가구,전세,23,보통,법정동,,,,13000.0,11500.0,15500.0,,47.8,39.4,100.3,246.731
창신3동,종로구,행정동,37.579984999614204,127.012914975612,아파트,전세,73,높음,해당지역,,,,42000.0,36750.0,49000.0,,64.7,54.7,79.9,603.291
창신3동,종로구,행정동,37.579984999614204,127.012914975612,연립다세대,전세,62,높음,법정동,,,,16000.0,12250.0,21980.0,,39.9,34.1,52.2,368.959
창신3동,종로구,행정동,37.579984999614204,127.012914975612,오피스텔,전세,11,보통,법정동,,,,21000.0,20000.0,21497.0,,24.9,18.6,25.6,842.912
청운효자동,종로구,행정동,37.58211631606066,126.96741114633089,단독다가구,매매,22,보통,해당지역,117500.0,79500.0,167500.0,,,,,68.2,40.2,116.0,1968.334
청운효자동,종로구,행정동,37.58211631606066,126.96741114633089,아파트,매매,390,높음,자치구,95250.0,63075.0,141750.0,,,,,79.9,54.7,84.9,1267.465
청운효자동,종로구,행정동,37.58211631606066,126.96741114633089,연립다세대,매매,63,높음,해당지역,43000.0,32000.0,61925.0,,,,,59.7,53.3,68.8,725.738
청운효자동,종로구,행정동,37.58211631606066,126.96741114633089,오피스텔,매매,268,높음,자치구,25700.0,19000.0,35775.0,,,,,32.4,25.1,39.6,806.922
청운효자동,종로구,행정동,37.58211631606066,126.96741114633089,단독다가구,월세,68,높음,해당지역,,,,5000.0,,,65.0,39.7,27.9,56.4,
청운효자동,종로구,행정동,37.58211631606066,126.96741114633089,아파트,월세,730,높음,자치구,,,,7415.0,,,88.5,41.1,18.4,80.1,
청운효자동,종로구,행정동,37.58211631606066,126.96741114633089,연립다세대,월세,85,높음,해당지역,,,,11000.0,,,50.0,53.9,32.2,59.8,
청운효자동,종로구,행정동,37.58211631606066,126.96741114633089,오피스텔,월세,967,높음,자치구,,,,1000.0,,,70.0,24.0,20.1,30.4,
청운효자동,종로구,행정동,37.58211631606066,126.96741114633089,단독다가구,전세,15,보통,해당지역,,,,22000.0,16875.0,27000.0,,53.8,39.2,60.0,369.891
청운효자동,종로구,행정동,37.58211631606066,126.96741114633089,아파트,전세,411,높음,자치구,,,,65000.0,43000.0,95000.0,,84.6,59.9,84.9,824.907
청운효자동,종로구,행정동,37.58211631606066,126.96741114633089,연립다세대,전세,40,높음,해당지역,,,,30000.0,24800.0,37000.0,,59.9,56.9,69.0,505.141
청운효자동,종로구,행정동,37.58211631606066,126.96741114633089,오피스텔,전세,255,높음,자치구,,,,23500.0,20000.0,26450.0,,24.8,19.8,31.9,909.504
평창동,종로구,행정동,37.608045192750446,126.96552697053978,단독다가구,매매,116,높음,자치구,131000.0,77875.0,207500.0,,,,,100.7,49.9,223.1,1252.668
평창동,종로구,행정동,37.608045192750446,126.96552697053978,아파트,매매,44,높음,해당지역,50500.0,39520.5,96750.0,,,,,58.1,36.8,103.1,1054.065
평창동,종로구,행정동,37.608045192750446,126.96552697053978,연립다세대,매매,69,높음,해당지역,63900.0,51700.0,88000.0,,,,,84.7,72.0,119.8,768.687
평창동,종로구,행정동,37.608045192750446,126.96552697053978,오피스텔,매매,268,높음,자치구,25700.0,19000.0,35775.0,,,,,32.4,25.1,39.6,806.922
평창동,종로구,행정동,37.608045192750446,126.96552697053978,단독다가구,월세,47,높음,해당지역,,,,5000.0,,,60.0,45.4,33.2,87.3,
평창동,종로구,행정동,37.608045192750446,126.96552697053978,아파트,월세,15,보통,해당지역,,,,10000.0,,,70.0,60.0,32.5,97.8,
평창동,종로구,행정동,37.608045192750446,126.96552697053978,연립다세대,월세,58,높음,해당지역,,,,10750.0,,,112.5,84.8,69.5,130.4,
평창동,종로구,행정동,37.608045192750446,126.96552697053978,오피스텔,월세,967,높음,자치구,,,,1000.0,,,70.0,24.0,20.1,30.4,
평창동,종로구,행정동,37.608045192750446,126.96552697053978,단독다가구,전세,11,보통,해당지역,,,,30000.0,22250.0,72000.0,,83.3,55.8,126.2,445.996
평창동,종로구,행정동,37.608045192750446,126.96552697053978,아파트,전세,22,보통,해당지역,,,,43050.0,36875.0,66250.0,,74.0,59.9,104.1,633.481
평창동,종로구,행정동,37.608045192750446,126.96552697053978,연립다세대,전세,53,높음,해당지역,,,,45000.0,36000.0,68000.0,,85.0,77.2,139.4,501.154
평창동,종로구,행정동,37.608045192750446,126.96552697053978,오피스텔,전세,255,높음,자치구,,,,23500.0,20000.0,26450.0,,24.8,19.8,31.9,909.504
혜화동,종로구,행정동,37.58729404870975,126.99846715014027,단독다가구,매매,10,보통,해당지역,100250.0,51250.0,151500.0,,,,,230.7,83.8,304.8,478.653
혜화동,종로구,행정동,37.58729404870975,126.99846715014027,아파트,매매,26,보통,해당지역,113150.0,99000.0,120000.0,,,,,84.9,84.8,84.9,1396.587
혜화동,종로구,행정동,37.58729404870975,126.99846715014027,연립다세대,매매,53,높음,해당지역,47000.0,38000.0,60000.0,,,,,57.0,48.8,70.7,805.768
혜화동,종로구,행정동,37.58729404870975,126.99846715014027,오피스텔,매매,268,높음,자치구,25700.0,19000.0,35775.0,,,,,32.4,25.1,39.6,806.922
혜화동,종로구,행정동,37.58729404870975,126.99846715014027,단독다가구,월세,659,높음,해당지역,,,,1000.0,,,55.0,20.0,15.0,30.0,
혜화동,종로구,행정동,37.58729404870975,126.99846715014027,아파트,월세,15,보통,해당지역,,,,20000.0,,,110.0,65.8,49.0,84.9,
혜화동,종로구,행정동,37.58729404870975,126.99846715014027,연립다세대,월세,264,높음,해당지역,,,,1000.0,,,68.0,31.5,17.2,46.8,
혜화동,종로구,행정동,37.58729404870975,126.99846715014027,오피스텔,월세,53,높음,해당지역,,,,3000.0,,,125.0,25.4,25.0,26.7,
혜화동,종로구,행정동,37.58729404870975,126.99846715014027,단독다가구,전세,49,높음,해당지역,,,,15000.0,11000.0,21000.0,,32.4,22.0,47.2,442.684
혜화동,종로구,행정동,37.58729404870975,126.99846715014027,아파트,전세,19,보통,해당지역,,,,68000.0,57000.0,75500.0,,84.8,60.2,84.9,856.132
혜화동,종로구,행정동,37.58729404870975,126.99846715014027,연립다세대,전세,47,높음,해당지역,,,,22000.0,11500.0,30000.0,,40.5,26.9,51.7,559.18
혜화동,종로구,행정동,37.58729404870975,126.99846715014027,오피스텔,전세,255,높음,자치구,,,,23500.0,20000.0,26450.0,,24.8,19.8,31.9,909.504
광희동,중구,행정동,37.56423933495772,127.00039746641167,단독다가구,매매,69,높음,자치구,128000.0,75000.0,200000.0,,,,,112.3,49.6,229.5,1181.928
광희동,중구,행정동,37.56423933495772,127.00039746641167,아파트,매매,40,높음,해당지역,41250.0,36375.0,88125.0,,,,,37.6,28.4,73.4,1311.324
광희동,중구,행정동,37.56423933495772,127.00039746641167,연립다세대,매매,249,높음,자치구,40000.0,29900.0,72000.0,,,,,42.8,29.2,59.1,1056.803
광희동,중구,행정동,37.56423933495772,127.00039746641167,오피스텔,매매,47,높음,해당지역,27434.0,22750.0,33442.0,,,,,21.9,17.9,22.8,1529.127
광희동,중구,행정동,37.56423933495772,127.00039746641167,단독다가구,월세,50,높음,해당지역,,,,1000.0,,,62.5,42.7,25.4,82.5,
광희동,중구,행정동,37.56423933495772,127.00039746641167,아파트,월세,180,높음,해당지역,,,,5000.0,,,125.0,28.4,24.6,29.5,
광희동,중구,행정동,37.56423933495772,127.00039746641167,연립다세대,월세,12,보통,해당지역,,,,2000.0,,,77.5,26.8,21.3,28.9,
광희동,중구,행정동,37.56423933495772,127.00039746641167,오피스텔,월세,102,높음,해당지역,,,,2000.0,,,85.0,23.0,18.5,27.8,
광희동,중구,행정동,37.56423933495772,127.00039746641167,단독다가구,전세,147,높음,자치구,,,,16170.0,12000.0,22000.0,,41.0,31.9,57.5,402.661
광희동,중구,행정동,37.56423933495772,127.00039746641167,아파트,전세,62,높음,해당지역,,,,33500.0,28000.0,43000.0,,29.5,24.6,81.9,1053.82
광희동,중구,행정동,37.56423933495772,127.00039746641167,연립다세대,전세,16,보통,해당지역,,,,27750.0,27000.0,29000.0,,26.9,26.5,51.4,1033.392
광희동,중구,행정동,37.56423933495772,127.00039746641167,오피스텔,전세,42,높음,해당지역,,,,21100.0,18925.0,24250.0,,20.0,18.3,25.2,950.645
다산동,중구,행정동,37.55510705858081,127.00831692338346,단독다가구,매매,33,높음,법정동,130800.0,85000.0,220000.0,,,,,131.9,74.5,258.6,958.48
다산동,중구,행정동,37.55510705858081,127.00831692338346,아파트,매매,18,보통,해당지역,41000.0,30750.0,80625.0,,,,,59.1,49.8,82.3,692.664
다산동,중구,행정동,37.55510705858081,127.00831692338346,연립다세대,매매,100,높음,해당지역,35000.0,29375.0,49250.0,,,,,51.9,30.0,59.2,790.903
다산동,중구,행정동,37.55510705858081,127.00831692338346,오피스텔,매매,12,보통,법정동,26500.0,17275.0,34250.0,,,,,32.0,21.3,36.0,823.926
다산동,중구,행정동,37.55510705858081,127.00831692338346,단독다가구,월세,508,높음,법정동,,,,1000.0,,,60.0,33.0,23.1,46.8,
다산동,중구,행정동,37.55510705858081,127.00831692338346,아파트,월세,349,높음,법정동,,,,12000.0,,,130.0,65.4,57.6,84.9,
다산동,중구,행정동,37.55510705858081,127.00831692338346,연립다세대,월세,153,높음,해당지역,,,,5000.0,,,58.0,37.8,27.9,51.3,
다산동,중구,행정동,37.55510705858081,127.00831692338346,오피스텔,월세,37,높음,해당지역,,,,3000.0,,,73.0,22.8,18.8,26.4,
다산동,중구,행정동,37.55510705858081,127.00831692338346,단독다가구,전세,108,높음,법정동,,,,17250.0,12900.0,25000.0,,41.3,33.4,64.6,406.945
다산동,중구,행정동,37.55510705858081,127.00831692338346,아파트,전세,385,높음,법정동,,,,63000.0,55000.0,75000.0,,84.8,59.9,85.0,836.475
다산동,중구,행정동,37.55510705858081,127.00831692338346,연립다세대,전세,96,높음,해당지역,,,,26330.0,17750.0,34000.0,,37.1,28.8,58.8,615.756
다산동,중구,행정동,37.55510705858081,127.00831692338346,오피스텔,전세,43,높음,법정동,,,,21000.0,18700.0,22000.0,,20.3,19.5,31.5,983.284
동화동,중구,행정동,37.560434416683975,127.01895828016946,단독다가구,매매,33,높음,법정동,130800.0,85000.0,220000.0,,,,,131.9,74.5,258.6,958.48
동화동,중구,행정동,37.560434416683975,127.01895828016946,아파트,매매,54,높음,해당지역,140000.0,115750.0,167500.0,,,,,84.4,77.5,85.0,1647.467
동화동,중구,행정동,37.560434416683975,127.01895828016946,연립다세대,매매,199,높음,법정동,44500.0,32725.0,81850.0,,,,,49.9,29.8,59.9,1076.555
동화동,중구,행정동,37.560434416683975,127.01895828016946,오피스텔,매매,12,보통,법정동,26500.0,17275.0,34250.0,,,,,32.0,21.3,36.0,823.926
동화동,중구,행정동,37.560434416683975,127.01895828016946,단독다가구,월세,508,높음,법정동,,,,1000.0,,,60.0,33.0,23.1,46.8,
동화동,중구,행정동,37.560434416683975,127.01895828016946,아파트,월세,58,높음,해당지역,,,,20000.0,,,177.0,84.4,66.6,85.0,
동화동,중구,행정동,37.560434416683975,127.01895828016946,연립다세대,월세,305,높음,법정동,,,,5000.0,,,58.0,30.0,25.5,49.8,
동화동,중구,행정동,37.560434416683975,127.01895828016946,오피스텔,월세,121,높음,법정동,,,,1000.0,,,80.0,21.3,18.7,24.0,
동화동,중구,행정동,37.560434416683975,127.01895828016946,단독다가구,전세,108,높음,법정동,,,,17250.0,12900.0,25000.0,,41.3,33.4,64.6,406.945
동화동,중구,행정동,37.560434416683975,127.01895828016946,아파트,전세,75,높음,해당지역,,,,64000.0,55000.0,83000.0,,84.4,79.1,85.0,714.541
동화동,중구,행정동,37.560434416683975,127.01895828016946,연립다세대,전세,12,보통,해당지역,,,,28500.0,26150.0,30500.0,,31.5,29.4,37.5,879.068
동화동,중구,행정동,37.560434416683975,127.01895828016946,오피스텔,전세,43,높음,법정동,,,,21000.0,18700.0,22000.0,,20.3,19.5,31.5,983.284
명동,중구,행정동,37.56108661991906,126.98717513688025,단독다가구,매매,69,높음,자치구,128000.0,75000.0,200000.0,,,,,112.3,49.6,229.5,1181.928
명동,중구,행정동,37.56108661991906,126.98717513688025,아파트,매매,603,높음,자치구,130000.0,86900.0,160500.0,,,,,60.0,57.6,84.9,1651.652
명동,중구,행정동,37.56108661991906,126.98717513688025,연립다세대,매매,249,높음,자치구,40000.0,29900.0,72000.0,,,,,42.8,29.2,59.1,1056.803
명동,중구,행정동,37.56108661991906,126.98717513688025,오피스텔,매매,341,높음,자치구,31500.0,24800.0,38000.0,,,,,30.0,22.3,40.3,1001.565
명동,중구,행정동,37.56108661991906,126.98717513688025,단독다가구,월세,14,보통,해당지역,,,,450.0,,,50.0,19.6,17.2,36.1,
명동,중구,행정동,37.56108661991906,126.98717513688025,아파트,월세,11,보통,해당지역,,,,50000.0,,,450.0,159.0,139.8,166.2,
명동,중구,행정동,37.56108661991906,126.98717513688025,연립다세대,월세,15,보통,해당지역,,,,5000.0,,,60.0,15.7,15.4,28.8,
명동,중구,행정동,37.56108661991906,126.98717513688025,오피스텔,월세,33,높음,해당지역,,,,1500.0,,,87.0,18.6,18.6,20.3,
명동,중구,행정동,37.56108661991906,126.98717513688025,단독다가구,전세,147,높음,자치구,,,,16170.0,12000.0,22000.0,,41.0,31.9,57.5,402.661
명동,중구,행정동,37.56108661991906,126.98717513688025,아파트,전세,792,높음,자치구,,,,65000.0,51000.0,78000.0,,72.5,57.6,85.0,907.975
명동,중구,행정동,37.56108661991906,126.98717513688025,연립다세대,전세,354,높음,자치구,,,,27000.0,20817.5,30000.0,,29.9,26.6,54.5,791.201
명동,중구,행정동,37.56108661991906,126.98717513688025,오피스텔,전세,12,보통,해당지역,,,,20000.0,18875.0,20900.0,,18.6,17.6,20.4,1050.215
소공동,중구,행정동,37.56350778942806,126.97073382872223,단독다가구,매매,69,높음,자치구,128000.0,75000.0,200000.0,,,,,112.3,49.6,229.5,1181.928
소공동,중구,행정동,37.56350778942806,126.97073382872223,아파트,매매,12,보통,해당지역,73000.0,51000.0,126875.0,,,,,64.9,38.1,83.0,1498.033
소공동,중구,행정동,37.56350778942806,126.97073382872223,연립다세대,매매,249,높음,자치구,40000.0,29900.0,72000.0,,,,,42.8,29.2,59.1,1056.803
소공동,중구,행정동,37.56350778942806,126.97073382872223,오피스텔,매매,11,보통,해당지역,35000.0,32200.0,49850.0,,,,,41.6,40.7,53.7,838.132
소공동,중구,행정동,37.56350778942806,126.97073382872223,단독다가구,월세,851,높음,자치구,,,,1000.0,,,60.0,33.0,20.0,49.6,
소공동,중구,행정동,37.56350778942806,126.97073382872223,아파트,월세,59,높음,해당지역,,,,5000.0,,,190.0,56.3,23.1,82.3,
소공동,중구,행정동,37.56350778942806,126.97073382872223,연립다세대,월세,625,높음,자치구,,,,3000.0,,,55.0,29.6,20.4,44.8,
소공동,중구,행정동,37.56350778942806,126.97073382872223,오피스텔,월세,54,높음,해당지역,,,,1000.0,,,130.0,38.8,36.2,41.1,
소공동,중구,행정동,37.56350778942806,126.97073382872223,단독다가구,전세,147,높음,자치구,,,,16170.0,12000.0,22000.0,,41.0,31.9,57.5,402.661
소공동,중구,행정동,37.56350778942806,126.97073382872223,아파트,전세,29,보통,해당지역,,,,37000.0,35000.0,66150.0,,45.0,22.1,69.5,1237.23
소공동,중구,행정동,37.56350778942806,126.97073382872223,연립다세대,전세,354,높음,자치구,,,,27000.0,20817.5,30000.0,,29.9,26.6,54.5,791.201
소공동,중구,행정동,37.56350778942806,126.97073382872223,오피스텔,전세,19,보통,해당지역,,,,37000.0,33486.5,53500.0,,41.1,38.3,72.9,850.754
신당5동,중구,행정동,37.56386349329236,127.02278929934535,단독다가구,매매,33,높음,법정동,130800.0,85000.0,220000.0,,,,,131.9,74.5,258.6,958.48
신당5동,중구,행정동,37.56386349329236,127.02278929934535,아파트,매매,30,높음,해당지역,149500.0,120500.0,163375.0,,,,,60.0,59.8,85.0,1957.831
신당5동,중구,행정동,37.56386349329236,127.02278929934535,연립다세대,매매,199,높음,법정동,44500.0,32725.0,81850.0,,,,,49.9,29.8,59.9,1076.555
신당5동,중구,행정동,37.56386349329236,127.02278929934535,오피스텔,매매,12,보통,법정동,26500.0,17275.0,34250.0,,,,,32.0,21.3,36.0,823.926
신당5동,중구,행정동,37.56386349329236,127.02278929934535,단독다가구,월세,508,높음,법정동,,,,1000.0,,,60.0,33.0,23.1,46.8,
신당5동,중구,행정동,37.56386349329236,127.02278929934535,아파트,월세,94,높음,해당지역,,,,4112.0,,,76.0,30.5,24.4,59.7,
신당5동,중구,행정동,37.56386349329236,127.02278929934535,연립다세대,월세,30,높음,해당지역,,,,2242.0,,,45.0,29.3,20.1,30.0,
신당5동,중구,행정동,37.56386349329236,127.02278929934535,오피스텔,월세,71,높음,해당지역,,,,1000.0,,,82.0,18.8,18.7,21.3,
신당5동,중구,행정동,37.56386349329236,127.02278929934535,단독다가구,전세,108,높음,법정동,,,,17250.0,12900.0,25000.0,,41.3,33.4,64.6,406.945
신당5동,중구,행정동,37.56386349329236,127.02278929934535,아파트,전세,33,높음,해당지역,,,,73000.0,60000.0,75075.0,,84.2,60.0,85.0,910.759
신당5동,중구,행정동,37.56386349329236,127.02278929934535,연립다세대,전세,201,높음,법정동,,,,27190.0,20000.0,32500.0,,41.8,28.8,60.2,618.429
신당5동,중구,행정동,37.56386349329236,127.02278929934535,오피스텔,전세,23,보통,해당지역,,,,20600.0,16100.0,31025.0,,20.2,18.0,31.9,934.959
신당동,중구,행정동,37.56533241462024,127.01498658056798,단독다가구,매매,69,높음,자치구,128000.0,75000.0,200000.0,,,,,112.3,49.6,229.5,1181.928
신당동,중구,행정동,37.56533241462024,127.01498658056798,아파트,매매,19,보통,해당지역,65000.0,26500.0,141000.0,,,,,75.4,40.1,115.6,945.338
신당동,중구,행정동,37.56533241462024,127.01498658056798,연립다세대,매매,26,보통,해당지역,58900.0,39000.0,68750.0,,,,,30.8,17.7,33.3,2026.257
신당동,중구,행정동,37.56533241462024,127.01498658056798,오피스텔,매매,13,보통,해당지역,37500.0,16900.0,38000.0,,,,,46.2,24.8,46.7,821.977
신당동,중구,행정동,37.56533241462024,127.01498658056798,단독다가구,월세,16,보통,해당지역,,,,2000.0,,,65.0,29.9,18.0,33.5,
신당동,중구,행정동,37.56533241462024,127.01498658056798,아파트,월세,48,높음,해당지역,,,,1000.0,,,87.5,23.8,15.6,25.0,
신당동,중구,행정동,37.56533241462024,127.01498658056798,연립다세대,월세,18,보통,해당지역,,,,2000.0,,,60.5,29.7,18.6,34.7,
신당동,중구,행정동,37.56533241462024,127.01498658056798,오피스텔,월세,82,높음,해당지역,,,,1000.0,,,76.0,22.9,20.1,25.2,
신당동,중구,행정동,37.56533241462024,127.01498658056798,단독다가구,전세,147,높음,자치구,,,,16170.0,12000.0,22000.0,,41.0,31.9,57.5,402.661
신당동,중구,행정동,37.56533241462024,127.01498658056798,아파트,전세,12,보통,해당지역,,,,25250.0,17225.0,27125.0,,23.8,16.6,23.8,1049.538
신당동,중구,행정동,37.56533241462024,127.01498658056798,연립다세대,전세,25,보통,해당지역,,,,27000.0,23000.0,32500.0,,30.0,22.2,71.6,702.165
신당동,중구,행정동,37.56533241462024,127.01498658056798,오피스텔,전세,12,보통,해당지역,,,,21845.0,18300.0,27100.0,,24.7,23.7,31.0,770.837
약수동,중구,행정동,37.55020850317629,127.01003791643524,단독다가구,매매,33,높음,법정동,130800.0,85000.0,220000.0,,,,,131.9,74.5,258.6,958.48
약수동,중구,행정동,37.55020850317629,127.01003791643524,아파트,매매,104,높음,해당지역,161950.0,150000.0,173000.0,,,,,84.9,59.9,84.9,2055.844
약수동,중구,행정동,37.55020850317629,127.01003791643524,연립다세대,매매,52,높음,해당지역,99750.0,71525.0,107250.0,,,,,63.1,51.7,69.9,1531.174
약수동,중구,행정동,37.55020850317629,127.01003791643524,오피스텔,매매,12,보통,법정동,26500.0,17275.0,34250.0,,,,,32.0,21.3,36.0,823.926
약수동,중구,행정동,37.55020850317629,127.01003791643524,단독다가구,월세,508,높음,법정동,,,,1000.0,,,60.0,33.0,23.1,46.8,
약수동,중구,행정동,37.55020850317629,127.01003791643524,아파트,월세,117,높음,해당지역,,,,12600.0,,,165.0,84.9,59.9,84.9,
약수동,중구,행정동,37.55020850317629,127.01003791643524,연립다세대,월세,60,높음,해당지역,,,,5000.0,,,58.5,39.0,25.4,57.4,
약수동,중구,행정동,37.55020850317629,127.01003791643524,오피스텔,월세,121,높음,법정동,,,,1000.0,,,80.0,21.3,18.7,24.0,
약수동,중구,행정동,37.55020850317629,127.01003791643524,단독다가구,전세,108,높음,법정동,,,,17250.0,12900.0,25000.0,,41.3,33.4,64.6,406.945
약수동,중구,행정동,37.55020850317629,127.01003791643524,아파트,전세,144,높음,해당지역,,,,68125.0,57000.0,76150.0,,84.9,59.9,92.4,835.98
약수동,중구,행정동,37.55020850317629,127.01003791643524,연립다세대,전세,42,높음,해당지역,,,,27650.0,20000.0,30000.0,,58.4,49.4,69.1,444.508
약수동,중구,행정동,37.55020850317629,127.01003791643524,오피스텔,전세,15,보통,해당지역,,,,21000.0,21000.0,21500.0,,20.3,20.3,20.3,1032.448
을지로동,중구,행정동,37.56713201454053,126.99453752379209,단독다가구,매매,69,높음,자치구,128000.0,75000.0,200000.0,,,,,112.3,49.6,229.5,1181.928
을지로동,중구,행정동,37.56713201454053,126.99453752379209,아파트,매매,21,보통,해당지역,113500.0,86200.0,120000.0,,,,,49.4,46.0,50.0,2295.313
을지로동,중구,행정동,37.56713201454053,126.99453752379209,연립다세대,매매,249,높음,자치구,40000.0,29900.0,72000.0,,,,,42.8,29.2,59.1,1056.803
을지로동,중구,행정동,37.56713201454053,126.99453752379209,오피스텔,매매,19,보통,해당지역,24500.0,17400.0,32518.5,,,,,29.8,23.7,35.7,900.628
을지로동,중구,행정동,37.56713201454053,126.99453752379209,단독다가구,월세,851,높음,자치구,,,,1000.0,,,60.0,33.0,20.0,49.6,
을지로동,중구,행정동,37.56713201454053,126.99453752379209,아파트,월세,73,높음,해당지역,,,,5000.0,,,240.0,46.7,46.0,50.0,
을지로동,중구,행정동,37.56713201454053,126.99453752379209,연립다세대,월세,625,높음,자치구,,,,3000.0,,,55.0,29.6,20.4,44.8,
을지로동,중구,행정동,37.56713201454053,126.99453752379209,오피스텔,월세,44,높음,해당지역,,,,3700.0,,,75.0,22.6,19.4,29.8,
을지로동,중구,행정동,37.56713201454053,126.99453752379209,단독다가구,전세,147,높음,자치구,,,,16170.0,12000.0,22000.0,,41.0,31.9,57.5,402.661
을지로동,중구,행정동,37.56713201454053,126.99453752379209,아파트,전세,29,보통,해당지역,,,,70000.0,62000.0,75000.0,,50.0,49.8,56.5,1415.779
을지로동,중구,행정동,37.56713201454053,126.99453752379209,연립다세대,전세,354,높음,자치구,,,,27000.0,20817.5,30000.0,,29.9,26.6,54.5,791.201
을지로동,중구,행정동,37.56713201454053,126.99453752379209,오피스텔,전세,18,보통,해당지역,,,,24000.0,21025.0,31916.2,,26.9,22.6,35.4,914.031
장충동,중구,행정동,37.55940040895572,127.00242960808478,단독다가구,매매,69,높음,자치구,128000.0,75000.0,200000.0,,,,,112.3,49.6,229.5,1181.928
장충동,중구,행정동,37.55940040895572,127.00242960808478,아파트,매매,603,높음,자치구,130000.0,86900.0,160500.0,,,,,60.0,57.6,84.9,1651.652
장충동,중구,행정동,37.55940040895572,127.00242960808478,연립다세대,매매,249,높음,자치구,40000.0,29900.0,72000.0,,,,,42.8,29.2,59.1,1056.803
장충동,중구,행정동,37.55940040895572,127.00242960808478,오피스텔,매매,341,높음,자치구,31500.0,24800.0,38000.0,,,,,30.0,22.3,40.3,1001.565
장충동,중구,행정동,37.55940040895572,127.00242960808478,단독다가구,월세,40,높음,해당지역,,,,1000.0,,,63.0,38.2,22.2,50.5,
장충동,중구,행정동,37.55940040895572,127.00242960808478,아파트,월세,24,보통,해당지역,,,,1000.0,,,65.0,13.5,13.5,22.8,
장충동,중구,행정동,37.55940040895572,127.00242960808478,연립다세대,월세,206,높음,해당지역,,,,1000.0,,,55.0,22.2,19.2,46.4,
장충동,중구,행정동,37.55940040895572,127.00242960808478,오피스텔,월세,992,높음,자치구,,,,2000.0,,,80.0,23.8,19.0,34.9,
장충동,중구,행정동,37.55940040895572,127.00242960808478,단독다가구,전세,147,높음,자치구,,,,16170.0,12000.0,22000.0,,41.0,31.9,57.5,402.661
장충동,중구,행정동,37.55940040895572,127.00242960808478,아파트,전세,792,높음,자치구,,,,65000.0,51000.0,78000.0,,72.5,57.6,85.0,907.975
장충동,중구,행정동,37.55940040895572,127.00242960808478,연립다세대,전세,25,보통,해당지역,,,,10000.0,7800.0,15000.0,,18.5,15.5,26.6,488.171
장충동,중구,행정동,37.55940040895572,127.00242960808478,오피스텔,전세,520,높음,자치구,,,,30000.0,22000.0,36000.0,,34.9,22.3,41.1,957.524
중림동,중구,행정동,37.55663764205015,126.96599745934358,단독다가구,매매,69,높음,자치구,128000.0,75000.0,200000.0,,,,,112.3,49.6,229.5,1181.928
중림동,중구,행정동,37.55663764205015,126.96599745934358,아파트,매매,46,높음,해당지역,177500.0,163500.0,202750.0,,,,,79.0,59.9,85.0,2512.563
중림동,중구,행정동,37.55663764205015,126.96599745934358,연립다세대,매매,249,높음,자치구,40000.0,29900.0,72000.0,,,,,42.8,29.2,59.1,1056.803
중림동,중구,행정동,37.55663764205015,126.96599745934358,오피스텔,매매,34,높음,해당지역,27900.0,25425.0,73000.0,,,,,29.9,17.6,66.5,1220.848
중림동,중구,행정동,37.55663764205015,126.96599745934358,단독다가구,월세,16,보통,해당지역,,,,1000.0,,,53.5,38.8,30.0,60.7,
중림동,중구,행정동,37.55663764205015,126.96599745934358,아파트,월세,177,높음,해당지역,,,,10000.0,,,100.0,60.0,40.0,85.0,
중림동,중구,행정동,37.55663764205015,126.96599745934358,연립다세대,월세,17,보통,해당지역,,,,10000.0,,,50.0,35.0,30.0,47.9,
중림동,중구,행정동,37.55663764205015,126.96599745934358,오피스텔,월세,112,높음,해당지역,,,,1000.0,,,120.0,17.9,17.6,62.8,
중림동,중구,행정동,37.55663764205015,126.96599745934358,단독다가구,전세,147,높음,자치구,,,,16170.0,12000.0,22000.0,,41.0,31.9,57.5,402.661
중림동,중구,행정동,37.55663764205015,126.96599745934358,아파트,전세,141,높음,해당지역,,,,80000.0,73500.0,87077.0,,85.0,59.9,85.0,1054.335
중림동,중구,행정동,37.55663764205015,126.96599745934358,연립다세대,전세,29,보통,해당지역,,,,31000.0,27000.0,31500.0,,30.0,30.0,37.5,1001.855
중림동,중구,행정동,37.55663764205015,126.96599745934358,오피스텔,전세,71,높음,해당지역,,,,39270.0,24038.5,53000.0,,56.2,17.6,66.5,872.574
청구동,중구,행정동,37.555939159238314,127.01478626110432,단독다가구,매매,33,높음,법정동,130800.0,85000.0,220000.0,,,,,131.9,74.5,258.6,958.48
청구동,중구,행정동,37.555939159238314,127.01478626110432,아파트,매매,61,높음,해당지역,150000.0,145000.0,164000.0,,,,,60.0,57.6,84.9,2286.982
청구동,중구,행정동,37.555939159238314,127.01478626110432,연립다세대,매매,199,높음,법정동,44500.0,32725.0,81850.0,,,,,49.9,29.8,59.9,1076.555
청구동,중구,행정동,37.555939159238314,127.01478626110432,오피스텔,매매,12,보통,법정동,26500.0,17275.0,34250.0,,,,,32.0,21.3,36.0,823.926
청구동,중구,행정동,37.555939159238314,127.01478626110432,단독다가구,월세,508,높음,법정동,,,,1000.0,,,60.0,33.0,23.1,46.8,
청구동,중구,행정동,37.555939159238314,127.01478626110432,아파트,월세,70,높음,해당지역,,,,20000.0,,,159.0,84.9,57.6,85.0,
청구동,중구,행정동,37.555939159238314,127.01478626110432,연립다세대,월세,40,높음,해당지역,,,,3500.0,,,66.0,28.4,20.4,34.7,
청구동,중구,행정동,37.555939159238314,127.01478626110432,오피스텔,월세,121,높음,법정동,,,,1000.0,,,80.0,21.3,18.7,24.0,
청구동,중구,행정동,37.555939159238314,127.01478626110432,단독다가구,전세,108,높음,법정동,,,,17250.0,12900.0,25000.0,,41.3,33.4,64.6,406.945
청구동,중구,행정동,37.555939159238314,127.01478626110432,아파트,전세,124,높음,해당지역,,,,60000.0,53375.0,68000.0,,65.4,57.6,84.9,857.343
청구동,중구,행정동,37.555939159238314,127.01478626110432,연립다세대,전세,19,보통,해당지역,,,,29000.0,25731.5,30000.0,,28.2,27.7,35.5,929.915
청구동,중구,행정동,37.555939159238314,127.01478626110432,오피스텔,전세,43,높음,법정동,,,,21000.0,18700.0,22000.0,,20.3,19.5,31.5,983.284
필동,중구,행정동,37.56072131835306,126.9966651716041,단독다가구,매매,69,높음,자치구,128000.0,75000.0,200000.0,,,,,112.3,49.6,229.5,1181.928
필동,중구,행정동,37.56072131835306,126.9966651716041,아파트,매매,19,보통,해당지역,59000.0,50250.0,79660.0,,,,,46.5,42.6,52.5,1140.684
필동,중구,행정동,37.56072131835306,126.9966651716041,연립다세대,매매,249,높음,자치구,40000.0,29900.0,72000.0,,,,,42.8,29.2,59.1,1056.803
필동,중구,행정동,37.56072131835306,126.9966651716041,오피스텔,매매,341,높음,자치구,31500.0,24800.0,38000.0,,,,,30.0,22.3,40.3,1001.565
필동,중구,행정동,37.56072131835306,126.9966651716041,단독다가구,월세,51,높음,해당지역,,,,1000.0,,,58.0,35.0,22.6,53.7,
필동,중구,행정동,37.56072131835306,126.9966651716041,아파트,월세,46,높음,해당지역,,,,5000.0,,,132.5,39.0,21.0,44.6,
필동,중구,행정동,37.56072131835306,126.9966651716041,연립다세대,월세,19,보통,해당지역,,,,10000.0,,,34.0,28.5,25.7,38.8,
필동,중구,행정동,37.56072131835306,126.9966651716041,오피스텔,월세,45,높음,해당지역,,,,2000.0,,,100.0,28.1,26.3,28.9,
필동,중구,행정동,37.56072131835306,126.9966651716041,단독다가구,전세,147,높음,자치구,,,,16170.0,12000.0,22000.0,,41.0,31.9,57.5,402.661
필동,중구,행정동,37.56072131835306,126.9966651716041,아파트,전세,37,높음,해당지역,,,,40950.0,31500.0,52500.0,,40.6,29.2,44.6,1225.589
필동,중구,행정동,37.56072131835306,126.9966651716041,연립다세대,전세,20,보통,해당지역,,,,24790.0,22750.0,26437.5,,29.6,26.7,29.8,860.362
필동,중구,행정동,37.56072131835306,126.9966651716041,오피스텔,전세,21,보통,해당지역,,,,26000.0,21960.0,40000.0,,28.7,24.3,33.2,1172.357
황학동,중구,행정동,37.568500808057024,127.02180151879426,단독다가구,매매,10,보통,해당지역,127650.0,79600.0,205250.0,,,,,71.4,50.8,244.4,1393.088
황학동,중구,행정동,37.568500808057024,127.02180151879426,아파트,매매,156,높음,해당지역,102000.0,37125.0,118500.0,,,,,59.9,33.3,84.9,1360.504
황학동,중구,행정동,37.568500808057024,127.02180151879426,연립다세대,매매,27,보통,해당지역,26500.0,19000.0,29950.0,,,,,28.7,21.3,37.7,892.019
황학동,중구,행정동,37.568500808057024,127.02180151879426,오피스텔,매매,197,높음,해당지역,32800.0,25000.0,39500.0,,,,,31.0,24.0,40.5,1006.944
황학동,중구,행정동,37.568500808057024,127.02180151879426,단독다가구,월세,38,높음,해당지역,,,,1000.0,,,60.0,41.3,29.8,63.5,
황학동,중구,행정동,37.568500808057024,127.02180151879426,아파트,월세,172,높음,해당지역,,,,7000.0,,,78.5,33.5,16.4,84.9,
황학동,중구,행정동,37.568500808057024,127.02180151879426,연립다세대,월세,34,높음,해당지역,,,,21000.0,,,21.0,29.6,27.2,30.0,
황학동,중구,행정동,37.568500808057024,127.02180151879426,오피스텔,월세,399,높음,해당지역,,,,3000.0,,,68.0,24.5,21.7,34.9,
황학동,중구,행정동,37.568500808057024,127.02180151879426,단독다가구,전세,11,보통,해당지역,,,,13500.0,9500.0,19250.0,,51.0,42.4,55.4,264.914
황학동,중구,행정동,37.568500808057024,127.02180151879426,아파트,전세,83,높음,해당지역,,,,60000.0,50400.0,73500.0,,63.7,59.9,85.0,848.156
황학동,중구,행정동,37.568500808057024,127.02180151879426,연립다세대,전세,20,보통,해당지역,,,,26200.0,23525.0,27387.5,,29.9,28.4,32.4,873.428
황학동,중구,행정동,37.568500808057024,127.02180151879426,오피스텔,전세,278,높음,해당지역,,,,32500.0,26000.0,36000.0,,34.9,30.0,42.5,964.522
회현동,중구,행정동,37.55738867735455,126.98034799028365,단독다가구,매매,69,높음,자치구,128000.0,75000.0,200000.0,,,,,112.3,49.6,229.5,1181.928
회현동,중구,행정동,37.55738867735455,126.98034799028365,아파트,매매,21,보통,해당지역,180000.0,98000.0,209000.0,,,,,113.5,45.0,126.8,1630.531
회현동,중구,행정동,37.55738867735455,126.98034799028365,연립다세대,매매,249,높음,자치구,40000.0,29900.0,72000.0,,,,,42.8,29.2,59.1,1056.803
회현동,중구,행정동,37.55738867735455,126.98034799028365,오피스텔,매매,341,높음,자치구,31500.0,24800.0,38000.0,,,,,30.0,22.3,40.3,1001.565
회현동,중구,행정동,37.55738867735455,126.98034799028365,단독다가구,월세,36,높음,해당지역,,,,1000.0,,,51.0,23.0,16.1,61.3,
회현동,중구,행정동,37.55738867735455,126.98034799028365,아파트,월세,15,보통,해당지역,,,,3000.0,,,650.0,142.2,118.9,147.1,
회현동,중구,행정동,37.55738867735455,126.98034799028365,연립다세대,월세,14,보통,해당지역,,,,21000.0,,,30.0,23.3,16.0,26.0,
회현동,중구,행정동,37.55738867735455,126.98034799028365,오피스텔,월세,992,높음,자치구,,,,2000.0,,,80.0,23.8,19.0,34.9,
회현동,중구,행정동,37.55738867735455,126.98034799028365,단독다가구,전세,147,높음,자치구,,,,16170.0,12000.0,22000.0,,41.0,31.9,57.5,402.661
회현동,중구,행정동,37.55738867735455,126.98034799028365,아파트,전세,10,보통,해당지역,,,,123500.0,97750.0,133000.0,,130.4,116.8,136.6,920.452
회현동,중구,행정동,37.55738867735455,126.98034799028365,연립다세대,전세,33,높음,해당지역,,,,26300.0,23000.0,28500.0,,26.1,22.6,27.6,1032.587
회현동,중구,행정동,37.55738867735455,126.98034799028365,오피스텔,전세,520,높음,자치구,,,,30000.0,22000.0,36000.0,,34.9,22.3,41.1,957.524
망우3동,중랑구,행정동,37.59247149960741,127.09703937468264,단독다가구,매매,11,보통,법정동,73000.0,52100.0,105000.0,,,,,198.9,157.3,283.8,346.756
망우3동,중랑구,행정동,37.59247149960741,127.09703937468264,아파트,매매,116,높음,법정동,63600.0,54450.0,81250.0,,,,,84.7,59.9,84.9,817.766
망우3동,중랑구,행정동,37.59247149960741,127.09703937468264,연립다세대,매매,86,높음,해당지역,31500.0,26075.0,37000.0,,,,,41.1,29.8,50.8,889.854
망우3동,중랑구,행정동,37.59247149960741,127.09703937468264,오피스텔,매매,27,보통,법정동,37500.0,10750.0,57950.0,,,,,59.1,18.5,84.6,670.803
망우3동,중랑구,행정동,37.59247149960741,127.09703937468264,단독다가구,월세,562,높음,법정동,,,,1000.0,,,40.0,36.0,29.0,48.5,
망우3동,중랑구,행정동,37.59247149960741,127.09703937468264,아파트,월세,480,높음,법정동,,,,11790.0,,,16.0,37.6,15.0,46.9,
망우3동,중랑구,행정동,37.59247149960741,127.09703937468264,연립다세대,월세,48,높음,해당지역,,,,10200.0,,,37.0,33.8,29.1,54.2,
망우3동,중랑구,행정동,37.59247149960741,127.09703937468264,오피스텔,월세,161,높음,법정동,,,,5000.0,,,60.0,21.6,18.5,84.1,
망우3동,중랑구,행정동,37.59247149960741,127.09703937468264,단독다가구,전세,122,높음,법정동,,,,14500.0,8625.0,21000.0,,41.6,33.0,57.8,303.193
망우3동,중랑구,행정동,37.59247149960741,127.09703937468264,아파트,전세,100,높음,법정동,,,,50700.0,40712.5,55000.0,,84.8,79.5,85.0,617.949
망우3동,중랑구,행정동,37.59247149960741,127.09703937468264,연립다세대,전세,36,높음,해당지역,,,,23510.0,19112.5,30500.0,,40.1,30.0,52.1,649.884
망우3동,중랑구,행정동,37.59247149960741,127.09703937468264,오피스텔,전세,231,높음,법정동,,,,30000.0,14128.0,43005.0,,42.5,21.6,84.5,649.884
망우본동,중랑구,행정동,37.60421132963686,127.10187642109756,단독다가구,매매,11,보통,법정동,73000.0,52100.0,105000.0,,,,,198.9,157.3,283.8,346.756
망우본동,중랑구,행정동,37.60421132963686,127.10187642109756,아파트,매매,116,높음,해당지역,63600.0,54450.0,81250.0,,,,,84.7,59.9,84.9,817.766
망우본동,중랑구,행정동,37.60421132963686,127.10187642109756,연립다세대,매매,53,높음,해당지역,33500.0,25970.0,41000.0,,,,,43.6,29.3,51.5,837.696
망우본동,중랑구,행정동,37.60421132963686,127.10187642109756,오피스텔,매매,25,보통,해당지역,37000.0,10500.0,61900.0,,,,,59.3,18.5,84.6,632.484
망우본동,중랑구,행정동,37.60421132963686,127.10187642109756,단독다가구,월세,562,높음,법정동,,,,1000.0,,,40.0,36.0,29.0,48.5,
망우본동,중랑구,행정동,37.60421132963686,127.10187642109756,아파트,월세,479,높음,해당지역,,,,11790.0,,,16.0,37.6,15.0,46.9,
망우본동,중랑구,행정동,37.60421132963686,127.10187642109756,연립다세대,월세,89,높음,해당지역,,,,5000.0,,,53.0,39.9,28.7,53.9,
망우본동,중랑구,행정동,37.60421132963686,127.10187642109756,오피스텔,월세,155,높음,해당지역,,,,5000.0,,,63.0,21.6,18.5,84.3,
망우본동,중랑구,행정동,37.60421132963686,127.10187642109756,단독다가구,전세,122,높음,법정동,,,,14500.0,8625.0,21000.0,,41.6,33.0,57.8,303.193
망우본동,중랑구,행정동,37.60421132963686,127.10187642109756,아파트,전세,100,높음,해당지역,,,,50700.0,40712.5,55000.0,,84.8,79.5,85.0,617.949
망우본동,중랑구,행정동,37.60421132963686,127.10187642109756,연립다세대,전세,78,높음,해당지역,,,,21500.0,18575.0,25375.0,,29.7,24.9,48.9,745.345
망우본동,중랑구,행정동,37.60421132963686,127.10187642109756,오피스텔,전세,229,높음,해당지역,,,,30000.0,14128.0,43010.0,,42.5,21.6,84.5,649.884
면목2동,중랑구,행정동,37.58930637621302,127.07778765661907,단독다가구,매매,56,높음,법정동,71753.5,52950.0,103883.2,,,,,169.2,129.4,218.3,414.496
면목2동,중랑구,행정동,37.58930637621302,127.07778765661907,아파트,매매,91,높음,해당지역,45800.0,39750.0,59350.0,,,,,45.4,44.5,59.9,902.289
면목2동,중랑구,행정동,37.58930637621302,127.07778765661907,연립다세대,매매,43,높음,해당지역,32500.0,24500.0,40050.0,,,,,49.3,33.4,54.6,706.13
면목2동,중랑구,행정동,37.58930637621302,127.07778765661907,오피스텔,매매,112,높음,자치구,34495.5,15975.0,45968.0,,,,,36.3,27.5,45.7,770.305
면목2동,중랑구,행정동,37.58930637621302,127.07778765661907,단독다가구,월세,1577,높음,법정동,,,,1000.0,,,45.0,33.0,25.0,43.6,
면목2동,중랑구,행정동,37.58930637621302,127.07778765661907,아파트,월세,68,높음,해당지역,,,,1000.0,,,70.0,35.3,27.0,48.7,
면목2동,중랑구,행정동,37.58930637621302,127.07778765661907,연립다세대,월세,112,높음,해당지역,,,,5000.0,,,40.5,33.1,29.1,42.5,
면목2동,중랑구,행정동,37.58930637621302,127.07778765661907,오피스텔,월세,85,높음,법정동,,,,10000.0,,,30.0,24.4,19.2,41.6,
면목2동,중랑구,행정동,37.58930637621302,127.07778765661907,단독다가구,전세,373,높음,법정동,,,,12000.0,8000.0,17000.0,,40.0,30.0,54.4,300.3
면목2동,중랑구,행정동,37.58930637621302,127.07778765661907,아파트,전세,48,높음,해당지역,,,,30000.0,24000.0,35875.0,,59.7,42.2,83.3,586.53
면목2동,중랑구,행정동,37.58930637621302,127.07778765661907,연립다세대,전세,36,높음,해당지역,,,,21750.0,18750.0,26000.0,,40.5,29.7,51.7,532.624
면목2동,중랑구,행정동,37.58930637621302,127.07778765661907,오피스텔,전세,51,높음,법정동,,,,26800.0,18500.0,30000.0,,40.8,22.3,46.7,727.214
면목3.8동,중랑구,행정동,37.58439851431951,127.09316966359059,단독다가구,매매,56,높음,법정동,71753.5,52950.0,103883.2,,,,,169.2,129.4,218.3,414.496
면목3.8동,중랑구,행정동,37.58439851431951,127.09316966359059,아파트,매매,96,높음,해당지역,66750.0,59125.0,73500.0,,,,,82.4,59.2,84.9,941.735
면목3.8동,중랑구,행정동,37.58439851431951,127.09316966359059,연립다세대,매매,55,높음,해당지역,31700.0,26950.0,40250.0,,,,,39.7,29.9,48.5,868.092
면목3.8동,중랑구,행정동,37.58439851431951,127.09316966359059,오피스텔,매매,112,높음,자치구,34495.5,15975.0,45968.0,,,,,36.3,27.5,45.7,770.305
면목3.8동,중랑구,행정동,37.58439851431951,127.09316966359059,단독다가구,월세,1577,높음,법정동,,,,1000.0,,,45.0,33.0,25.0,43.6,
면목3.8동,중랑구,행정동,37.58439851431951,127.09316966359059,아파트,월세,40,높음,해당지역,,,,10000.0,,,80.0,59.8,44.4,84.9,
면목3.8동,중랑구,행정동,37.58439851431951,127.09316966359059,연립다세대,월세,97,높음,해당지역,,,,12000.0,,,34.0,27.8,21.9,37.1,
면목3.8동,중랑구,행정동,37.58439851431951,127.09316966359059,오피스텔,월세,12,보통,해당지역,,,,21450.0,,,10.0,46.8,20.2,50.0,
면목3.8동,중랑구,행정동,37.58439851431951,127.09316966359059,단독다가구,전세,373,높음,법정동,,,,12000.0,8000.0,17000.0,,40.0,30.0,54.4,300.3
면목3.8동,중랑구,행정동,37.58439851431951,127.09316966359059,아파트,전세,40,높음,해당지역,,,,42000.0,33000.0,46500.0,,59.6,55.1,83.9,676.819
면목3.8동,중랑구,행정동,37.58439851431951,127.09316966359059,연립다세대,전세,69,높음,해당지역,,,,23000.0,20000.0,30000.0,,30.0,27.4,45.9,705.972
면목3.8동,중랑구,행정동,37.58439851431951,127.09316966359059,오피스텔,전세,51,높음,법정동,,,,26800.0,18500.0,30000.0,,40.8,22.3,46.7,727.214
면목4동,중랑구,행정동,37.5733934293743,127.08435336182313,단독다가구,매매,56,높음,법정동,71753.5,52950.0,103883.2,,,,,169.2,129.4,218.3,414.496
면목4동,중랑구,행정동,37.5733934293743,127.08435336182313,아파트,매매,92,높음,해당지역,77750.0,63375.0,93375.0,,,,,60.0,59.6,85.0,1129.026
면목4동,중랑구,행정동,37.5733934293743,127.08435336182313,연립다세대,매매,75,높음,해당지역,34013.0,25899.0,48525.0,,,,,42.4,26.7,49.2,1040.402
면목4동,중랑구,행정동,37.5733934293743,127.08435336182313,오피스텔,매매,112,높음,자치구,34495.5,15975.0,45968.0,,,,,36.3,27.5,45.7,770.305
면목4동,중랑구,행정동,37.5733934293743,127.08435336182313,단독다가구,월세,1577,높음,법정동,,,,1000.0,,,45.0,33.0,25.0,43.6,
면목4동,중랑구,행정동,37.5733934293743,127.08435336182313,아파트,월세,18,보통,해당지역,,,,23000.0,,,102.5,84.6,60.0,85.0,
면목4동,중랑구,행정동,37.5733934293743,127.08435336182313,연립다세대,월세,51,높음,해당지역,,,,9000.0,,,40.0,42.2,29.8,53.5,
면목4동,중랑구,행정동,37.5733934293743,127.08435336182313,오피스텔,월세,85,높음,법정동,,,,10000.0,,,30.0,24.4,19.2,41.6,
면목4동,중랑구,행정동,37.5733934293743,127.08435336182313,단독다가구,전세,373,높음,법정동,,,,12000.0,8000.0,17000.0,,40.0,30.0,54.4,300.3
면목4동,중랑구,행정동,37.5733934293743,127.08435336182313,아파트,전세,48,높음,해당지역,,,,55000.0,45112.5,60000.0,,83.1,59.9,85.0,688.052
면목4동,중랑구,행정동,37.5733934293743,127.08435336182313,연립다세대,전세,47,높음,해당지역,,,,21800.0,16350.0,25750.0,,41.9,33.9,59.0,557.917
면목4동,중랑구,행정동,37.5733934293743,127.08435336182313,오피스텔,전세,51,높음,법정동,,,,26800.0,18500.0,30000.0,,40.8,22.3,46.7,727.214
면목5동,중랑구,행정동,37.58370341409464,127.08014072017127,단독다가구,매매,56,높음,법정동,71753.5,52950.0,103883.2,,,,,169.2,129.4,218.3,414.496
면목5동,중랑구,행정동,37.58370341409464,127.08014072017127,아파트,매매,73,높음,해당지역,129000.0,110000.0,140000.0,,,,,84.9,60.0,85.0,1647.912
면목5동,중랑구,행정동,37.58370341409464,127.08014072017127,연립다세대,매매,61,높음,해당지역,40246.0,35000.0,45000.0,,,,,40.6,38.2,50.4,1013.004
면목5동,중랑구,행정동,37.58370341409464,127.08014072017127,오피스텔,매매,112,높음,자치구,34495.5,15975.0,45968.0,,,,,36.3,27.5,45.7,770.305
면목5동,중랑구,행정동,37.58370341409464,127.08014072017127,단독다가구,월세,1577,높음,법정동,,,,1000.0,,,45.0,33.0,25.0,43.6,
면목5동,중랑구,행정동,37.58370341409464,127.08014072017127,아파트,월세,52,높음,해당지역,,,,15182.0,,,57.5,60.0,59.8,84.9,
면목5동,중랑구,행정동,37.58370341409464,127.08014072017127,연립다세대,월세,52,높음,해당지역,,,,14144.5,,,22.0,38.3,29.6,47.7,
면목5동,중랑구,행정동,37.58370341409464,127.08014072017127,오피스텔,월세,85,높음,법정동,,,,10000.0,,,30.0,24.4,19.2,41.6,
면목5동,중랑구,행정동,37.58370341409464,127.08014072017127,단독다가구,전세,373,높음,법정동,,,,12000.0,8000.0,17000.0,,40.0,30.0,54.4,300.3
면목5동,중랑구,행정동,37.58370341409464,127.08014072017127,아파트,전세,69,높음,해당지역,,,,68000.0,59000.0,75000.0,,84.9,60.0,85.0,865.534
면목5동,중랑구,행정동,37.58370341409464,127.08014072017127,연립다세대,전세,59,높음,해당지역,,,,23500.0,18500.0,28000.0,,38.8,29.1,46.9,649.466
면목5동,중랑구,행정동,37.58370341409464,127.08014072017127,오피스텔,전세,51,높음,법정동,,,,26800.0,18500.0,30000.0,,40.8,22.3,46.7,727.214
면목7동,중랑구,행정동,37.579024707392314,127.08856142730224,단독다가구,매매,56,높음,법정동,71753.5,52950.0,103883.2,,,,,169.2,129.4,218.3,414.496
면목7동,중랑구,행정동,37.579024707392314,127.08856142730224,아파트,매매,145,높음,해당지역,76000.0,70000.0,84000.0,,,,,84.8,74.8,84.9,950.837
면목7동,중랑구,행정동,37.579024707392314,127.08856142730224,연립다세대,매매,54,높음,해당지역,38750.0,32625.0,46375.0,,,,,38.3,29.1,50.3,976.05
면목7동,중랑구,행정동,37.579024707392314,127.08856142730224,오피스텔,매매,112,높음,자치구,34495.5,15975.0,45968.0,,,,,36.3,27.5,45.7,770.305
면목7동,중랑구,행정동,37.579024707392314,127.08856142730224,단독다가구,월세,1577,높음,법정동,,,,1000.0,,,45.0,33.0,25.0,43.6,
면목7동,중랑구,행정동,37.579024707392314,127.08856142730224,아파트,월세,65,높음,해당지역,,,,15462.0,,,52.0,60.0,60.0,84.8,
면목7동,중랑구,행정동,37.579024707392314,127.08856142730224,연립다세대,월세,109,높음,해당지역,,,,3000.0,,,62.0,26.0,19.9,29.9,
면목7동,중랑구,행정동,37.579024707392314,127.08856142730224,오피스텔,월세,21,보통,해당지역,,,,1000.0,,,46.0,25.9,19.2,38.0,
면목7동,중랑구,행정동,37.579024707392314,127.08856142730224,단독다가구,전세,373,높음,법정동,,,,12000.0,8000.0,17000.0,,40.0,30.0,54.4,300.3
면목7동,중랑구,행정동,37.579024707392314,127.08856142730224,아파트,전세,97,높음,해당지역,,,,50000.0,43500.0,55000.0,,84.8,74.9,84.9,629.515
면목7동,중랑구,행정동,37.579024707392314,127.08856142730224,연립다세대,전세,46,높음,해당지역,,,,23200.0,17000.0,28000.0,,29.1,23.4,39.0,773.994
면목7동,중랑구,행정동,37.579024707392314,127.08856142730224,오피스텔,전세,20,보통,해당지역,,,,18500.0,18000.0,22775.0,,20.2,20.0,26.1,889.578
면목본동,중랑구,행정동,37.588370938929486,127.08939872125052,단독다가구,매매,56,높음,법정동,71753.5,52950.0,103883.2,,,,,169.2,129.4,218.3,414.496
면목본동,중랑구,행정동,37.588370938929486,127.08939872125052,아파트,매매,15,보통,해당지역,67750.0,64500.0,76000.0,,,,,78.9,59.9,80.5,967.654
면목본동,중랑구,행정동,37.588370938929486,127.08939872125052,연립다세대,매매,158,높음,해당지역,39600.0,32625.0,48950.0,,,,,41.6,30.0,52.2,985.511
면목본동,중랑구,행정동,37.588370938929486,127.08939872125052,오피스텔,매매,112,높음,자치구,34495.5,15975.0,45968.0,,,,,36.3,27.5,45.7,770.305
면목본동,중랑구,행정동,37.588370938929486,127.08939872125052,단독다가구,월세,1577,높음,법정동,,,,1000.0,,,45.0,33.0,25.0,43.6,
면목본동,중랑구,행정동,37.588370938929486,127.08939872125052,아파트,월세,54,높음,해당지역,,,,5000.0,,,42.5,16.7,14.4,16.7,
면목본동,중랑구,행정동,37.588370938929486,127.08939872125052,연립다세대,월세,180,높음,해당지역,,,,10000.0,,,40.0,30.0,27.4,43.7,
면목본동,중랑구,행정동,37.588370938929486,127.08939872125052,오피스텔,월세,45,높음,해당지역,,,,10000.0,,,28.0,23.0,18.0,29.8,
면목본동,중랑구,행정동,37.588370938929486,127.08939872125052,단독다가구,전세,373,높음,법정동,,,,12000.0,8000.0,17000.0,,40.0,30.0,54.4,300.3
면목본동,중랑구,행정동,37.588370938929486,127.08939872125052,아파트,전세,309,높음,법정동,,,,50000.0,40000.0,60000.0,,83.6,59.8,84.9,669.792
면목본동,중랑구,행정동,37.588370938929486,127.08939872125052,연립다세대,전세,219,높음,해당지역,,,,23000.0,19000.0,27000.0,,32.8,28.8,45.5,683.761
면목본동,중랑구,행정동,37.588370938929486,127.08939872125052,오피스텔,전세,19,보통,해당지역,,,,33600.0,25575.0,35000.0,,47.3,30.0,55.9,720.412
묵1동,중랑구,행정동,37.61585455757099,127.08309874273178,단독다가구,매매,109,높음,자치구,77000.0,59750.0,105000.0,,,,,180.3,143.0,228.0,425.783
묵1동,중랑구,행정동,37.61585455757099,127.08309874273178,아파트,매매,345,높음,해당지역,49500.0,32000.0,74300.0,,,,,49.8,36.7,84.7,1058.914
묵1동,중랑구,행정동,37.61585455757099,127.08309874273178,연립다세대,매매,69,높음,해당지역,27800.0,22500.0,33300.0,,,,,52.5,40.9,62.3,530.891
묵1동,중랑구,행정동,37.61585455757099,127.08309874273178,오피스텔,매매,112,높음,자치구,34495.5,15975.0,45968.0,,,,,36.3,27.5,45.7,770.305
묵1동,중랑구,행정동,37.61585455757099,127.08309874273178,단독다가구,월세,434,높음,법정동,,,,1000.0,,,45.0,32.0,21.2,43.5,
묵1동,중랑구,행정동,37.61585455757099,127.08309874273178,아파트,월세,586,높음,해당지역,,,,9830.0,,,35.0,20.5,18.3,39.8,
묵1동,중랑구,행정동,37.61585455757099,127.08309874273178,연립다세대,월세,129,높음,해당지역,,,,7000.0,,,44.0,30.4,26.5,43.2,
묵1동,중랑구,행정동,37.61585455757099,127.08309874273178,오피스텔,월세,28,보통,해당지역,,,,3000.0,,,45.5,17.8,15.9,19.4,
묵1동,중랑구,행정동,37.61585455757099,127.08309874273178,단독다가구,전세,86,높음,법정동,,,,13000.0,7625.0,18000.0,,37.2,30.0,62.2,318.25
묵1동,중랑구,행정동,37.61585455757099,127.08309874273178,아파트,전세,197,높음,해당지역,,,,40000.0,29654.0,61950.0,,60.0,59.8,96.4,577.309
묵1동,중랑구,행정동,37.61585455757099,127.08309874273178,연립다세대,전세,68,높음,해당지역,,,,20330.0,16887.5,24925.0,,42.3,29.9,57.4,506.537
묵1동,중랑구,행정동,37.61585455757099,127.08309874273178,오피스텔,전세,428,높음,자치구,,,,24000.0,18000.0,37800.0,,34.2,21.6,61.9,665.888
묵2동,중랑구,행정동,37.61009397071052,127.0752924129714,단독다가구,매매,109,높음,자치구,77000.0,59750.0,105000.0,,,,,180.3,143.0,228.0,425.783
묵2동,중랑구,행정동,37.61009397071052,127.0752924129714,아파트,매매,34,높음,해당지역,70250.0,56125.0,78275.0,,,,,84.1,59.6,85.0,863.695
묵2동,중랑구,행정동,37.61009397071052,127.0752924129714,연립다세대,매매,111,높음,해당지역,27500.0,24000.0,34150.0,,,,,39.3,28.8,48.9,777.548
묵2동,중랑구,행정동,37.61009397071052,127.0752924129714,오피스텔,매매,112,높음,자치구,34495.5,15975.0,45968.0,,,,,36.3,27.5,45.7,770.305
묵2동,중랑구,행정동,37.61009397071052,127.0752924129714,단독다가구,월세,434,높음,법정동,,,,1000.0,,,45.0,32.0,21.2,43.5,
묵2동,중랑구,행정동,37.61009397071052,127.0752924129714,아파트,월세,21,보통,해당지역,,,,9500.0,,,70.0,50.2,47.1,83.5,
묵2동,중랑구,행정동,37.61009397071052,127.0752924129714,연립다세대,월세,82,높음,해당지역,,,,6888.0,,,40.0,29.7,26.5,41.4,
묵2동,중랑구,행정동,37.61009397071052,127.0752924129714,오피스텔,월세,28,보통,법정동,,,,3000.0,,,45.5,17.8,15.9,19.4,
묵2동,중랑구,행정동,37.61009397071052,127.0752924129714,단독다가구,전세,86,높음,법정동,,,,13000.0,7625.0,18000.0,,37.2,30.0,62.2,318.25
묵2동,중랑구,행정동,37.61009397071052,127.0752924129714,아파트,전세,31,높음,해당지역,,,,45000.0,31591.5,56000.0,,84.1,59.6,85.0,637.689
묵2동,중랑구,행정동,37.61009397071052,127.0752924129714,연립다세대,전세,56,높음,해당지역,,,,20700.0,17467.5,24000.0,,30.0,27.1,48.5,556.785
묵2동,중랑구,행정동,37.61009397071052,127.0752924129714,오피스텔,전세,428,높음,자치구,,,,24000.0,18000.0,37800.0,,34.2,21.6,61.9,665.888
상봉1동,중랑구,행정동,37.59921672781181,127.08760814280437,단독다가구,매매,17,보통,법정동,81000.0,68000.0,100000.0,,,,,153.8,65.0,191.8,552.981
상봉1동,중랑구,행정동,37.59921672781181,127.08760814280437,아파트,매매,141,높음,해당지역,74000.0,65500.0,82000.0,,,,,84.6,68.1,85.0,983.558
상봉1동,중랑구,행정동,37.59921672781181,127.08760814280437,연립다세대,매매,46,높음,해당지역,33750.0,25500.0,37750.0,,,,,42.9,30.4,57.2,678.304
상봉1동,중랑구,행정동,37.59921672781181,127.08760814280437,오피스텔,매매,56,높음,법정동,35650.0,32875.0,46057.0,,,,,36.3,31.0,37.9,1251.322
상봉1동,중랑구,행정동,37.59921672781181,127.08760814280437,단독다가구,월세,325,높음,법정동,,,,1000.0,,,50.0,30.1,24.0,42.7,
상봉1동,중랑구,행정동,37.59921672781181,127.08760814280437,아파트,월세,149,높음,해당지역,,,,14000.0,,,58.0,36.6,30.0,68.1,
상봉1동,중랑구,행정동,37.59921672781181,127.08760814280437,연립다세대,월세,61,높음,해당지역,,,,10000.0,,,35.0,35.7,29.1,54.5,
상봉1동,중랑구,행정동,37.59921672781181,127.08760814280437,오피스텔,월세,217,높음,법정동,,,,5000.0,,,61.0,29.8,22.1,36.3,
상봉1동,중랑구,행정동,37.59921672781181,127.08760814280437,단독다가구,전세,55,높음,법정동,,,,13000.0,9750.0,20000.0,,41.7,30.0,62.7,361.111
상봉1동,중랑구,행정동,37.59921672781181,127.08760814280437,아파트,전세,111,높음,해당지역,,,,45000.0,39625.0,52500.0,,84.6,68.1,85.0,592.593
상봉1동,중랑구,행정동,37.59921672781181,127.08760814280437,연립다세대,전세,48,높음,해당지역,,,,22500.0,20000.0,25200.0,,42.9,29.8,56.7,542.789
상봉1동,중랑구,행정동,37.59921672781181,127.08760814280437,오피스텔,전세,99,높음,법정동,,,,20000.0,17925.0,33300.0,,29.9,22.7,45.6,742.084
상봉2동,중랑구,행정동,37.59459147231497,127.08585711619621,단독다가구,매매,17,보통,법정동,81000.0,68000.0,100000.0,,,,,153.8,65.0,191.8,552.981
상봉2동,중랑구,행정동,37.59459147231497,127.08585711619621,아파트,매매,51,높음,해당지역,57500.0,24850.0,92000.0,,,,,81.0,23.8,85.0,932.424
상봉2동,중랑구,행정동,37.59459147231497,127.08585711619621,연립다세대,매매,112,높음,해당지역,31000.0,26225.0,38000.0,,,,,30.1,27.3,47.7,953.435
상봉2동,중랑구,행정동,37.59459147231497,127.08585711619621,오피스텔,매매,55,높음,해당지역,36400.0,33534.0,46114.0,,,,,36.3,32.5,38.2,1251.322
상봉2동,중랑구,행정동,37.59459147231497,127.08585711619621,단독다가구,월세,325,높음,법정동,,,,1000.0,,,50.0,30.1,24.0,42.7,
상봉2동,중랑구,행정동,37.59459147231497,127.08585711619621,아파트,월세,493,높음,해당지역,,,,9500.0,,,55.0,24.0,18.0,24.0,
상봉2동,중랑구,행정동,37.59459147231497,127.08585711619621,연립다세대,월세,290,높음,해당지역,,,,13450.0,,,28.5,27.2,16.8,33.1,
상봉2동,중랑구,행정동,37.59459147231497,127.08585711619621,오피스텔,월세,215,높음,해당지역,,,,5000.0,,,61.0,29.8,22.1,36.8,
상봉2동,중랑구,행정동,37.59459147231497,127.08585711619621,단독다가구,전세,55,높음,법정동,,,,13000.0,9750.0,20000.0,,41.7,30.0,62.7,361.111
상봉2동,중랑구,행정동,37.59459147231497,127.08585711619621,아파트,전세,36,높음,해당지역,,,,45600.0,24925.0,55000.0,,84.6,35.2,93.0,626.167
상봉2동,중랑구,행정동,37.59459147231497,127.08585711619621,연립다세대,전세,115,높음,해당지역,,,,22050.0,19000.0,26000.0,,29.1,21.2,31.2,834.128
상봉2동,중랑구,행정동,37.59459147231497,127.08585711619621,오피스텔,전세,97,높음,해당지역,,,,20000.0,18000.0,33600.0,,31.7,23.3,45.6,733.366
신내1동,중랑구,행정동,37.61287818568327,127.10443176919561,단독다가구,매매,109,높음,자치구,77000.0,59750.0,105000.0,,,,,180.3,143.0,228.0,425.783
신내1동,중랑구,행정동,37.61287818568327,127.10443176919561,아파트,매매,258,높음,해당지역,65000.0,53850.0,75000.0,,,,,84.4,59.8,84.9,853.085
신내1동,중랑구,행정동,37.61287818568327,127.10443176919561,연립다세대,매매,45,높음,해당지역,30000.0,24900.0,38000.0,,,,,46.6,37.9,55.4,672.892
신내1동,중랑구,행정동,37.61287818568327,127.10443176919561,오피스텔,매매,13,보통,법정동,15900.0,15000.0,19850.0,,,,,35.1,29.9,36.7,446.477
신내1동,중랑구,행정동,37.61287818568327,127.10443176919561,단독다가구,월세,48,높음,법정동,,,,1000.0,,,40.0,49.5,29.5,157.0,
신내1동,중랑구,행정동,37.61287818568327,127.10443176919561,아파트,월세,491,높음,해당지역,,,,5854.0,,,27.0,49.7,39.9,59.6,
신내1동,중랑구,행정동,37.61287818568327,127.10443176919561,연립다세대,월세,28,보통,해당지역,,,,11700.0,,,29.0,43.5,30.9,59.1,
신내1동,중랑구,행정동,37.61287818568327,127.10443176919561,오피스텔,월세,27,보통,해당지역,,,,3000.0,,,85.0,29.9,27.8,33.7,
신내1동,중랑구,행정동,37.61287818568327,127.10443176919561,단독다가구,전세,14,보통,법정동,,,,13000.0,8250.0,15952.5,,40.2,34.2,104.8,283.943
신내1동,중랑구,행정동,37.61287818568327,127.10443176919561,아파트,전세,551,높음,해당지역,,,,26365.0,15446.0,34864.0,,60.0,59.6,85.0,259.64
신내1동,중랑구,행정동,37.61287818568327,127.10443176919561,연립다세대,전세,37,높음,해당지역,,,,21000.0,17000.0,23100.0,,47.5,24.7,54.3,539.234
신내1동,중랑구,행정동,37.61287818568327,127.10443176919561,오피스텔,전세,37,높음,해당지역,,,,23000.0,20000.0,24000.0,,29.9,27.8,33.7,735.786
신내2동,중랑구,행정동,37.61217641489567,127.09343715709336,단독다가구,매매,109,높음,자치구,77000.0,59750.0,105000.0,,,,,180.3,143.0,228.0,425.783
신내2동,중랑구,행정동,37.61217641489567,127.09343715709336,아파트,매매,292,높음,해당지역,56000.0,43825.0,65000.0,,,,,49.9,39.8,74.2,958.409
신내2동,중랑구,행정동,37.61217641489567,127.09343715709336,연립다세대,매매,45,높음,법정동,30000.0,24900.0,38000.0,,,,,46.6,37.9,55.4,672.892
신내2동,중랑구,행정동,37.61217641489567,127.09343715709336,오피스텔,매매,13,보통,법정동,15900.0,15000.0,19850.0,,,,,35.1,29.9,36.7,446.477
신내2동,중랑구,행정동,37.61217641489567,127.09343715709336,단독다가구,월세,48,높음,법정동,,,,1000.0,,,40.0,49.5,29.5,157.0,
신내2동,중랑구,행정동,37.61217641489567,127.09343715709336,아파트,월세,177,높음,해당지역,,,,3000.0,,,72.0,39.8,39.6,49.9,
신내2동,중랑구,행정동,37.61217641489567,127.09343715709336,연립다세대,월세,28,보통,법정동,,,,11700.0,,,29.0,43.5,30.9,59.1,
신내2동,중랑구,행정동,37.61217641489567,127.09343715709336,오피스텔,월세,41,높음,해당지역,,,,1000.0,,,60.0,35.1,21.6,35.1,
신내2동,중랑구,행정동,37.61217641489567,127.09343715709336,단독다가구,전세,14,보통,법정동,,,,13000.0,8250.0,15952.5,,40.2,34.2,104.8,283.943
신내2동,중랑구,행정동,37.61217641489567,127.09343715709336,아파트,전세,213,높음,해당지역,,,,29000.0,23000.0,38800.0,,49.8,39.8,74.2,577.309
신내2동,중랑구,행정동,37.61217641489567,127.09343715709336,연립다세대,전세,37,높음,법정동,,,,21000.0,17000.0,23100.0,,47.5,24.7,54.3,539.234
신내2동,중랑구,행정동,37.61217641489567,127.09343715709336,오피스텔,전세,40,높음,법정동,,,,22000.0,20000.0,24000.0,,29.9,27.8,33.7,722.718
중화1동,중랑구,행정동,37.60075827011226,127.0821374527711,단독다가구,매매,15,보통,법정동,83900.0,65000.0,104500.0,,,,,199.1,178.9,220.6,400.35
중화1동,중랑구,행정동,37.60075827011226,127.0821374527711,아파트,매매,84,높음,해당지역,82500.0,70950.0,86200.0,,,,,59.8,59.8,84.0,1303.605
중화1동,중랑구,행정동,37.60075827011226,127.0821374527711,연립다세대,매매,97,높음,해당지역,31700.0,23500.0,47100.0,,,,,49.1,38.6,59.5,777.882
중화1동,중랑구,행정동,37.60075827011226,127.0821374527711,오피스텔,매매,112,높음,자치구,34495.5,15975.0,45968.0,,,,,36.3,27.5,45.7,770.305
중화1동,중랑구,행정동,37.60075827011226,127.0821374527711,단독다가구,월세,565,높음,법정동,,,,1000.0,,,45.0,33.0,25.0,46.0,
중화1동,중랑구,행정동,37.60075827011226,127.0821374527711,아파트,월세,30,높음,해당지역,,,,10000.0,,,95.0,59.8,50.4,84.0,
중화1동,중랑구,행정동,37.60075827011226,127.0821374527711,연립다세대,월세,122,높음,해당지역,,,,4965.0,,,41.0,42.4,29.6,47.7,
중화1동,중랑구,행정동,37.60075827011226,127.0821374527711,오피스텔,월세,41,높음,법정동,,,,1000.0,,,60.0,22.2,16.7,22.2,
중화1동,중랑구,행정동,37.60075827011226,127.0821374527711,단독다가구,전세,100,높음,법정동,,,,13000.0,8875.0,17000.0,,37.5,30.0,51.7,321.282
중화1동,중랑구,행정동,37.60075827011226,127.0821374527711,아파트,전세,61,높음,해당지역,,,,44000.0,38000.0,47250.0,,59.8,59.8,84.0,669.344
중화1동,중랑구,행정동,37.60075827011226,127.0821374527711,연립다세대,전세,56,높음,해당지역,,,,21665.5,18000.0,25075.0,,45.0,33.8,54.1,472.205
중화1동,중랑구,행정동,37.60075827011226,127.0821374527711,오피스텔,전세,428,높음,자치구,,,,24000.0,18000.0,37800.0,,34.2,21.6,61.9,665.888
중화2동,중랑구,행정동,37.59871400146037,127.07550257817385,단독다가구,매매,15,보통,법정동,83900.0,65000.0,104500.0,,,,,199.1,178.9,220.6,400.35
중화2동,중랑구,행정동,37.59871400146037,127.07550257817385,아파트,매매,23,보통,해당지역,71500.0,66350.0,78750.0,,,,,84.5,60.0,84.8,848.057
중화2동,중랑구,행정동,37.59871400146037,127.07550257817385,연립다세대,매매,111,높음,해당지역,32500.0,27500.0,40850.0,,,,,37.5,29.6,46.7,950.888
중화2동,중랑구,행정동,37.59871400146037,127.07550257817385,오피스텔,매매,112,높음,자치구,34495.5,15975.0,45968.0,,,,,36.3,27.5,45.7,770.305
중화2동,중랑구,행정동,37.59871400146037,127.07550257817385,단독다가구,월세,565,높음,법정동,,,,1000.0,,,45.0,33.0,25.0,46.0,
중화2동,중랑구,행정동,37.59871400146037,127.07550257817385,아파트,월세,31,높음,해당지역,,,,2000.0,,,60.0,17.9,17.9,80.1,
중화2동,중랑구,행정동,37.59871400146037,127.07550257817385,연립다세대,월세,170,높음,해당지역,,,,5000.0,,,35.0,29.9,28.8,44.3,
중화2동,중랑구,행정동,37.59871400146037,127.07550257817385,오피스텔,월세,35,높음,해당지역,,,,1000.0,,,60.0,22.2,16.7,22.2,
중화2동,중랑구,행정동,37.59871400146037,127.07550257817385,단독다가구,전세,100,높음,법정동,,,,13000.0,8875.0,17000.0,,37.5,30.0,51.7,321.282
중화2동,중랑구,행정동,37.59871400146037,127.07550257817385,아파트,전세,20,보통,해당지역,,,,51000.0,44250.0,63454.5,,84.7,83.1,84.9,601.754
중화2동,중랑구,행정동,37.59871400146037,127.07550257817385,연립다세대,전세,173,높음,해당지역,,,,22100.0,18900.0,25500.0,,29.7,28.1,40.5,723.851
중화2동,중랑구,행정동,37.59871400146037,127.07550257817385,오피스텔,전세,428,높음,자치구,,,,24000.0,18000.0,37800.0,,34.2,21.6,61.9,665.888
